あいが	愛雅
あいき	愛葵
あいき	愛喜
あいき	愛基
あいき	愛希
あいき	愛稀
あいき	愛紀
あいき	愛貴
あいき	愛輝
あいき	愛騎
あいき	愛樹
あいき	愛生
あいき	愛絆
あいき	藍葵
あいき	藍希
あいく	亜郁
あいく	愛育
あいく	愛郁
あいく	愛久
あいく	愛玖
あいく	愛空
あいく	愛来
あいく	藍玖
あいく	藍空
あいじ	亜依慈
あいじ	愛慈
あいじ	愛次
あいじ	愛路
あいと	愛永
あいと	愛音
あいと	愛叶
あいと	愛生斗
あいと	愛斗
あいと	愛登
あいと	愛都
あいと	愛翔
あいと	藍都
あいま	愛真
あいま	藍真
あお	アオ
あお	亜央
あお	亜生
あお	亜麻
あお	亜雄
あお	愛央
あお	愛緒
あお	愛生
あお	愛大
あお	愛和
あお	愛凰
あお	逢央
あお	逢生
あお	葵
あお	葵央
あお	葵音
あお	葵桜
あお	空央
あお	空音
あお	空桜
あお	空緒
あお	空和
あお	彩桜
あお	彩生
あお	彩和
あお	青
あお	蒼
あお	蒼央
あお	蒼生
あお	碧
あお	明央
あお	明緒
あお	有央
あおい	亜央衣
あおい	亜桜依
あおい	亜桜衣
あおい	亜生
あおい	亜生衣
あおい	亜穂衣
あおい	亜麻依
あおい	阿緒衣
あおい	阿生
あおい	阿保井
あおい	愛葵
あおい	愛央以
あおい	愛央依
あおい	愛央衣
あおい	愛桜依
あおい	愛緒依
あおい	愛緒生
あおい	愛織姫
あおい	愛生
あおい	逢生
あおい	葵
あおい	葵以
あおい	葵伊
あおい	葵依
あおい	葵惟
あおい	葵意
あおい	葵維
あおい	葵衣
あおい	葵井
あおい	葵郁
あおい	葵花
あおい	葵海
あおい	葵祈
あおい	葵生
あおい	葵蒼碧
あおい	葵唯
あおい	葵已
あおい	粟生生
あおい	安央依
あおい	安央維
あおい	安緒衣
あおい	安生衣
あおい	杏桜衣
あおい	杏桜生
あおい	仰依
あおい	仰衣
あおい	紺
あおい	彩生
あおい	翠泉
あおい	晴
あおい	青以
あおい	青伊
あおい	青依
あおい	青維
あおい	青衣
あおい	青彩
あおい	青生
あおい	青泉
あおい	扇衣
あおい	葬
あおい	蒼
あおい	蒼以
あおい	蒼伊
あおい	蒼依
あおい	蒼偉
あおい	蒼惟
あおい	蒼衣
あおい	蒼海
あおい	蒼空
あおい	蒼彩
あおい	蒼生
あおい	蒼唯
あおい	暖穂生
あおい	文生伊
あおい	碧
あおい	碧以
あおい	碧伊
あおい	碧依
あおい	碧偉
あおい	碧夷
あおい	碧惟
あおい	碧維
あおい	碧衣
あおい	碧郁
あおい	碧音
あおい	碧海
あおい	碧莞
あおい	碧祈
あおい	碧泉
あおい	碧唯
あおい	碧已
あおい	碧苺
あおい	歩緒生
あおい	明桜衣
あおい	明緒衣
あおい	有桜生
あおい	藍
あおい	藍生
あおき	青葵
あおき	蒼希
あおき	蒼輝
あおき	蒼樹
あおき	碧希
あおし	葵紫
あおし	蒼志
あおし	蒼紫
あおぞら	青空
あおぞら	蒼空
あおぞら	碧空
あおと	愛音
あおと	葵斗
あおと	葵都
あおと	蒼都
あおと	蒼翔
あおと	碧都
あおば	葵羽
あおば	葵生
あおば	葵巴
あおば	葵波
あおば	葵芭
あおば	葵葉
あおば	青羽
あおば	青波
あおば	青芭
あおば	青葉
あおば	蒼羽
あおば	蒼波
あおば	蒼芭
あおば	蒼葉
あおば	碧羽
あおば	碧映
あおば	碧巴
あおば	碧波
あおば	碧芭
あおば	碧葉
あかし	証
あかし	灯
あき	亜希
あき	亜季
あき	亜稀
あき	亜記
あき	亜貴
あき	亜輝
あき	亜樹
あき	愛輝
あき	愛樹
あき	旭
あき	安喜
あき	安希
あき	安紀
あき	安芸
あき	瑛
あき	旺
あき	輝
あき	暁
あき	空葵
あき	空希
あき	空輝
あき	吾紀
あき	吾貴
あき	吾樹
あき	光
あき	彩希
あき	彩輝
あき	彩樹
あき	彩来
あき	秋
あき	彰
あき	晶
あき	章
あき	成
あき	誠
あき	彬
あき	明
あき	明葵
あき	明希
あき	明稀
あき	明輝
あき	明生
あき	陽
あき	璃
あき	諒
あき	玲
あき	朗
あき	晄
あき	煌
あきお	暁緒
あきお	燦緒
あきお	秋桜
あきお	秋穂
あきと	秋音
あきなり	朗成
あきひ	晶陽
あきひ	明陽
あきふみ	秋史
あきら	あきら
あきら	アキラ
あきら	亜葵羅
あきら	亜希良
あきら	亜晃
あきら	亜樹良
あきら	亜煌
あきら	愛貴羅
あきら	愛煌
あきら	旭
あきら	旭良
あきら	叡
あきら	映
あきら	映良
あきら	瑛
あきら	瑛羅
あきら	瑛良
あきら	英
あきら	央
あきら	希
あきら	輝
あきら	亨
あきら	暁
あきら	空煌
あきら	啓
あきら	慧
あきら	光
あきら	晃
あきら	彩煌
あきら	燦
あきら	賛
あきら	秋桜
あきら	秋羅
あきら	秋来
あきら	秋良
あきら	曙
あきら	昭良
あきら	晶
あきら	晶良
あきら	翠
あきら	聖
あきら	爽楽
あきら	爽良
あきら	聡
あきら	諦楽
あきら	彬
あきら	彬良
あきら	明
あきら	明楽
あきら	明来
あきら	明良
あきら	明樂
あきら	明煌
あきら	陽
あきら	亮
あきら	亮良
あきら	瞭
あきら	玲
あきら	礼
あきら	麗
あきら	朗良
あきら	惺
あきら	晄
あきら	暉
あくあ	愛久歩
あくあ	愛空
あくあ	安久亜
あくあ	青空愛
あくあ	蒼玖歩
あくあ	明空
あくあ	亞愛
あさき	亜咲
あさき	朝葵
あさき	朝喜
あさき	朝希
あさき	朝稀
あさき	朝輝
あさき	朝生
あさき	麻稀
あさき	麻紀
あさぎ	麻樹
あさと	亜里
あさと	亜怜
あさと	阿里
あさと	愛怜
あさと	旭翔
あさと	安里
あさと	朝渡
あさと	朝登
あさと	朝都
あさと	麻登
あさと	麻都
あさは	朝葉
あさひ	あさ陽
あさひ	亜沙陽
あさひ	亜紗陽
あさひ	愛佐日
あさひ	愛沙陽
あさひ	愛咲陽
あさひ	旭
あさひ	旭輝
あさひ	旭光
あさひ	旭日
あさひ	旭桧
あさひ	旭姫
あさひ	旭陽
あさひ	安咲陽
あさひ	空咲陽
あさひ	浅燈
あさひ	浅緋
あさひ	旦灯
あさひ	旦陽
あさひ	朝火
あさひ	朝輝
あさひ	朝菊
あさひ	朝光
あさひ	朝春
あさひ	朝灯
あさひ	朝日
あさひ	朝妃
あさひ	朝比
あさひ	朝緋
あさひ	朝飛
あさひ	朝柊
あさひ	朝姫
あさひ	朝陽
あさひ	麻冴
あさひ	麻仁
あさひ	麻日
あさひ	麻比
あさひ	麻緋
あさひ	麻柊
あさひ	麻陽
あさひ	明彩日
あさひ	明咲日
あさひ	明咲陽
あさひ	諒飛
あさひ	諒陽
あした	明日
あしたか	葭鷹
あしゅ	亜珠
あす	明日
あすか	亜朱加
あすか	亜須加
あすか	阿須加
あすか	朱鳥
あすか	飛鳥
あすか	未来翔
あすか	明日佳
あすか	明日加
あすか	明日可
あすか	明日嘉
あすか	明日夏
あすか	明日歌
あすか	明日花
あすか	明日華
あすか	明日賀
あすか	明日雅
あすか	明日香
あすか	明日奏
あすか	明日翔
あずま	梓真
あずま	梓眞
あせい	亜星
あせい	亜聖
あせい	亞聖
あつき	亜月
あつき	阿月
あつき	愛月
あつき	貴己
あつき	空月
あつき	淳喜
あつき	淳希
あつき	淳紀
あつき	淳貴
あつき	淳輝
あつき	淳樹
あつき	淳生
あつき	純希
あつき	蒼月
あつき	暖月
あつき	篤希
あつき	篤樹
あつき	敦基
あつき	敦希
あつき	敦稀
あつき	敦規
あつき	敦貴
あつき	敦己
あつき	碧月
あつき	藍月
あつし	敦史
あつし	敦志
あづき	天月
あまと	天翔
あまね	雨音
あまね	海音
あまね	周
あまね	周音
あまね	天音
あまね	天祢
あまね	天寧
あまね	天嶺
あまね	普
あまね	弥
あむ	亜夢
あむ	阿夢
あむ	愛夢
あむ	逢夢
あむ	明夢
あむろ	愛夢路
あもん	愛紋
あやお	綾音
あやき	絢稀
あやき	綾希
あやき	郁貴
あやき	郁輝
あやき	郁樹
あやき	彩希
あやき	彩季
あやき	彩貴
あやき	彩輝
あやき	文貴
あやと	絢登
あやと	絢飛
あやと	綾登
あやと	彩音
あやと	彩登
あやと	彩都
あゆき	歩希
あゆき	歩季
あゆき	歩貴
あゆき	歩生
あゆと	歩采
あゆと	歩斗
あゆむ	步
あゆむ	渉
あゆむ	渉夢
あゆむ	歩
あゆむ	歩結
あゆむ	歩睦
あゆむ	歩夢
あゆむ	夢
あらし	新詩
あらた	新
あらた	新太
あらん	亜嵐
あらん	亜欄
あらん	亜藍
あらん	亜蘭
あらん	阿蘭
あらん	愛蘭
あらん	雅欄
あらん	空藍
あらん	空蘭
あらん	彩蘭
あり	在
あり	有
ある	亜流
ある	亜留
ある	亜瑠
ある	愛琉
ある	空琉
ある	有
あると	亜瑠翔
あると	歩音
あると	歩斗
あると	有翔
あるま	有真
あれん	亜怜
あれん	亜恋
あれん	亜蓮
あれん	愛怜
あれん	愛恋
あれん	愛蓮
あれん	愛連
あれん	安恋
あれん	杏恋
あれん	杏蓮
あれん	空蓮
あれん	彩怜
あれん	彩蓮
あれん	明蓮
あれん	明連
あろは	亜呂波
あろは	有葉
あんじ	安紫
あんじ	杏慈
あんじ	晏慈
あんり	安利
あんり	安李
あんり	安理
あんり	安里
あんり	安莉
あんり	庵利
あんり	庵吏
あんり	庵李
あんり	杏利
あんり	杏吏
あんり	杏李
あんり	杏梨
あんり	杏理
あんり	杏璃
あんり	杏里
あんり	杏俐
あんり	杏莉
あんり	空纚
あんり	晏理
あんり	晏里
いあん	依杏
いお	庵
いお	伊央
いお	伊音
いお	伊緒
いお	伊織
いお	伊生
いお	依央
いお	惟央
いお	衣緒
いお	一音
いお	一桜
いお	唯央
いお	唯緒
いおり	庵
いおり	庵利
いおり	庵理
いおり	庵里
いおり	伊央理
いおり	伊央里
いおり	伊緒利
いおり	伊緒梨
いおり	伊緒理
いおり	伊織
いおり	伊織里
いおり	伊折
いおり	依央理
いおり	依央里
いおり	依緒理
いおり	依織
いおり	依栞
いおり	偉織
いおり	惟央里
いおり	惟織
いおり	維央吏
いおり	維織
いおり	維栞
いおり	衣緒理
いおり	衣織
いおり	一央莉
いおり	一桜里
いおり	一緒理
いおり	一織
いおり	祈織
いおり	五百里
いおり	彩織
いおり	糸織
いおり	生織
いおり	泉織
いおり	唯央莉
いおり	唯織
いおり	友士琉
いおり	李桜莉
いおり	李織
いおり	倭織
いおり	已織
いおん	伊隠
いおん	伊音
いおん	偉音
いおん	衣音
いく	伊玖
いく	衣玖
いく	育
いく	郁
いく	幾
いく	行
いく	生
いく	生空
いくお	育央
いくお	育緒
いこい	憩
いさ	伊佐
いさ	衣砂
いさき	伊咲
いさき	勇貴
いさな	依真
いさな	勇魚
いさな	勇渚
いさな	勇那
いさみ	伊佐美
いさみ	勲美
いさみ	功美
いさみ	勇
いさみ	勇海
いさみ	勇実
いさみ	勇美
いしん	葦心
いずほ	出穂
いずほ	泉帆
いずみ	伊純
いずみ	伊澄
いずみ	伊津美
いずみ	伊豆実
いずみ	伊豆美
いずみ	依純
いずみ	依澄
いずみ	維澄
いずみ	衣純
いずみ	衣澄
いずみ	一純
いずみ	一澄
いずみ	五巳
いずみ	出海
いずみ	出美
いずみ	泉
いずみ	泉海
いずみ	泉見
いずみ	泉己
いずみ	泉実
いずみ	泉水
いずみ	泉澄
いずみ	泉巳
いずみ	唯純
いずみ	和泉
いちと	一斗
いちと	一翔
いっさ	一咲
いっさ	一茶
いっしん	一心
いっせい	一世
いっせい	一聖
いっぽ	一歩
いつか	逸佳
いつき	伊月
いつき	依月
いつき	夷月
いつき	惟月
いつき	維月
いつき	衣月
いつき	衣津紀
いつき	一葵
いつき	一嬉
いつき	一希
いつき	一季
いつき	一稀
いつき	一紀
いつき	一輝
いつき	一月
いつき	一樹
いつき	一生
いつき	一綺
いつき	逸希
いつき	逸季
いつき	逸稀
いつき	逸紀
いつき	逸記
いつき	逸貴
いつき	逸輝
いつき	逸樹
いつき	逸姫
いつき	乙葵
いつき	乙希
いつき	乙稀
いつき	乙紀
いつき	乙樹
いつき	五喜
いつき	五紀
いつき	五貴
いつき	五月
いつき	五生
いつき	伍葵
いつき	伍紀
いつき	伍月
いつき	伍姫
いつき	済
いつき	斎
いつき	慈稀
いつき	慈貴
いつき	樹
いつき	樹葵
いつき	樹希
いつき	樹季
いつき	樹紀
いつき	生月
いつき	泉月
いつき	唯月
いつき	稜基
いつき	稜稀
いつき	稜己
いつは	一葉
いつは	逸葉
いつは	五葉
いつほ	逸穂
いづる	伊弦
いづる	伊鶴
いづる	依弦
いづる	維弦
いづる	維鶴
いのり	依典
いのり	祈
いのり	祈李
いのり	祈梨
いのり	祷
いのり	祷李
いふう	威風
いふう	彩風
いぶ	伊武
いぶき	伊吹
いぶき	伊吹樹
いぶき	伊葺
いぶき	伊歩希
いぶき	伊颯
いぶき	依吹
いぶき	依蕗
いぶき	惟吹
いぶき	維吹
いぶき	衣吹
いぶき	一吹
いぶき	一蕗
いぶき	一歩希
いぶき	一颯
いぶき	芽吹
いぶき	彩吹
いぶき	生吹
いぶき	泉吹
いぶき	息吹
いぶき	夢希
いぶき	颯
うきょう	羽杏
うしお	汐
うしお	潮
うた	宇多
うた	羽多
うた	羽太
うた	羽汰
うた	羽泰
うた	唄
うた	詠
うた	歌
うた	雅楽
うた	吟
うた	詩
うた	佑多
うた	佑汰
うた	優汰
うみ	宇海
うみ	羽海
うみ	羽観
うみ	羽珠
うみ	雲海
うみ	海
うみ	海生
うみ	胡海
うみ	蒔実
うみ	生深
うみ	生望
うみ	碧海
うみ	佑海
うみ	佑心
うみ	佑望
うみ	優海
うみ	憂海
うみ	洋
うみ	侑海
うみお	海央
うみお	海生
うるは	潤羽
うるは	潤巴
うるは	麗
うるは	麗羽
えい	映
えい	永
えい	泳
えい	瑛
えい	英
えい	詠
えいいち	英一
えいき	栄輝
えいじ	瑛治
えいち	叡智
えいと	永都
えいと	英音
えいる	瑛琉
えいる	英琉
えいる	英瑠
えいる	詠瑠
おうが	桜芽
おうが	桜雅
おうじ	桜侍
おうじ	桜慈
おうせい	桜成
おうせい	桜星
おうた	桜詩
おうま	桜舞
おうら	桜羅
おうら	桜蘭
おうら	桜良
おうら	凰羅
おおぞら	大空
おさむ	治
おさむ	理
おと	愛都
おと	韻
おと	央采
おと	央斗
おと	央都
おと	乙
おと	乙音
おと	乙翔
おと	音
おと	音采
おと	音斗
おと	音都
おと	音橙
おと	音翔
おと	響
おと	絃百
おと	桜音
おと	桜都
おと	桜翔
おと	竣音
おと	緒仁
おと	緒斗
おと	緒杜
おと	緒都
おと	織都
おと	律
おと	和音
おと	和采
おと	和杜
おとや	乙矢
かい	佳以
かい	佳伊
かい	佳依
かい	佳衣
かい	加依
かい	加衣
かい	嘉惟
かい	夏依
かい	夏惟
かい	夏維
かい	夏衣
かい	禾唯
かい	花依
かい	花衣
かい	華依
かい	華衣
かい	会
かい	快
かい	懐
かい	海
かい	海唯
かい	絵
かい	貝
かい	圭依
かい	甲斐
かい	香依
かい	香衣
かい	櫂
かいあ	快空
かいあ	海亜
かいあ	海杏
かいあ	海空
かいあ	皆亜
かいせい	快晴
かいせい	快誠
かいと	夏弦
かいと	快都
かいと	海絃
かいと	青音
かいほ	海帆
かいや	海也
かいら	海羅
かいら	海来
かいら	海良
かいら	海來
かいり	加衣里
かいり	快李
かいり	快梨
かいり	快璃
かいり	快里
かいり	快凛
かいり	快莉
かいり	快凜
かいり	懐利
かいり	海浬
かいり	海李
かいり	海梨
かいり	海理
かいり	海璃
かいり	海里
かいり	海陸
かいり	海良
かいり	海鈴
かいり	海麗
かいり	海凛
かいり	海莉
かいり	海凜
かいり	絵梨
かいり	絵理
かいり	絵璃
かいり	絵里
かいり	開梨
かいり	開陸
かいり	浬
かいり	香衣理
かいり	桧李
かいり	桧璃
かいり	楷莉
かいり	櫂浬
かえで	佳楓
かえで	夏楓
かえで	楓
かおる	かおる
かおる	カオル
かおる	郁
かおる	佳織
かおる	加緒留
かおる	加織
かおる	加穂瑠
かおる	嘉織
かおる	夏織
かおる	花織
かおる	馨
かおる	薫風
かおる	薫流
かおる	薫留
かおる	薫瑠
かおる	香
かおる	香織
かおる	芳
かおる	芳流
かおる	芳瑠
かおん	加音
かおん	海音
かおん	香音
かがり	炬
かがり	篝
かぐら	神楽
かける	駆
かける	翔
かける	翔琉
かざほ	風帆
かすが	春日
かず	一
かず	佳寿
かず	夏寿
かず	和
かずあき	和昭
かずい	一生
かずい	和衣
かずお	和緒
かずき	かずき
かずき	一喜
かずき	一希
かずき	一季
かずき	一稀
かずき	一紀
かずき	一貴
かずき	一月
かずき	一樹
かずき	一綺
かずき	和葵
かずき	和喜
かずき	和嬉
かずき	和希
かずき	和季
かずき	和稀
かずき	和紀
かずき	和記
かずき	和貴
かずき	和輝
かずき	和月
かずき	和樹
かずき	和生
かずき	和姫
かずさ	一佐
かずさ	一沙
かずさ	一瑳
かずさ	一咲
かずさ	一紗
かずさ	一颯
かずさ	千沙
かずさ	和佐
かずさ	和沙
かずさ	和砂
かずさ	和咲
かずさ	和紗
かずさ	和颯
かずね	一音
かずね	一寧
かずね	万音
かずね	和音
かずね	和子
かずね	和寧
かずね	和嶺
かずは	一晴
かずは	一芭
かずは	一葉
かずは	一遥
かずは	万葉
かずは	和羽
かずは	和波
かずは	和芭
かずは	和葉
かずほ	一帆
かずほ	一保
かずほ	一歩
かずほ	一穂
かずほ	和畝
かずほ	和帆
かずほ	和歩
かずほ	和穂
かずま	和舞
かずみ	一海
かずみ	一見
かずみ	一実
かずみ	一心
かずみ	一水
かずみ	一生
かずみ	一美
かずみ	一望
かずみ	一未
かずみ	胤美
かずみ	佳純
かずみ	佳澄
かずみ	加寿美
かずみ	嘉済
かずみ	花澄
かずみ	紀美
かずみ	香樹実
かずみ	香住
かずみ	香純
かずみ	香澄
かずみ	寿美
かずみ	数美
かずみ	万美
かずみ	和海
かずみ	和観
かずみ	和見
かずみ	和三
かずみ	和実
かずみ	和水
かずみ	和泉
かずみ	和美
かずみ	和味
かずみ	和未
かずや	一也
かずよし	一慶
かつき	佳月
かつき	嘉月
かつき	花月
かつき	華月
かつき	香月
かつき	勝己
かつき	珈月
かつひろ	雄大
かつみ	加津美
かつみ	克己
かつみ	克実
かつみ	克美
かつみ	勝海
かつみ	勝実
かつみ	勝美
かつら	桂
かづき	郁月
かづき	榎月
かづき	佳月
かづき	加月
かづき	可月
かづき	嘉月
かづき	夏月
かづき	果月
かづき	架月
かづき	花月
かづき	華月
かづき	賀月
かづき	海月
かづき	馨月
かづき	樺月
かづき	香月
かづき	奏月
かづき	楓月
かづき	風月
かづき	和月
かなう	叶
かなう	叶羽
かなう	叶海
かなう	叶優
かなう	奏羽
かなう	奏生
かなた	かなた
かなた	可南丹
かなた	叶多
かなた	叶夢向
かなた	哉多
かなた	星空
かなた	奏多
かなた	奏汰
かなた	奏風
かなた	彼方
かなで	かなで
かなで	歌奏
かなで	花撫
かなで	叶奏
かなで	奏
かなで	奏音
かなで	奏出
かなで	和奏
かなと	叶音
かなと	叶人
かなと	叶飛
かなと	叶翔
かなと	哉翔
かなと	奏音
かなと	奏叶
かなと	奏十
かなと	奏斗
かなと	奏翔
かなむ	叶夢
かなむ	奏夢
かなめ	叶雨
かなめ	叶芽
かなめ	叶夢
かなめ	紀
かなめ	香奈愛
かなめ	最
かなめ	枢
かなめ	奏芽
かなめ	要
かなめ	要芽
かなる	叶琉
かなる	香成
かなる	奏瑠
かむい	神
かむい	神威
かん	幹
かん	環
かん	栞
きいち	葵一
きお	喜央
きお	希央
きお	希生
きお	季於
きお	季央
きお	季生
きお	紀生
きお	輝央
きお	輝音
きお	輝生
きお	騎央
きおり	希織
きずき	築
きずき	絆希
きずな	絆
きずな	緤
きせき	奇跡
きせき	希汐
きせき	希世紀
きせき	稀汐
きせき	稀夕
きせき	軌跡
きせき	輝汐
きせき	輝石
きせき	輝夕
きづき	希月
きづき	稀月
きなり	希成
きなり	希生
きなり	季成
きなり	樹生
きなり	生成
きはる	葵晴
きはる	葵悠
きはる	葵遥
きはる	葵陽
きはる	喜春
きはる	希春
きはる	希晴
きはる	希暖
きはる	希明
きはる	希悠
きはる	希遥
きはる	希陽
きはる	季晴
きはる	稀悠
きはる	貴春
きひろ	葵優
きひろ	希優
きひろ	輝優
きひろ	樹央
きょう	杏
きょう	馨
きょう	叶
きょう	亨
きょう	享
きょう	京
きょう	匡
きょう	喬
きょう	境
きょう	恭
きょう	教
きょう	郷
きょう	鏡
きょう	響
きょう	響生
きょう	饗
きょう	暁
きょう	慶
きょう	香
きょう	今日
きょう	夾
きょうま	恭真
きよし	淳
きらり	希星
きらり	晃俐
きらり	樹星
きらり	星里
きらり	煌莉
きらり	綺星
きらん	輝嵐
きらん	星蘭
きり	喜理
きり	希吏
きり	希理
きり	希莉
きり	季里
きり	稀李
きり	稀梨
きり	稀理
きり	稀里
きり	稀莉
きり	紀里
きり	輝璃
きり	桐
きり	樹里
きりあ	桐亜
きりん	麒麟
きるあ	樹琉愛
きわ	葵和
きわ	喜和
きわ	希和
きわ	季和
きわ	稀和
きわ	貴和
きわ	輝和
きわ	樹和
ぎん	銀
ぎん	誾
ぎんが	銀河
くう	空
くう	空羽
くう	空優
くう	紅羽
くう	来羽
くう	來羽
くうが	空雅
くうや	空哉
くおん	久園
くおん	久苑
くおん	久遠
くおん	久音
くおん	九音
くおん	玖園
くおん	玖苑
くおん	玖遠
くおん	玖穏
くおん	玖音
くおん	空音
くおん	公音
くおん	紅音
くるみ	栗美
くるみ	胡桃
くるみ	紅留美
くるみ	紅瑠美
くるみ	来未
くるみ	来弥
けい	けい
けい	佳
けい	馨
けい	希以
けい	希生
けい	希唯
けい	京
けい	啓
けい	啓伊
けい	啓依
けい	啓維
けい	啓衣
けい	圭
けい	圭威
けい	圭衣
けい	圭生
けい	珪
けい	契
けい	径
けい	恵
けい	恵生
けい	慶
けい	慶衣
けい	慧
けい	憩
けい	敬
けい	敬伊
けい	敬依
けい	敬維
けい	敬衣
けい	景
けい	桂
けい	渓
けい	継
けい	蛍
けい	奎
けい	惠
けい	憬
けい	螢
けいき	佳紀
けいき	恵喜
けいき	恵季
けいき	恵輝
けいき	慶樹
けいき	渓輝
けいし	圭紫
けいし	慧紫
けいしゅん	慶春
けいじゅ	恵樹
けいじゅ	桂樹
けいと	ケイト
けいと	佳音
けいと	佳叶
けいと	佳采
けいと	佳杜
けいと	佳都
けいと	馨都
けいと	京杜
けいと	京都
けいと	啓渡
けいと	啓登
けいと	啓都
けいと	圭音
けいと	圭十
けいと	圭登
けいと	圭都
けいと	恵愛
けいと	恵音
けいと	恵叶
けいと	恵采
けいと	恵人
けいと	恵斗
けいと	恵杜
けいと	恵登
けいと	恵都
けいと	恵翔
けいと	慶音
けいと	慶采
けいと	慶斗
けいと	慶登
けいと	慶都
けいと	慧音
けいと	慧斗
けいと	慧都
けいと	慧翔
けいと	敬渡
けいと	敬登
けいと	敬都
けいと	景音
けいと	景斗
けいと	景登
けいと	景都
けいと	景冬
けいと	桂叶
けいと	桂都
けいと	渓音
けいと	蛍斗
けいと	蛍都
けいと	蛍翔
けいと	結音
けいと	憬人
けいや	桂耶
けいん	稀音
けいん	慶音
けん	健
こあ	虎愛
こあ	虎空
こあ	瑚亜
こあ	瑚愛
こあ	瑚空
こあ	幸空
こあ	心綺
こあ	恋空
こあ	來空
こあ	琥亜
こあ	琥愛
こあ	琥空
こいき	小粋
こいき	心粋
こう	コウ
こう	杏
こう	湖羽
こう	湖優
こう	胡羽
こう	瑚羽
こう	倖
こう	光
こう	公
こう	向
こう	好
こう	宏
こう	幸
こう	幸羽
こう	広
こう	康
こう	恒
こう	昂
こう	江
こう	甲
こう	皇
こう	紅
こう	紘
こう	航
こう	香
こう	鴻
こう	皐
こう	虹
こう	虹羽
こう	凰
こう	昊
こう	晄
こう	洸
こう	滉
こう	煌
こう	琥羽
こうき	倖生
こうき	光希
こうき	光紀
こうき	幸希
こうき	昂希
こうき	皇輝
こうき	紅希
こうき	紅樹
こうき	紘輝
こうき	航暉
こうき	鋼樹
こうき	香妃
こうき	聖
こうき	昊輝
こうき	洸来
こうじゅ	光珠
こうは	幸葉
こうは	航羽
こころ	こころ
こころ	意
こころ	情
こころ	心
こころ	心良
こころ	心呂
こころ	心路
こころ	優想
こすも	宇宙
こはく	こはく
さかえ	さかえ
さかえ	栄
さかえ	榮
さんご	三五
さんご	燦冴
さんご	珊瑚
しいな	椎成
しいな	椎那
しいな	椎南
しいな	椎名
しお	史生
しお	志央
しお	志緒
しお	志麻
しお	紫央
しお	詩央
しお	詩音
しお	詩桜
しお	汐
しおん	しおん
しおん	梓恩
しおん	梓穏
しおん	梓音
しおん	幸穏
しおん	史苑
しおん	史遠
しおん	史恩
しおん	史温
しおん	史穏
しおん	史音
しおん	嗣恩
しおん	四音
しおん	士恩
しおん	始音
しおん	子恩
しおん	子温
しおん	志園
しおん	志苑
しおん	志遠
しおん	志恩
しおん	志温
しおん	志穏
しおん	志音
しおん	思恩
しおん	思温
しおん	獅音
しおん	祉恩
しおん	祉温
しおん	祉穏
しおん	祉音
しおん	糸苑
しおん	糸音
しおん	紫園
しおん	紫苑
しおん	紫遠
しおん	紫央
しおん	紫恩
しおん	紫温
しおん	紫穏
しおん	紫音
しおん	至恩
しおん	至音
しおん	詞音
しおん	詩苑
しおん	詩遠
しおん	詩恩
しおん	詩温
しおん	詩穏
しおん	詩音
しおん	誌恩
しおん	誌音
しおん	慈恩
しおん	慈温
しおん	慈穏
しおん	時音
しおん	汐穏
しおん	汐音
しおん	雫音
しおん	初音
しおん	織音
しおん	信音
しおん	心温
しおん	心穏
しおん	心音
しおん	真音
しおん	星穏
しおん	星音
しおん	知恩
しおん	知音
しおん	潮恩
しおん	潮音
しおん	柊音
しおん	巳音
しおん	栞音
しおん	栞鳳
しおん	翔音
しき	しき
しき	史希
しき	史季
しき	四季
しき	士葵
しき	士季
しき	志葵
しき	志喜
しき	志希
しき	志季
しき	志紀
しき	志貴
しき	志樹
しき	志生
しき	思希
しき	糸希
しき	紫葵
しき	紫喜
しき	紫希
しき	紫季
しき	紫稀
しき	紫紀
しき	紫貴
しき	紫己
しき	紫来
しき	紫來
しき	至紀
しき	詩葵
しき	詩喜
しき	詩希
しき	詩季
しき	詩稀
しき	詩生
しき	詩綺
しき	慈季
しき	式
しき	識
しき	識喜
しき	識紀
しき	織
しき	色
しき	心輝
しずき	穏季
しずき	静稀
しずき	静樹
しずき	寧喜
しずき	寧希
しずき	寧稀
しずき	寧生
しずく	しずく
しずく	穏空
しずく	雫
しずく	雫久
しずく	雫空
しずく	静空
しずく	滴
しずく	寧来
しずく	惺久
しずく	惺来
しずる	しずる
しずる	玄流
しずる	雫流
しずる	雫琉
しずる	雫瑠
しずる	静流
しずる	静琉
しずる	惺流
しずる	惺琉
しづき	しづき
しづき	梓月
しづき	史月
しづき	士月
しづき	姿月
しづき	志月
しづき	思月
しづき	紫月
しづき	至月
しづき	詞月
しづき	詩月
しづき	慈月
しづき	蒔月
しづき	汐月
しづき	雫月
しづき	栞月
しのぶ	しのぶ
しのぶ	司暢
しのぶ	志伸
しのぶ	志信
しのぶ	志暢
しのぶ	志乃舞
しのぶ	紫信
しのぶ	紫暢
しのぶ	詞暢
しのぶ	慈信
しのぶ	偲
しのぶ	恕
しのぶ	信夫
しのぶ	仁
しのぶ	忍
しのぶ	凌歩
しゅら	朱羅
しゅら	珠羅
しゅり	しゅり
しゅり	主理
しゅり	守莉
しゅり	朱浬
しゅり	朱利
しゅり	朱李
しゅり	朱理
しゅり	朱璃
しゅり	朱里
しゅり	朱俐
しゅり	朱凛
しゅり	朱莉
しゅり	珠利
しゅり	珠吏
しゅり	珠李
しゅり	珠梨
しゅり	珠理
しゅり	珠琉
しゅり	珠凛
しゅり	珠稟
しゅり	柊吏
しゅり	柊李
しゅり	柊里
しゅんり	春里
じゅきあ	寿希亜
じゅきあ	寿希愛
じゅきあ	樹希亜
じゅのん	寿暖
じゅのん	樹暖
じゅら	珠羅
じゅら	珠良
じゅら	寿羅
じゅら	樹羅
じゅら	樹来
じゅら	樹良
じゅらん	樹蘭
すい	すい
すい	空委
すい	朱以
すい	珠衣
すい	珠生
すい	珠唯
すい	寿唯
すい	吹
すい	水
すい	粋
すい	翠
すい	瑞
すい	穂
すい	彗
すい	珀
すい	粹
すかい	澄海
すなお	すなお
すなお	淳
すなお	純
すなお	真
すなお	素
すなお	素直
すなお	直
すなお	直生
すなお	惇
せいら	成良
せいら	星空
せいら	星羅
せいら	星来
せいら	星良
せいら	星來
せいら	清羅
せいら	聖羅
せいら	聖蘭
せいら	聖來
せいら	誠良
せいら	晟羅
せいら	晟良
せな	瀨那
せな	瀨南
せな	せな
せな	セナ
せな	汐夏
せな	世菜
せな	世七
せな	世成
せな	世奈
せな	世那
せな	世凪
せな	世南
せな	世波
せな	世名
せな	世和
せな	世梛
せな	瀬永
せな	瀬夏
せな	瀬菜
せな	瀬七
せな	瀬渚
せな	瀬成
せな	瀬奈
せな	瀬那
せな	瀬凪
せな	瀬捺
せな	瀬南
せな	瀬波
せな	瀬名
せな	瀬梛
せな	畝奈
せな	勢那
せな	成那
せな	成南
せな	成梛
せな	星夏
せな	星七
せな	星樹
せな	星渚
せな	星成
せな	星多
せな	星奈
せな	星那
せな	星凪
せな	星南
せな	星波
せな	星名
せな	星流
せな	星和
せな	星梛
せな	晴夏
せな	晴菜
せな	晴奈
せな	晴那
せな	晴凪
せな	晴南
せな	清永
せな	清奈
せな	清那
せな	清凪
せな	清流
せな	聖夏
せな	聖菜
せな	聖七
せな	聖心
せな	聖生
せな	聖奈
せな	聖那
せな	聖凪
せな	醒那
せな	千那
せな	惺渚
せな	惺成
せな	惺凪
せな	惺南
せな	惺梛
せら	せら
せら	世楽
せら	世羅
せら	世来
せら	世良
せら	瀬羅
せら	瀬良
せら	星空
せら	星羅
せら	星来
せら	星良
せら	晴良
せら	聖良
せら	惺羅
せれん	世廉
せれん	世蓮
せれん	瀬蓮
せん	せん
せん	茜
せん	仙
せん	千
せん	扇
せん	泉
せん	煎
せん	亘
せんじゅ	千寿
せんじゅ	千樹
せんじゅ	泉寿
せんな	千那
せんな	千凪
せんり	せんり
せんり	茜里
せんり	茜莉
せんり	仙里
せんり	千浬
せんり	千李
せんり	千理
せんり	千璃
せんり	千里
せんり	千鈴
せんり	千凛
せんり	千莉
せんり	扇里
せんり	泉利
せんり	泉李
せんり	泉里
せんり	閃里
そあ	そあ
そあ	奏歩
そあ	想空
そあ	想和
そあ	天亜
そあら	そあら
そうは	蒼晴
そうら	奏良
そうわ	想羽
そうわ	想和
そな	想菜
そな	想那
そな	想和
そなた	そなた
そなた	宇宙
そなた	空遥
そなた	星空
そなた	大翔
そなた	颯
そら	そら
そら	ソラ
そら	宇
そら	宇宙
そら	希空
そら	空
そら	空羅
そら	空来
そら	空良
そら	澄空
そら	星空
そら	青空
そら	塑羅
そら	曽良
そら	素羅
そら	素良
そら	奏楽
そら	奏空
そら	奏来
そら	奏良
そら	爽楽
そら	爽来
そら	爽良
そら	想空
そら	想羅
そら	想来
そら	想良
そら	想來
そら	相良
そら	蒼空
そら	蒼蘭
そら	大空
そら	宙
そら	天
そら	天音
そら	碧空
そら	湊楽
そら	昊
そら	昊空
そら	昊来
そら	穹
そら	颯空
そら	颯来
そら	颯良
そら	颯來
そらち	空知
そらは	空羽
そわ	奏羽
そわ	奏和
そわ	想羽
そわ	想和
そわ	蒼羽
そわ	蒼和
たか	たか
たか	孝
たか	峻
たか	尊
たか	多佳
たか	多賀
たか	鷹
たか	稜
たけみ	健美
たけみ	剛美
たけみ	竹美
たけみ	武美
たまお	玉緒
たまお	玉生
たまお	玉青
たまお	珠緒
たまお	瑶央
たまき	たまき
たまき	環
たまき	環葵
たまき	環喜
たまき	環希
たまき	環紀
たまき	環貴
たまき	環輝
たまき	環己
たまき	環樹
たまき	環生
たまき	環来
たまき	玉喜
たまき	玉希
たまき	玉季
たまき	玉紀
たまき	玉貴
たまき	玉樹
たまき	玉木
たまき	圭希
たまき	珠喜
たまき	珠希
たまき	珠季
たまき	珠貴
たまき	珠輝
たまき	珠己
たまき	珠枝
たまき	珠樹
たまき	珠生
たまき	瑞季
たまき	瑞樹
たまき	瑞生
たまき	多摩樹
たまき	太真希
たまき	太真貴
たまき	太真己
たまき	太真樹
たまき	太摩貴
たまき	太摩己
たまき	太摩樹
たまき	太万稀
たまき	太万貴
たまき	太万己
たまき	太万樹
たまき	碧葵
たまき	碧希
たまき	玲葵
たまき	玲希
たまき	玲紀
たまき	玲貴
たまき	玲樹
たまき	瑶生
だいあ	大愛
ちかい	誓
ちかげ	千影
ちかげ	千景
ちかげ	知景
ちかげ	智景
ちかぜ	千風
ちぐさ	千種
ちぐさ	千草
ちぐさ	智草
ちせ	千世
ちせ	千瀬
ちせ	智世
ちせい	千星
ちせい	千青
ちせい	知世
ちせい	知聖
ちせい	智星
ちせい	智惺
ちはや	ちはや
ちはや	茅早
ちはや	茅颯
ちはや	千羽哉
ちはや	千羽也
ちはや	千羽弥
ちはや	千羽矢
ちはや	千快
ちはや	千敬
ちはや	千疾
ちはや	千駿
ちはや	千晴弥
ちはや	千早
ちはや	千速
ちはや	千隼
ちはや	千勇
ちはや	千颯
ちはや	知駿
ちはや	知早
ちはや	知隼
ちはや	知颯
ちはや	智駿
ちはや	智早
ちはや	智速
ちはや	智隼
ちはや	智颯
ちはや	祐隼
ちはや	莉颯
ちはる	ちはる
ちはる	愛桜
ちはる	茅喜
ちはる	茅晴
ちはる	千温
ちはる	千喜
ちはる	千玄
ちはる	千桜
ちはる	千治
ちはる	千春
ちはる	千榛
ちはる	千晴
ちはる	千暖
ちはる	千悠
ちはる	千遥
ちはる	千陽
ちはる	千遼
ちはる	千晏
ちはる	知花
ちはる	知桜
ちはる	知治
ちはる	知春
ちはる	知晴
ちはる	知暖
ちはる	知悠
ちはる	智春
ちはる	智晴
ちはる	智暖
ちはる	智悠
ちはる	智遥
ちはる	智陽
ちはる	智遼
ちはる	稚晴
ちひろ	ちひろ
ちひろ	千央
ちひろ	千嘉
ちひろ	千拡
ちひろ	千寛
ちひろ	千啓
ちひろ	千景
ちひろ	千宏
ちひろ	千広
ちひろ	千弘
ちひろ	千浩
ちひろ	千紘
ちひろ	千寿
ちひろ	千祥
ちひろ	千尋
ちひろ	千聖
ちひろ	千蒼
ちひろ	千拓
ちひろ	千宙
ちひろ	千都
ちひろ	千博
ちひろ	千弥
ちひろ	千優
ちひろ	千祐
ちひろ	千裕
ちひろ	千洋
ちひろ	千廣
ちひろ	千昊
ちひろ	千洸
ちひろ	千滉
ちひろ	千皓
つかさ	つかさ
つかさ	月冴
つかさ	元
つかさ	司
つかさ	司沙
つかさ	司彩
つかさ	司紗
つかさ	士
つかさ	政
つかさ	束沙
つかさ	束咲
つかさ	津佳沙
つかさ	津傘
つかさ	典
つかさ	都加沙
つかさ	都可沙
つかさ	都果沙
つかさ	吏
つかさ	良
つかさ	緑沙
つくし	つくし
つくも	九十九
つづみ	鼓
つばさ	つばさ
つばさ	つば冴
つばさ	ツバサ
つばさ	羽
つばさ	椿沙
つばさ	椿咲
つばさ	翼
つばさ	翼沙
つばさ	翼咲
つばさ	翼桜
つばめ	燕
てるみ	瑛海
てるみ	輝海
てるみ	輝実
てるみ	輝美
てるみ	光美
てるみ	昭美
てるみ	照海
てるみ	照己
てるみ	照実
てるみ	照美
てるみ	照巳
てんし	天使
てんし	天子
てんし	天詩
てんり	天利
てんり	天李
てんり	天理
てんり	天璃
てんり	天里
てんり	天俐
てんり	天莉
とあ	とあ
とあ	永空
とあ	遠愛
とあ	音亜
とあ	音愛
とあ	音空
とあ	音和
とあ	叶亜
とあ	叶愛
とあ	采亜
とあ	采愛
とあ	采空
とあ	采和
とあ	十愛
とあ	十逢
とあ	十空
とあ	十彩
とあ	十有
とあ	十和
とあ	仁愛
とあ	仁彩
とあ	兎空
とあ	斗亜
とあ	斗愛
とあ	斗安
とあ	斗空
とあ	斗彩
とあ	都亜
とあ	都愛
とあ	都空
とあ	都明
とあ	冬空
とあ	透愛
とあ	飛愛
とあ	飛空
とあ	橙空
とあ	翔亜
とあ	翔愛
とあ	翔空
とあ	翔彩
とあ	翔明
とし	敏
としみ	俊海
としみ	俊美
としみ	敏美
としみ	利美
とも	とも
とも	共
とも	幸
とも	丈
とも	知
とも	智
とも	朝
とも	登萌
とも	灯
とも	燈
とも	伴
とも	朋
とも	睦
とも	友
とも	倫
とも	和
とわ	とわ
とわ	永愛
とわ	永羽
とわ	永遠
とわ	永久
とわ	永和
とわ	遠和
とわ	乙和
とわ	音羽
とわ	音和
とわ	叶羽
とわ	叶和
とわ	采羽
とわ	采環
とわ	采和
とわ	十羽
とわ	十環
とわ	十和
とわ	人和
とわ	仁羽
とわ	仁和
とわ	兎羽
とわ	兎和
とわ	堵和
とわ	斗羽
とわ	斗環
とわ	斗和
とわ	杜羽
とわ	杜環
とわ	杜和
とわ	渡羽
とわ	渡和
とわ	登羽
とわ	登環
とわ	登和
とわ	途羽
とわ	都羽
とわ	都我
とわ	都環
とわ	都和
とわ	冬和
とわ	東和
とわ	透羽
とわ	透和
とわ	瞳和
とわ	飛羽
とわ	飛和
とわ	百和
とわ	敏羽
とわ	富和
とわ	冨羽
とわ	豊和
とわ	橙羽
とわ	橙和
とわ	翔羽
とわ	翔環
とわ	翔湧
とわ	翔和
なお	なお
なお	夏生
なお	七央
なお	七音
なお	七絃
なお	七渚
なお	七緒
なお	七生
なお	七和
なお	奈於
なお	奈央
なお	奈保
なお	凪央
なお	凪音
なお	凪生
なお	凪和
なお	南央
なお	南音
なお	南緒
なお	南生
なお	埜
なお	名央
なお	名生
なお	和央
なお	和音
なお	和生
なぎ	なぎ
なぎ	永葵
なぎ	七祇
なぎ	渚
なぎ	奈義
なぎ	那葵
なぎ	那岐
なぎ	那木
なぎ	凪
なぎ	凪葵
なぎ	凪輝
なぎ	凪祇
なぎ	薙
なぎ	南葵
なぎ	和
なぎ	梛
なぎ	梛木
なぎさ	渚
なぎさ	なぎさ
なぎさ	渚
なぎさ	渚佐
なぎさ	渚左
なぎさ	渚沙
なぎさ	渚砂
なぎさ	渚彩
なぎさ	渚冴
なぎさ	渚咲
なぎさ	渚紗
なぎさ	渚朝
なぎさ	渚颯
なぎさ	汀
なぎさ	凪
なぎさ	凪覚
なぎさ	凪佐
なぎさ	凪沙
なぎさ	凪瑳
なぎさ	凪砂
なぎさ	凪彩
なぎさ	凪冴
なぎさ	凪咲
なぎさ	凪朔
なぎさ	凪桜
なぎさ	凪紗
なぎさ	凪爽
なぎさ	和幸
なぎさ	和沙
なぎさ	和咲
なぎさ	梛沙
なぎさ	梛彩
なぎさ	梛冴
なぎさ	梛桜
なぎさ	梛紗
なぎさ	梛爽
なごみ	なごみ
なごみ	七五三
なごみ	和
なごみ	和海
なごみ	和己
なごみ	和心
なごみ	和美
なごみ	和望
なごみ	和未
なごみ	和弥
なごむ	和夢
なさ	那咲
なつ	なつ
なつ	永紬
なつ	夏
なつ	夏都
なつ	懐
なつ	菜津
なつ	菜都
なつ	七紬
なつ	七都
なつ	成都
なつ	成紡
なつ	奈津
なつ	奈紬
なつ	奈都
なつ	那月
なつ	那津
なつ	那紬
なつ	那都
なつ	凪津
なつ	凪都
なつ	捺
なつ	納都
なつ	莫都
なつ	名都
なつ	和津
なつ	和紬
なつ	梛津
なつ	梛紬
なつ	梛都
なつき	なつき
なつき	ナツキ
なつき	夏葵
なつき	夏喜
なつき	夏希
なつき	夏季
なつき	夏稀
なつき	夏紀
なつき	夏記
なつき	夏貴
なつき	夏輝
なつき	夏吉
なつき	夏久
なつき	夏月
なつき	夏己
なつき	夏樹
なつき	夏生
なつき	夏妃
なつき	夏木
なつき	夏来
なつき	夏來
なつき	夏暉
なつき	夏煌
なつき	夏絆
なつき	夏綺
なつき	菜月
なつき	七月
なつき	七槻
なつき	渚月
なつき	水月
なつき	成月
なつき	生月
なつき	奈胤
なつき	奈月
なつき	奈津希
なつき	奈津貴
なつき	奈津樹
なつき	奈槻
なつき	那月
なつき	那津輝
なつき	那槻
なつき	凪月
なつき	捺葵
なつき	捺喜
なつき	捺希
なつき	捺季
なつき	捺稀
なつき	捺紀
なつき	捺貴
なつき	捺輝
なつき	捺月
なつき	捺樹
なつき	捺生
なつき	捺聖
なつき	捺暉
なつき	南月
なつき	南槻
なつき	名月
なつき	梛月
なつひ	夏緋
なつひ	夏陽
ななせ	ななせ
ななせ	菜々世
ななせ	菜々星
ななせ	七世
ななせ	七瀬
ななせ	七星
ななせ	七聖
ななせ	奈々世
ななせ	奈那星
ななせ	那奈瀬
ななせ	凪々世
なり	なり
なり	音
なる	なる
なる	愛
なる	育
なる	菜流
なる	菜琉
なる	七琉
なる	七瑠
なる	成
なる	成流
なる	成琉
なる	成留
なる	成瑠
なる	奈琉
なる	奈留
なる	奈瑠
なる	那流
なる	那琉
なる	那留
なる	那瑠
なる	凪琉
なる	南琉
なる	南瑠
なる	波琉
なる	波留
なる	波瑠
なる	鳴
なる	梛留
なる	梛瑠
なるみ	匠美
なるみ	成海
なるみ	成実
なるみ	成美
なるみ	成巳
なるみ	成弥
なるみ	稔実
なるみ	鳴海
なるみ	鳴実
なるみ	鳴美
にき	仁葵
にき	仁希
にき	仁稀
にき	仁輝
にき	仁樹
にき	丹希
にき	二希
にじ	虹
にちか	仁愛
にちか	仁周
にちか	仁知佳
にちか	仁悠
にちか	二千佳
にちか	二千翔
にちか	日華
にちか	日樺
にちか	日香
にちか	日和
にちか	日翔
にの	にの
ねお	音央
ねお	音緒
ねお	音織
ねお	音生
ねお	音陽
ねお	音和
ねお	希音
ねお	祢音
ねお	祢桜
ねお	寧央
ねお	寧音
ねお	寧緒
ねお	寧生
ねお	寧和
ねお	峯央
ねお	嶺緒
ねおん	ねおん
ねおん	音苑
ねおん	音恩
ねおん	祢音
ねおん	寧音
ねむ	音夢
のぞみ	のぞみ
のぞみ	希
のぞみ	希海
のぞみ	希観
のぞみ	希光
のぞみ	希実
のぞみ	希充
のぞみ	希生
のぞみ	希美
のぞみ	希望
のぞみ	望
のぞみ	望海
のぞみ	望実
のぞみ	望水
のぞみ	望美
のぞみ	望未
のり	のり
のり	紀
のり	規
のり	憲
のり	智
のり	典
のり	乃理
はおと	羽音
はおと	波音
はおと	葉音
はおん	羽音
はおん	葉音
はつき	はつき
はつき	羽月
はつき	初希
はつき	初季
はつき	初稀
はつき	初樹
はつき	晴月
はつき	葉月
はやみ	速水
はやみ	颯海
はる	はる
はる	ハル
はる	絢
はる	羽流
はる	羽琉
はる	羽留
はる	羽瑠
はる	映流
はる	映留
はる	映瑠
はる	栄
はる	栄留
はる	温
はる	果瑠
はる	花
はる	華
はる	華琉
はる	華瑠
はる	会
はる	喜
はる	啓
はる	浩
はる	桜
はる	治
はる	春
はる	春陽
はる	春流
はる	春琉
はる	春留
はる	春瑠
はる	榛
はる	晴
はる	晴流
はる	晴琉
はる	晴留
はる	晴瑠
はる	生琉
はる	青
はる	大
はる	暖
はる	知
はる	跳琉
はる	日
はる	巴流
はる	巴琉
はる	巴留
はる	巴瑠
はる	覇瑠
はる	杷琉
はる	杷瑠
はる	波流
はる	波琉
はる	波留
はる	波瑠
はる	琶琉
はる	芭流
はる	芭琉
はる	芭留
はる	芭瑠
はる	美
はる	明
はる	悠
はる	悠流
はる	悠瑠
はる	葉流
はる	葉琉
はる	葉留
はる	葉瑠
はる	遥
はる	遥留
はる	陽
はる	陽琉
はる	良
はる	遼
はる	令
はる	櫻
はる	脩
はる	遙
はるか	はるか
はるか	永
はるか	永遠
はるか	温佳
はるか	喜花
はるか	玄
はるか	桜架
はるか	春嘉
はるか	春果
はるか	春華
はるか	春叶
はるか	春樺
はるか	春奏
はるか	春日
はるか	春楓
はるか	春風
はるか	春翔
はるか	榛夏
はるか	晴佳
はるか	晴加
はるか	晴可
はるか	晴夏
はるか	晴架
はるか	晴珂
はるか	晴賀
はるか	晴叶
はるか	晴圭
はるか	晴香
はるか	晴日
はるか	晴楓
はるか	晴風
はるか	晴翔
はるか	暖加
はるか	美海
はるか	明佳
はるか	明海
はるか	悠
はるか	悠佳
はるか	悠加
はるか	悠可
はるか	悠嘉
はるか	悠夏
はるか	悠珂
はるか	悠禾
はるか	悠華
はるか	悠海
はるか	悠叶
はるか	悠圭
はるか	悠日
はるか	悠楓
はるか	悠風
はるか	悠耶
はるか	葉留佳
はるか	葉留香
はるか	葉瑠花
はるか	葉瑠香
はるか	遥
はるか	遥郁
はるか	遥伽
はるか	遥佳
はるか	遥加
はるか	遥可
はるか	遥夏
はるか	遥架
はるか	遥河
はるか	遥珂
はるか	遥禾
はるか	遥花
はるか	遥賀
はるか	遥叶
はるか	遥香
はるか	遥奏
はるか	遥楓
はるか	遥風
はるか	遥翔
はるか	陽加
はるか	陽夏
はるか	陽迦
はるか	陽奏
はるか	陽日
はるか	陽風
はるか	陽翔
はるか	瞭
はるか	遼
はるか	遼佳
はるか	遼加
はるか	遼可
はるか	遼夏
はるか	遼果
はるか	遼珂
はるか	遼禾
はるか	遼花
はるか	遼香
はるか	遼和
はるか	令和
はるか	遙
はるか	遙佳
はるか	遙加
はるか	遙可
はるか	遙夏
はるか	遙叶
はるか	遙風
はるせ	はるせ
はるせ	春世
はるせ	春瀬
はるせ	晴世
はるせ	悠世
はるせ	遥世
はるせ	陽世
はるひ	はるひ
はるひ	絢陽
はるひ	温柊
はるひ	温陽
はるひ	華陽
はるひ	開陽
はるひ	玄陽
はるひ	桜緋
はるひ	桜陽
はるひ	治陽
はるひ	春灯
はるひ	春燈
はるひ	春日
はるひ	春妃
はるひ	春緋
はるひ	春柊
はるひ	春陽
はるひ	晴灯
はるひ	晴日
はるひ	晴飛
はるひ	晴柊
はるひ	晴陽
はるひ	大陽
はるひ	暖灯
はるひ	暖日
はるひ	暖柊
はるひ	暖陽
はるひ	明飛
はるひ	明陽
はるひ	悠光
はるひ	悠灯
はるひ	悠燈
はるひ	悠日
はるひ	悠緋
はるひ	悠陽
はるひ	遥日
はるひ	遥妃
はるひ	遥緋
はるひ	遥飛
はるひ	遥柊
はるひ	遥桧
はるひ	遥陽
はるひ	陽光
はるひ	陽燈
はるひ	陽日
はるひ	陽妃
はるひ	陽斐
はるひ	陽飛
はるひ	陽柊
はるひ	遼飛
はるひ	遼陽
はるひ	遙日
はるひ	遙陽
はるみ	始海
はるみ	始実
はるみ	始巳
はるみ	始弥
はるみ	治美
はるみ	春海
はるみ	春己
はるみ	春実
はるみ	春美
はるみ	春巳
はるみ	春弥
はるみ	晴海
はるみ	晴見
はるみ	晴己
はるみ	晴実
はるみ	晴心
はるみ	晴美
はるみ	晴巳
はるみ	晴弥
はるみ	暖海
はるみ	暖実
はるみ	暖美
はるみ	悠海
はるみ	遥海
はるみ	遥実
はるみ	遥心
はるみ	遥美
はるみ	遥巳
はるみ	遥弥
はるみ	陽海
はるみ	陽実
はるみ	陽心
はるみ	陽生
はるみ	陽美
はるみ	陽巳
はるみ	遙海
はるみ	遙実
はるみ	遙美
はれ	はれ
はれ	ハレ
はれ	羽玲
はれ	春伶
はれ	晴
はれ	晴玲
ひいらぎ	柊
ひかり	ひかり
ひかり	ヒカリ
ひかり	輝
ひかり	光
ひかり	光利
ひかり	光李
ひかり	光梨
ひかり	光理
ひかり	光里
ひかり	光俐
ひかり	光凛
ひかり	光莉
ひかり	光凜
ひかり	星
ひかり	太陽
ひかり	日香梨
ひかり	陽加利
ひかり	陽香里
ひかり	晄利
ひかり	晄吏
ひかり	晄俐
ひかり	暉
ひかり	洸
ひかる	ひかる
ひかる	ヒカル
ひかる	輝
ひかる	玄
ひかる	光
ひかる	光海
ひかる	光流
ひかる	光琉
ひかる	光留
ひかる	光瑠
ひかる	晃
ひかる	晃瑠
ひかる	星
ひかる	日夏瑠
ひかる	飛華流
ひかる	陽
ひかる	陽夏瑠
ひかる	晄
ひかる	暉
ひかる	暉琉
ひかる	洸
ひかる	皓
ひさき	久葵
ひさき	久希
ひさき	久紀
ひさき	久貴
ひさき	寿樹
ひさき	尚樹
ひさき	緋咲
ひさき	柊咲
ひさき	陽咲
ひじり	聖
ひじり	日知
ひづき	一月
ひづき	日月
ひづき	緋月
ひづき	飛月
ひづき	柊月
ひづき	陽月
ひづる	日鶴
ひづる	緋鶴
ひづる	陽鶴
ひとは	一葉
ひとは	仁葉
ひなか	ひなか
ひなき	日和季
ひなき	陽葵
ひなき	陽希
ひなせ	陽瀬
ひなせ	陽生
ひなり	日菜里
ひなり	緋那理
ひなり	飛成
ひなり	柊也
ひなり	陽成
ひなり	陽晴
ひなり	陽奈梨
ひなり	陽也
ひびき	ひびき
ひびき	韻
ひびき	響
ひびき	響葵
ひびき	響喜
ひびき	響希
ひびき	響気
ひびき	響季
ひびき	響稀
ひびき	響紀
ひびき	響規
ひびき	響記
ひびき	響貴
ひびき	響輝
ひびき	響己
ひびき	響樹
ひびき	響生
ひびき	響木
ひびき	響来
ひびき	響暉
ひびき	響綺
ひびき	日々喜
ひびき	日々希
ひびき	日々季
ひびき	日々輝
ひびき	日々樹
ひびき	日々來
ひびき	陽々希
ひびき	陽々輝
ひびき	陽日希
ひびき	陽美己
ひろ	ひろ
ひろ	ヒロ
ひろ	央
ひろ	嘉
ひろ	寛
ひろ	紀
ひろ	空
ひろ	啓
ひろ	景
ひろ	宏
ひろ	広
ひろ	弘
ひろ	浩
ひろ	紘
ひろ	寿
ひろ	尋
ひろ	蒼
ひろ	大
ひろ	宙
ひろ	典
ひろ	灯呂
ひろ	燈路
ひろ	日呂
ひろ	博
ひろ	比呂
ひろ	緋呂
ひろ	飛呂
ひろ	柊呂
ひろ	優
ひろ	祐
ひろ	裕
ひろ	洋
ひろ	陽蕗
ひろ	陽呂
ひろ	礼
ひろ	廣
ひろ	洸
ひろ	滉
ひろ	熙
ひろみ	ひろみ
ひろみ	ヒロミ
ひろみ	央実
ひろみ	寛美
ひろみ	寛弥
ひろみ	啓実
ひろみ	啓美
ひろみ	宏海
ひろみ	宏美
ひろみ	宏弥
ひろみ	広海
ひろみ	広実
ひろみ	広美
ひろみ	広未
ひろみ	弘海
ひろみ	弘己
ひろみ	弘実
ひろみ	弘美
ひろみ	浩実
ひろみ	浩美
ひろみ	紘海
ひろみ	紘未
ひろみ	紘巳
ひろみ	尋海
ひろみ	尋実
ひろみ	尋美
ひろみ	尋巳
ひろみ	泰海
ひろみ	大海
ひろみ	拓海
ひろみ	拓生
ひろみ	拓未
ひろみ	博海
ひろみ	博観
ひろみ	博見
ひろみ	博実
ひろみ	博美
ひろみ	博巳
ひろみ	比呂美
ひろみ	裕海
ひろみ	裕己
ひろみ	裕実
ひろみ	裕美
ひろみ	裕巳
ひろみ	洋美
ひろみ	廣海
ひろみ	廣美
ふう	ふう
ふう	吹羽
ふう	吹生
ふう	芙生
ふう	楓
ふう	楓愛
ふう	楓羽
ふう	風
ふう	風羽
ふう	風生
ふう	風優
ふう	歩宇
ふう	歩羽
ふう	歩生
ふう	歩佑
ふう	颯
ふく	ふく
ふく	吹空
ふく	芙久
ふく	福
ふく	歩来
ふじ	藤
ふじ	富士
ふづき	吹月
ふづき	芙月
ふづき	楓月
ふづき	文月
ほし	ほし
ほし	星
ほし	帆志
ほたる	ほたる
ほたる	蛍
ほたる	蛍流
ほたる	蛍琉
ほたる	蛍瑠
ほたる	帆樽
ほたる	歩樽
ほたる	穂垂
ほたる	穂多瑠
ほたる	穂樽
ほまれ	ほまれ
ほまれ	星稀
ほまれ	帆希
ほまれ	帆稀
ほまれ	保希
ほまれ	保稀
ほまれ	歩希
ほまれ	歩稀
ほまれ	穂希
ほまれ	穂稀
ほまれ	穂真玲
ほまれ	鳳希
ほまれ	誉
ほまれ	誉希
ほまれ	誉稀
ほまれ	誉怜
ほまれ	誉玲
ほまれ	誉礼
ほまれ	玲
まあさ	真朝
まあさ	真麻
まあさ	麻朝
まおん	真音
まおん	舞音
まこと	まこと
まこと	愛琴
まこと	允
まこと	実
まこと	淳
まこと	純
まこと	信
まこと	真
まこと	真音
まこと	真琴
まこと	真言
まこと	真古都
まこと	真采
まこと	真思
まこと	真詞
まこと	真実
まこと	真寿
まこと	真心
まこと	真都
まこと	真翔
まこと	誠
まこと	丹
まこと	睦
まこと	磨琴
まこと	磨采
まこと	麻琴
まこと	麻言
まこと	麻寿
まこと	万采
まこと	亮
まこと	諒
まこと	洵
まこと	眞
まこと	眞琴
まこと	眞言
まこと	眞詞
まこと	茉琴
まこと	茉采
まこと	茉詞
まこと	詢
まこと	諄
まさ	まさ
まさ	雅
まさ	昌
まさ	真佐
まさ	真瑳
まさ	真砂
まさ	麻沙
まさ	優
まさみ	まさみ
まさみ	雅海
まさみ	雅実
まさみ	雅仁
まさみ	雅美
まさみ	将美
まさみ	将命
まさみ	昌実
まさみ	昌美
まさみ	昌巳
まさみ	真海
まさみ	真実
まさみ	真美
まさみ	真巳
まさみ	真弥
まさみ	政海
まさみ	政見
まさみ	政実
まさみ	政美
まさみ	正海
まさみ	正実
まさみ	正美
まさみ	聖己
まさみ	誠実
まさみ	優海
まさみ	優美
まさみ	理美
ますみ	益美
ますみ	升海
ますみ	升美
ますみ	真珠美
ますみ	真寿美
ますみ	真住
ますみ	真純
ますみ	真須美
ますみ	真澄
ますみ	真素美
ますみ	増美
ますみ	万寿美
ますみ	万純
ますみ	万澄
ますみ	満寿美
ますみ	眞住
ますみ	眞純
ますみ	眞澄
まとい	まとい
まとい	纏
まなつ	真夏
まなつ	舞夏
まなつ	眞夏
まひる	まひる
まひる	真昼
まひる	真陽琉
まひる	茉日
まひろ	まひろ
まひろ	希宙
まひろ	希優
まひろ	稀尋
まひろ	蒔広
まひろ	蒔尋
まひろ	真央
まひろ	真嘉
まひろ	真寛
まひろ	真啓
まひろ	真宏
まひろ	真広
まひろ	真弘
まひろ	真紘
まひろ	真潤
まひろ	真尋
まひろ	真蒼
まひろ	真大
まひろ	真宙
まひろ	真博
まひろ	真比呂
まひろ	真弥
まひろ	真優
まひろ	真裕
まひろ	真洋
まひろ	真礼
まひろ	真昊
まひろ	真洸
まひろ	真滉
まひろ	真皓
まひろ	舞広
まひろ	舞弘
まひろ	舞紘
まひろ	舞大
まひろ	舞洸
まひろ	摩紘
まひろ	磨洸
まひろ	麻央
まひろ	麻嘉
まひろ	麻寛
まひろ	麻宏
まひろ	麻広
まひろ	麻弘
まひろ	麻浩
まひろ	麻紘
まひろ	麻恕
まひろ	麻尋
まひろ	麻泰
まひろ	麻博
まひろ	麻比呂
まひろ	麻裕
まひろ	麻洸
まひろ	万央
まひろ	万寛
まひろ	万広
まひろ	万弘
まひろ	万紘
まひろ	万尋
まひろ	万泰
まひろ	万大
まひろ	万宙
まひろ	万博
まひろ	万比呂
まひろ	万弥
まひろ	万優
まひろ	万裕
まひろ	万滉
まひろ	満優
まひろ	眞央
まひろ	眞嘉
まひろ	眞寛
まひろ	眞啓
まひろ	眞広
まひろ	眞弘
まひろ	眞紘
まひろ	眞尋
まひろ	眞宙
まひろ	眞弥
まひろ	眞優
まひろ	眞裕
まひろ	茉祐
まひろ	茉央
まひろ	茉寛
まひろ	茉宏
まひろ	茉広
まひろ	茉弘
まひろ	茉浩
まひろ	茉紘
まひろ	茉尋
まひろ	茉泰
まひろ	茉大
まひろ	茉拓
まひろ	茉宙
まひろ	茉比呂
まひろ	茉弥
まひろ	茉優
まひろ	茉祐
まひろ	茉裕
まひろ	茉洋
まひろ	茉廣
まひろ	茉昊
まひろ	茉洸
みおう	心凰
みおう	美央
みおう	訪央
みおと	実音
みおと	心音
みおと	美音
みおと	美響
みおと	巳音
みおと	澪音
みおと	澪都
みおと	澪透
みづき	みづき
みづき	愛月
みづき	海月
みづき	観月
みづき	光希
みづき	光輝
みづき	光月
みづき	光樹
みづき	三月
みづき	実月
みづき	充月
みづき	心月
みづき	深月
みづき	水月
みづき	瑞月
みづき	誠月
みづき	泉月
みづき	美月
みづき	美津希
みづき	巳月
みづき	弥月
みなみ	みなみ
みなみ	海波
みなみ	海洋
みなみ	三南
みなみ	三波
みなみ	実波
みなみ	真波
みなみ	南
みなみ	南海
みなみ	南実
みなみ	南波
みなみ	美南
みなみ	美波
みなみ	碧波
みなみ	未奈美
みなみ	未南海
みなみ	未波
みなみ	巳那未
みなみ	湊海
みなみ	湊波
みなみ	湊望
みなみ	弥波
みなみ	陽
みのり	みのり
みのり	実
みのり	実紀
みのり	実恭
みのり	実憲
みのり	実典
みのり	実徳
みのり	実乃梨
みのり	実理
みのり	実里
みのり	実俐
みのり	実莉
みのり	穣
みのり	農
みのり	美愛
みのり	美則
みのり	美徳
みのり	美方
みのり	穂紀
みのり	穂里
みのり	未典
みのり	稔璃
みのり	稔里
みのり	稔礼
みのり	稔莉
みのり	弥乃莉
みらい	みらい
みらい	海来
みらい	海礼
みらい	海來
みらい	光来
みらい	三來
みらい	実来
みらい	実來
みらい	実蕾
みらい	珠礼
みらい	充礼
みらい	心來
みらい	誠來
みらい	美来
みらい	美頼
みらい	美來
みらい	望来
みらい	望來
みらい	望徠
みらい	未来
みらい	未來
みらい	未徠
みらい	未蕾
みらい	魅雷
みらい	弥来
みらい	弥雷
みらい	弥來
みらん	みらん
みらん	海蘭
みらん	光蘭
みらん	実蘭
みらん	深蘭
みらん	美藍
みらん	美蘭
みらん	望蘭
みらん	未蘭
みらん	魅蘭
みろく	みろく
みろく	御六
みろく	弥呂紅
みろく	弥禄
むぎ	むぎ
むぎ	麦
むつ	睦
むつ	陸奥
むつき	むつき
むつき	睦
むつき	睦葵
むつき	睦喜
むつき	睦希
むつき	睦季
むつき	睦稀
むつき	睦紀
むつき	睦規
むつき	睦記
むつき	睦貴
むつき	睦輝
むつき	睦月
むつき	睦己
むつき	睦樹
むつき	睦生
むつき	睦来
むつき	睦綺
むつき	夢月
むつき	陸希
むつき	六月
めぐむ	愛
めぐむ	恩
めぐむ	芽夢
めぐむ	恵
めぐむ	恵夢
めぐむ	仁
めぐむ	惠
めぐむ	萠
もと	望都
もみじ	紅葉
ゆあん	結庵
ゆあん	結杏
ゆあん	癒杏
ゆあん	優安
ゆあん	優杏
ゆあん	悠杏
ゆあん	柚杏
ゆあん	柚晏
ゆあん	由晏
ゆあん	祐杏
ゆあん	夕晏
ゆあん	侑杏
ゆう	ゆう
ゆう	ユウ
ゆう	郁
ゆう	右
ゆう	弓羽
ゆう	結
ゆう	結宇
ゆう	結羽
ゆう	結生
ゆう	結優
ゆう	結友
ゆう	結憂
ゆう	結有
ゆう	雪羽
ゆう	夢羽
ゆう	佑
ゆう	佑宇
ゆう	佑羽
ゆう	優
ゆう	優宇
ゆう	優羽
ゆう	優雨
ゆう	優卯
ゆう	優海
ゆう	優生
ゆう	優友
ゆう	優侑
ゆう	勇
ゆう	友
ゆう	友優
ゆう	宥
ゆう	悠
ゆう	悠右
ゆう	悠宇
ゆう	悠羽
ゆう	悠雨
ゆう	悠海
ゆう	悠生
ゆう	悠有
ゆう	悠侑
ゆう	憂
ゆう	有
ゆう	有宇
ゆう	有羽
ゆう	柚
ゆう	柚羽
ゆう	柚生
ゆう	柚友
ゆう	柚有
ゆう	湧
ゆう	由
ゆう	由宇
ゆう	由羽
ゆう	由雨
ゆう	由卯
ゆう	由優
ゆう	由有
ゆう	由侑
ゆう	祐
ゆう	祐宇
ゆう	祐羽
ゆう	祐有
ゆう	裕
ゆう	裕宇
ゆう	裕羽
ゆう	遊
ゆう	邑
ゆう	雄
ゆう	夕
ゆう	侑
ゆう	侑羽
ゆう	侑生
ゆう	侑優
ゆう	釉
ゆうさ	優桜
ゆうひ	ゆうひ
ゆうひ	結緋
ゆうひ	結柊
ゆうひ	結陽
ゆうひ	佑日
ゆうひ	佑柊
ゆうひ	佑陽
ゆうひ	優一
ゆうひ	優光
ゆうひ	優灯
ゆうひ	優燈
ゆうひ	優日
ゆうひ	優緋
ゆうひ	優飛
ゆうひ	優柊
ゆうひ	優陽
ゆうひ	勇陽
ゆうひ	友柊
ゆうひ	友佑陽
ゆうひ	友陽
ゆうひ	悠灯
ゆうひ	悠燈
ゆうひ	悠日
ゆうひ	悠妃
ゆうひ	悠緋
ゆうひ	悠陽
ゆうひ	憂陽
ゆうひ	有緋
ゆうひ	有柊
ゆうひ	有陽
ゆうひ	柚陽
ゆうひ	由陽
ゆうひ	祐燈
ゆうひ	祐緋
ゆうひ	祐陽
ゆうひ	裕妃
ゆうひ	裕柊
ゆうひ	裕陽
ゆうひ	遊飛
ゆうひ	遊陽
ゆうひ	雄飛
ゆうひ	雄陽
ゆうひ	夕燈
ゆうひ	夕日
ゆうひ	夕緋
ゆうひ	夕陽
ゆうひ	侑燈
ゆうひ	侑日
ゆうひ	侑妃
ゆうひ	侑陽
ゆうほ	結帆
ゆうほ	結歩
ゆうほ	佑帆
ゆうほ	佑保
ゆうほ	佑歩
ゆうほ	佑穂
ゆうほ	優歩
ゆうほ	優穂
ゆうほ	悠帆
ゆうほ	悠保
ゆうほ	悠歩
ゆうほ	悠穂
ゆうほ	有穂
ゆうほ	柚歩
ゆうほ	由歩
ゆうほ	祐帆
ゆうほ	祐穂
ゆうほ	裕帆
ゆうほ	裕保
ゆうほ	裕歩
ゆうほ	裕穂
ゆうほ	遊歩
ゆうほ	遊穂
ゆうほ	侑歩
ゆうら	ゆうら
ゆうら	結羅
ゆうら	結蘭
ゆうら	結良
ゆうら	優楽
ゆうら	優空
ゆうら	優羅
ゆうら	優良
ゆうり	ゆうり
ゆうり	結羽李
ゆうり	結利
ゆうり	結吏
ゆうり	結李
ゆうり	結梨
ゆうり	結理
ゆうり	結里
ゆうり	結律
ゆうり	結琳
ゆうり	結俐
ゆうり	結凛
ゆうり	結莉
ゆうり	結凜
ゆうり	佑哩
ゆうり	佑吏
ゆうり	佑李
ゆうり	佑梨
ゆうり	佑理
ゆうり	佑璃
ゆうり	佑里
ゆうり	佑俐
ゆうり	佑凛
ゆうり	佑莉
ゆうり	優羽璃
ゆうり	優浬
ゆうり	優鯉
ゆうり	優哩
ゆうり	優利
ゆうり	優吏
ゆうり	優李
ゆうり	優梨
ゆうり	優理
ゆうり	優璃
ゆうり	優里
ゆうり	優俐
ゆうり	優凛
ゆうり	優莉
ゆうり	優凜
ゆうり	勇利
ゆうり	勇里
ゆうり	勇莉
ゆうり	友吏
ゆうり	友李
ゆうり	友梨
ゆうり	友理
ゆうり	友璃
ゆうり	友里
ゆうり	友琉
ゆうり	友俐
ゆうり	友凛
ゆうり	宥利
ゆうり	宥吏
ゆうり	悠亥
ゆうり	悠浬
ゆうり	悠織
ゆうり	悠利
ゆうり	悠吏
ゆうり	悠李
ゆうり	悠梨
ゆうり	悠理
ゆうり	悠璃
ゆうり	悠里
ゆうり	悠琳
ゆうり	悠麗
ゆうり	悠俐
ゆうり	悠凛
ゆうり	悠稟
ゆうり	悠莉
ゆうり	悠凜
ゆうり	有利
ゆうり	有李
ゆうり	有理
ゆうり	有璃
ゆうり	有里
ゆうり	有俐
ゆうり	有凛
ゆうり	有莉
ゆうり	柚吏
ゆうり	柚李
ゆうり	柚璃
ゆうり	柚里
ゆうり	柚凛
ゆうり	柚莉
ゆうり	湧璃
ゆうり	由利
ゆうり	由李
ゆうり	由理
ゆうり	由璃
ゆうり	由里
ゆうり	由琉
ゆうり	由莉
ゆうり	祐利
ゆうり	祐吏
ゆうり	祐李
ゆうり	祐理
ゆうり	祐璃
ゆうり	祐里
ゆうり	祐俐
ゆうり	祐凛
ゆうり	祐莉
ゆうり	裕利
ゆうり	裕吏
ゆうり	裕李
ゆうり	裕梨
ゆうり	裕理
ゆうり	裕璃
ゆうり	裕里
ゆうり	裕凛
ゆうり	裕莉
ゆうり	遊璃
ゆうり	雄吏
ゆうり	雄里
ゆうり	夕梨
ゆうり	夕理
ゆうり	夕璃
ゆうり	夕里
ゆうり	夕凛
ゆうり	夕莉
ゆうり	夕凜
ゆうり	侑哩
ゆうり	侑利
ゆうり	侑吏
ゆうり	侑李
ゆうり	侑梨
ゆうり	侑理
ゆうり	侑璃
ゆうり	侑里
ゆうり	侑俐
ゆうり	侑凛
ゆうり	侑莉
ゆうわ	結羽
ゆうわ	結禾
ゆうわ	結和
ゆうわ	佑羽
ゆうわ	佑和
ゆうわ	優羽
ゆうわ	優和
ゆうわ	友和
ゆうわ	悠羽
ゆうわ	由羽
ゆうわ	祐和
ゆうわ	裕羽
ゆうわ	夕和
ゆうわ	侑羽
ゆうわ	侑和
ゆきじ	幸慈
ゆきじ	幸路
ゆきじ	志路
ゆきじ	雪慈
ゆきじ	雪蒔
ゆきじ	雪路
ゆずき	ゆずき
ゆずき	ゆず希
ゆずき	結珠希
ゆずき	結寿喜
ゆずき	譲喜
ゆずき	譲希
ゆずき	譲稀
ゆずき	譲輝
ゆずき	禅貴
ゆずき	佑珠希
ゆずき	優珠希
ゆずき	柚葵
ゆずき	柚衣
ゆずき	柚伎
ゆずき	柚喜
ゆずき	柚基
ゆずき	柚嬉
ゆずき	柚希
ゆずき	柚揮
ゆずき	柚祈
ゆずき	柚季
ゆずき	柚稀
ゆずき	柚紀
ゆずき	柚記
ゆずき	柚貴
ゆずき	柚起
ゆずき	柚輝
ゆずき	柚月
ゆずき	柚己
ゆずき	柚幸
ゆずき	柚樹
ゆずき	柚生
ゆずき	柚木
ゆずき	柚来
ゆずき	柚來
ゆずき	柚暉
ゆずき	柚絆
ゆずき	柚綺
ゆずき	由寿希
ゆずき	由寿稀
ゆずき	由寿貴
ゆずき	祐珠生
ゆずき	夕瑞季
ゆずき	侑珠希
ゆづる	ゆづる
ゆづる	弓弦
ゆづる	結弦
ゆづる	結絃
ゆづる	結鶴
ゆづる	優弦
ゆづる	優鶴
ゆづる	友弦
ゆづる	友鶴
ゆづる	柚弦
ゆづる	由弦
ゆづる	由絃
ゆづる	由鶴
ゆづる	夕弦
ゆづる	夕鶴
ゆめじ	夢慈
ゆめじ	夢仁
ゆめじ	夢路
よう	よう
よう	英
よう	央
よう	桜
よう	世羽
よう	世優
よう	鷹
よう	容
よう	曜
よう	楊
よう	洋
よう	羊
よう	耀
よう	葉
よう	葉羽
よう	葉生
よう	葉優
よう	蓉
よう	謡
よう	遥
よう	陽
よう	榮
よう	櫻
よう	燿
よう	瑶
らいか	来華
らいか	雷華
らいか	來果
らいか	徠花
らいか	徠華
らいち	らいち
らいち	来知
らいむ	らいむ
らいむ	来夢
らいむ	來夢
らいむ	徠夢
らいむ	蕾夢
らいむ	萊夢
らいら	来良
らいら	來良
らいり	らいり
らいり	来里
らいり	頼梨
らいり	礼璃
らいる	羅衣瑠
らいる	来瑠
らいる	來琉
らいる	徠瑠
りある	璃歩
りあん	リアン
りあん	利杏
りあん	吏杏
りあん	梨杏
りあん	理安
りあん	理杏
りあん	理晏
りあん	璃安
りあん	璃杏
りあん	璃晏
りあん	凛杏
りあん	絆愛
りあん	莉杏
りお	りお
りお	リオ
りお	浬央
りお	浬緒
りお	哩央
りお	哩乙
りお	哩緒
りお	利於
りお	利央
りお	利旺
りお	利音
りお	利桜
りお	利緒
りお	利臣
りお	利生
りお	吏於
りお	吏央
りお	吏音
りお	吏桜
りお	李愛
りお	李央
りお	李旺
りお	李音
りお	李桜
りお	李緒
りお	李織
りお	李臣
りお	李生
りお	李百
りお	李和
りお	李凰
りお	梨央
りお	梨音
りお	梨桜
りお	梨緒
りお	梨生
りお	梨穂
りお	梨陽
りお	梨凰
りお	理愛
りお	理於
りお	理央
りお	理王
りお	理乙
りお	理音
りお	理桜
りお	理緒
りお	理織
りお	理生
りお	理大
りお	理夫
りお	理陽
りお	璃愛
りお	璃央
りお	璃旺
りお	璃乙
りお	璃穏
りお	璃音
りお	璃桜
りお	璃緒
りお	璃織
りお	璃生
りお	璃青
りお	璃麻
りお	璃和
りお	裡央
りお	里央
りお	里旺
りお	里桜
りお	里緒
りお	里織
りお	里麻
りお	里和
りお	陸央
りお	琳王
りお	鈴凰
りお	麗愛
りお	麗央
りお	麗生
りお	俐愛
りお	俐央
りお	俐音
りお	俐緒
りお	俐生
りお	俐凰
りお	凛愛
りお	凛央
りお	凛旺
りお	凛王
りお	凛音
りお	凛桜
りお	凛緒
りお	凛生
りお	凛青
りお	凛和
りお	凛凰
りお	莉愛
りお	莉於
りお	莉央
りお	莉旺
りお	莉乙
りお	莉音
りお	莉桜
りお	莉緒
りお	莉織
りお	莉生
りお	莉大
りお	莉穂
りお	莉陽
りお	莉零
りお	莉和
りお	莉凰
りお	莉煌
りお	凜央
りお	凜音
りお	凜凰
りおん	りおん
りおん	浬音
りおん	哩音
りおん	利苑
りおん	利音
りおん	吏恩
りおん	吏穏
りおん	吏音
りおん	李恩
りおん	李温
りおん	李穏
りおん	李音
りおん	梨恩
りおん	梨温
りおん	梨音
りおん	理園
りおん	理苑
りおん	理遠
りおん	理恩
りおん	理温
りおん	理音
りおん	璃苑
りおん	璃恩
りおん	璃温
りおん	璃穏
りおん	璃音
りおん	里穏
りおん	里音
りおん	琉音
りおん	涼音
りおん	涼風
りおん	琳音
りおん	瑠恩
りおん	俐苑
りおん	俐恩
りおん	俐音
りおん	凛苑
りおん	凛恩
りおん	凛温
りおん	凛穏
りおん	凛音
りおん	莉苑
りおん	莉遠
りおん	莉恩
りおん	莉温
りおん	莉穏
りおん	莉音
りおん	莉桜
りおん	凜恩
りおん	凜音
りずむ	りずむ
りずむ	愛絆
りずむ	奏音
りつ	りつ
りつ	浬都
りつ	栗
りつ	織紬
りつ	利津
りつ	利紬
りつ	利都
りつ	吏津
りつ	吏紬
りつ	吏都
りつ	李津
りつ	李紬
りつ	李都
りつ	梨月
りつ	梨嗣
りつ	梨津
りつ	梨都
りつ	理亜
りつ	理津
りつ	理椿
りつ	理都
りつ	璃津
りつ	璃都
りつ	里津
りつ	里都
りつ	律
りつ	律津
りつ	律都
りつ	率
りつ	立
りつ	俐津
りつ	俐紬
りつ	俐都
りつ	凛月
りつ	凛津
りつ	凛都
りつ	莉月
りつ	莉尽
りつ	莉津
りつ	莉紬
りつ	莉都
りつ	黎都
りと	りと
りと	織都
りと	利音
りと	利都
りと	吏乙
りと	吏杜
りと	吏都
りと	李音
りと	李采
りと	李兎
りと	李都
りと	梨音
りと	梨采
りと	梨仁
りと	梨斗
りと	梨都
りと	梨翔
りと	理仁
りと	理杜
りと	理都
りと	理冬
りと	理翔
りと	璃乙
りと	璃音
りと	璃采
りと	璃斗
りと	璃杜
りと	璃都
りと	里音
りと	里采
りと	里斗
りと	里杜
りと	里都
りと	里飛
りと	離人
りと	俐采
りと	俐斗
りと	俐都
りと	凛音
りと	凛采
りと	凛兎
りと	凛都
りと	莉音
りと	莉采
りと	莉仁
りと	莉斗
りと	莉登
りと	莉都
りと	莉翔
りと	凜音
りと	凜采
りょう	りょう
りょう	リョウ
りょう	綾
りょう	菱
りょう	椋
りょう	龍
りょう	了
りょう	亮
りょう	亮有
りょう	僚
りょう	両
りょう	凌
りょう	凌央
りょう	寮
りょう	梁
りょう	涼
りょう	瞭
りょう	稜
りょう	良
りょう	諒
りょう	遼
りょう	陵
りょう	令
りょう	伶
りょう	嶺
りょう	怜
りょう	玲
りょう	零
りょう	凉
りょう	崚
りょう	澪
りょう	燎
りょう	羚
りん	りん
りん	綾
りん	梨
りん	倫
りん	林
りん	琳
りん	臨
りん	輪
りん	鱗
りん	麟
りん	鈴
りん	凛
りん	稟
りん	綸
りん	凜
るあ	るあ
るあ	流愛
るあ	琉亜
るあ	琉愛
るあ	琉雅
るあ	琉空
るあ	隆愛
るあ	瑠亜
るあ	瑠愛
るあ	瑠空
るい	るい
るい	ルイ
るい	流以
るい	流依
るい	流惟
るい	流衣
るい	流生
るい	流唯
るい	流已
るい	琉愛
るい	琉葵
るい	琉以
るい	琉伊
るい	琉依
るい	琉惟
るい	琉維
るい	琉衣
るい	琉音
るい	琉海
るい	琉莞
るい	琉生
るい	琉唯
るい	留以
るい	留伊
るい	留依
るい	留惟
るい	留維
るい	留衣
るい	留生
るい	留泉
るい	留唯
るい	瑠以
るい	瑠伊
るい	瑠依
るい	瑠偉
るい	瑠惟
るい	瑠維
るい	瑠衣
るい	瑠一
るい	瑠莞
るい	瑠彩
るい	瑠似
るい	瑠色
るい	瑠生
るい	瑠泉
るい	瑠唯
るい	瑠倭
るい	塁
るい	累
るい	類
るい	路易
るい	壘
るう	流羽
るう	琉宇
るう	琉羽
るう	瑠羽
るう	瑠優
るう	瑠侑
るか	るか
るか	ルカ
るか	流伽
るか	流嘉
るか	流夏
るか	流果
るか	流架
るか	流歌
るか	流禾
るか	流花
るか	流華
るか	流香
るか	流楓
るか	流風
るか	琉榎
るか	琉伽
るか	琉佳
るか	琉加
るか	琉可
るか	琉嘉
るか	琉夏
るか	琉架
るか	琉歌
るか	琉珂
るか	琉禾
るか	琉花
るか	琉華
るか	琉迦
るか	琉海
るか	琉叶
るか	琉香
るか	琉克
るか	琉楓
るか	琉風
るか	琉和
るか	琉翔
るか	留佳
るか	留加
るか	留嘉
るか	瑠榎
るか	瑠伽
るか	瑠佳
るか	瑠加
るか	瑠可
るか	瑠嘉
るか	瑠夏
るか	瑠架
るか	瑠珂
るか	瑠禾
るか	瑠花
るか	瑠華
るか	瑠賀
るか	瑠海
るか	瑠叶
るか	瑠圭
るか	瑠日
るか	瑠楓
るか	瑠風
るか	瑠蘭
るか	瑠和
るか	瑠栞
るか	瑠翔
るか	路加
れい	れい
れい	湖
れい	光
れい	領
れい	令
れい	令衣
れい	伶
れい	伶依
れい	伶維
れい	伶衣
れい	伶生
れい	伶唯
れい	冷
れい	励
れい	嶺
れい	怜
れい	怜依
れい	怜維
れい	怜衣
れい	怜生
れい	玲
れい	玲依
れい	玲偉
れい	玲維
れい	玲衣
れい	玲生
れい	玲斐
れい	玲唯
れい	礼
れい	礼依
れい	礼偉
れい	礼唯
れい	鈴
れい	零
れい	零依
れい	零衣
れい	麗
れい	麗以
れい	麗伊
れい	麗依
れい	麗偉
れい	麗生
れい	蓮唯
れい	澪
れい	禮
れい	羚
れい	莉
れい	黎
れん	れん
れん	怜
れん	廉
れん	恋
れん	憐
れん	漣
れん	煉
れん	簾
れん	蓮
れん	蓮音
れん	連
わおん	和音
わかさ	若佐
わかさ	若桜
