あいが	亜伊雅
あいが	亜衣雅
あいが	哀牙
あいが	愛一雅
あいが	愛夏
あいが	愛牙
あいが	愛駕
あいが	愛香
あいが	愛翔
あいが	藍夏
あいが	藍河
あいが	藍牙
あいが	藍駕
あいが	藍楽
あいき	亜以己
あいき	亜維樹
あいき	亜衣希
あいき	哀輝
あいき	愛揮
あいき	愛己
あいき	愛築
あいき	愛暉
あいき	逢喜
あいき	逢希
あいき	逢季
あいき	逢紀
あいき	逢輝
あいき	逢樹
あいき	逢生
あいき	会輝
あいき	合希
あいき	合気
あいき	合桔
あいき	瞬輝
あいき	心綺
あいき	蒼桔
あいき	碧希
あいき	碧生
あいき	明生
あいき	藍毅
あいき	藍季
あいき	藍紀
あいき	藍輝
あいき	藍樹
あいき	藍生
あいき	和希
あいき	和暉
あいき	曖貴
あいき	曖己
あいき	曖絆
あいく	哀玖
あいく	愛駆
あいく	愛唯来
あいく	逢郁
あいく	藍功
あいじ	亜唯児
あいじ	愛司
あいじ	愛詩
あいじ	愛児
あいじ	愛時
あいじ	愛治
あいじ	愛蒔
あいじ	愛二
あいじ	逢時
あいじ	逢仁
あいじ	相慈
あいじ	藍司
あいじ	藍士
あいじ	藍二
あいと	亜依人
あいと	亜依仁
あいと	亜惟杜
あいと	亜維士
あいと	亜衣都
あいと	亜弦
あいと	亜絃
あいと	哀斗
あいと	哀翔
あいと	愛衣斗
あいと	愛一人
あいと	愛一飛
あいと	愛一翔
あいと	愛虎
あいと	愛士
あいと	愛十
あいと	愛人
あいと	愛仁
あいと	愛生音
あいと	愛生心
あいと	愛説
あいと	愛大
あいと	愛兎
あいと	愛杜
あいと	愛渡
あいと	愛途
あいと	愛土
あいと	愛冬
あいと	愛刀
あいと	愛統
あいと	愛透
あいと	愛飛
あいと	愛利
あいと	逢音
あいと	逢叶
あいと	逢糸
あいと	逢人
あいと	逢仁
あいと	逢斗
あいと	逢登
あいと	逢冬
あいと	逢翔
あいと	会斗
あいと	空弦
あいと	空生斗
あいと	空杜
あいと	吾衣翔
あいと	吾弦
あいと	吾絃
あいと	合采
あいと	彩人
あいと	彩翔
あいと	心羽
あいと	心音
あいと	心人
あいと	相人
あいと	相斗
あいと	相登
あいと	相翔
あいと	蒼心
あいと	碧絃
あいと	碧士
あいと	碧人
あいと	碧大
あいと	碧斗
あいと	歩叶
あいと	明唯斗
あいと	藍音
あいと	藍叶
あいと	藍亨
あいと	藍士
あいと	藍人
あいと	藍仁
あいと	藍斗
あいと	藍杜
あいと	藍飛
あいと	藍豊
あいと	藍利
あいと	藍翔
あいと	和惟斗
あいと	和音
あいと	和絃
あいと	和士
あいと	和人
あいと	和仁
あいと	和生音
あいと	和斗
あいと	和翔
あいと	曖衣斗
あいと	曖音
あいと	曖人
あいと	曖仁
あいと	曖兎
あいと	曖斗
あいと	曖渡
あいと	曖翔
あいま	亜唯真
あいま	愛実
あいま	愛馬
あいま	逢馬
あいま	碧真
あいま	藍馬
あお	亜旺
あお	亜夫
あお	亜勇
あお	亜陽
あお	愛旺
あお	愛王
あお	愛勇
あお	逢大
あお	逢和
あお	逢凰
あお	襖
あお	雅生
あお	仰
あお	空弘
あお	空竣
あお	空渚
あお	空織
あお	空青
あお	空大
あお	空雄
あお	空朗
あお	空凰
あお	吾生
あお	昂和
あお	彩央
あお	彩旺
あお	彩勇
あお	彩雄
あお	彩煌
あお	神
あお	青央
あお	扇
あお	蒼士
あお	蒼大
あお	蒼陽
あお	蒼和
あお	蒼凰
あお	天陽
あお	碧旺
あお	碧王
あお	碧士
あお	碧生
あお	碧大
あお	碧和
あお	明推
あお	明生
あお	明和
あお	有生
あお	亞雄
あお	晟大
あおい	亜於伊
あおい	亜於衣
あおい	亜甥
あおい	亜央意
あおい	亜央生
あおい	亜央李
あおい	亜王威
あおい	亜王唯
あおい	亜乙生
あおい	亜乙已
あおい	亜御生
あおい	亜緒伊
あおい	亜生維
あおい	亜生唯
あおい	亜男威
あおい	亜男生
あおい	亜男唯
あおい	亜尾依
あおい	亜尾衣
あおい	亜夫維
あおい	亜夫衣
あおい	亜雄委
あおい	亜和伊
あおい	亜和衣
あおい	亜和一
あおい	阿於伊
あおい	阿生衣
あおい	阿生唯
あおい	阿男維
あおい	阿男生
あおい	阿夫生
あおい	阿雄依
あおい	阿雄生
あおい	阿和衣
あおい	愛甥
あおい	愛央委
あおい	愛央威
あおい	愛央意
あおい	愛王依
あおい	愛乙意
あおい	愛乙唯
あおい	愛恩生
あおい	愛音依
あおい	愛音衣
あおい	愛桜衣
あおい	愛生伊
あおい	愛生依
あおい	愛生威
あおい	愛生意
あおい	愛生維
あおい	愛男維
あおい	愛夫威
あおい	愛夫一
あおい	愛夫生
あおい	愛和生
あおい	葵威
あおい	葵亥
あおい	葵一
あおい	葵壱
あおい	葵云
あおい	葵央
あおい	葵乙
あおい	葵叶
あおい	葵空
あおい	葵糸
あおい	葵大
あおい	絢甥
あおい	絢生
あおい	綾甥
あおい	綾生
あおい	粟生唯
あおい	安於以
あおい	安甥
あおい	安生威
あおい	安男威
あおい	安雄唯
あおい	杏生
あおい	海生
あおい	仰偉
あおい	仰威
あおい	仰維
あおい	仰唯
あおい	空男生
あおい	吾男生
あおい	吾雄依
あおい	吾雄唯
あおい	彩甥
あおい	青位
あおい	青偉
あおい	青委
あおい	青威
あおい	青惟
あおい	青意
あおい	青椅
あおい	青郁
あおい	青一
あおい	青已
あおい	扇巳
あおい	蒼委
あおい	蒼威
あおい	蒼意
あおい	蒼維
あおい	蒼緯
あおい	蒼井
あおい	蒼一
あおい	蒼壱
あおい	蒼云
あおい	蒼音
あおい	蒼絃
あおい	蒼士
あおい	蒼粋
あおい	蒼大
あおい	蒼斐
あおい	蒼勇
あおい	蒼已
あおい	碧委
あおい	碧威
あおい	碧意
あおい	碧為
あおい	碧医
あおい	碧一
あおい	碧壱
あおい	碧逸
あおい	碧云
あおい	碧言
あおい	碧五
あおい	碧射
あおい	碧大
あおい	碧道
あおい	碧妃
あおい	明甥
あおい	明央偉
あおい	明央維
あおい	明央生
あおい	明王衣
あおい	明王生
あおい	明温維
あおい	明桜生
あおい	明織依
あおい	明生
あおい	明生伊
あおい	明生威
あおい	明生衣
あおい	明男委
あおい	明男維
あおい	明男生
あおい	明男已
あおい	明夫委
あおい	明夫衣
あおい	明和伊
あおい	明和衣
あおい	有央已
あおい	有王生
あおい	有生
あおい	有生依
あおい	有生唯
あおい	有男衣
あおい	有夫威
あおい	有夫維
あおい	有勇伊
あおい	藍憩
あおい	藍大
あおき	葵希
あおき	葵貴
あおき	葵輝
あおき	葵暉
あおき	葵絆
あおき	空央輝
あおき	青喜
あおき	青基
あおき	青希
あおき	青紀
あおき	青規
あおき	青記
あおき	青貴
あおき	青軌
あおき	青輝
あおき	青騎
あおき	青己
あおき	青樹
あおき	蒼葵
あおき	蒼央輝
あおき	蒼基
あおき	蒼季
あおき	蒼稀
あおき	蒼貴
あおき	蒼桔
あおき	蒼響
あおき	蒼己
あおき	蒼生
あおき	蒼來
あおき	蒼暉
あおき	蒼絆
あおき	碧喜
あおき	碧季
あおき	碧紀
あおき	碧貴
あおき	碧起
あおき	碧輝
あおき	碧玖
あおき	碧城
あおき	碧生
あおき	碧大
あおき	碧來
あおし	亜雄史
あおし	葵司
あおし	葵史
あおし	葵士
あおし	葵志
あおし	葵獅
あおし	葵至
あおし	葵詩
あおし	葵俊
あおし	葵心
あおし	仰志
あおし	神心
あおし	青
あおし	青司
あおし	青史
あおし	青嗣
あおし	青士
あおし	青志
あおし	青獅
あおし	青至
あおし	青詩
あおし	青資
あおし	蒼
あおし	蒼梓
あおし	蒼司
あおし	蒼史
あおし	蒼嗣
あおし	蒼士
あおし	蒼始
あおし	蒼師
あおし	蒼思
あおし	蒼獅
あおし	蒼至
あおし	蒼詞
あおし	蒼詩
あおし	蒼誌
あおし	蒼資
あおし	蒼侍
あおし	蒼示
あおし	蒼識
あおし	蒼心
あおし	蒼慎
あおし	蒼真
あおし	碧司
あおし	碧史
あおし	碧士
あおし	碧師
あおし	碧志
あおし	碧思
あおし	碧紫
あおし	碧詩
あおし	碧誌
あおし	碧侍
あおし	碧時
あおし	碧信
あおし	碧心
あおし	碧深
あおし	碧真
あおし	碧神
あおし	碧之
あおし	藍詩
あおぞら	亜空
あおぞら	葵天
あおぞら	仰空
あおぞら	碧天
あおと	あお斗
あおと	亜央士
あおと	亜央斗
あおと	亜音
あおと	亜男都
あおと	亜尾斗
あおと	阿音
あおと	阿尾斗
あおと	愛桜音
あおと	愛緒斗
あおと	愛緒翔
あおと	愛生音
あおと	愛和人
あおと	逢音
あおと	葵乙
あおと	葵音
あおと	葵叶
あおと	葵響
あおと	葵己
あおと	葵士
あおと	葵俊
あおと	葵人
あおと	葵仁
あおと	葵大
あおと	葵跳
あおと	葵兎
あおと	葵杜
あおと	葵登
あおと	葵土
あおと	葵飛
あおと	葵友
あおと	葵翔
あおと	安音
あおと	海羽
あおと	海帆音
あおと	開音
あおと	仰人
あおと	仰斗
あおと	仰都
あおと	仰翔
あおと	空央翔
あおと	空音
あおと	空桜音
あおと	空澄
あおと	梧豊
あおと	合壮斗
あおと	合壮翔
あおと	彩央人
あおと	彩音
あおと	在音
あおと	青永
あおと	青乙
あおと	青音
あおと	青叶
あおと	青采
あおと	青士
あおと	青疾
あおと	青十
あおと	青人
あおと	青仁
あおと	青澄
あおと	青跳
あおと	青徒
あおと	青斗
あおと	青杜
あおと	青登
あおと	青都
あおと	青砥
あおと	青冬
あおと	青透
あおと	青任
あおと	青飛
あおと	青富
あおと	青利
あおと	青翔
あおと	蒼永
あおと	蒼乙
あおと	蒼音
あおと	蒼叶
あおと	蒼兜
あおと	蒼絃
あおと	蒼虎
あおと	蒼采
あおと	蒼士
あおと	蒼疾
あおと	蒼十
あおと	蒼人
あおと	蒼仁
あおと	蒼世
あおと	蒼征
あおと	蒼大
あおと	蒼跳
あおと	蒼兎
あおと	蒼徒
あおと	蒼斗
あおと	蒼杜
あおと	蒼渡
あおと	蒼登
あおと	蒼冬
あおと	蒼透
あおと	蒼隼
あおと	蒼飛
あおと	蒼富
あおと	蒼豊
あおと	蒼利
あおと	蒼留
あおと	蒼和
あおと	蒼橙
あおと	碧
あおと	碧永
あおと	碧乙
あおと	碧音
あおと	碧海
あおと	碧叶
あおと	碧兜
あおと	碧虎
あおと	碧采
あおと	碧士
あおと	碧時
あおと	碧秋
あおと	碧十
あおと	碧人
あおと	碧仁
あおと	碧澄
あおと	碧大
あおと	碧兎
あおと	碧斗
あおと	碧杜
あおと	碧渡
あおと	碧登
あおと	碧砥
あおと	碧土
あおと	碧冬
あおと	碧燈
あおと	碧統
あおと	碧透
あおと	碧任
あおと	碧飛
あおと	碧富
あおと	碧友
あおと	碧利
あおと	碧橙
あおと	碧翔
あおと	明音
あおと	明緒人
あおと	明男斗
あおと	明雄人
あおと	明和采
あおと	有音
あおば	愛生波
あおば	愛夫葉
あおば	葵晴
あおば	葵覇
あおば	葵馬
あおば	仰羽
あおば	仰葉
あおば	空和葉
あおば	青晴
あおば	青把
あおば	青馬
あおば	扇羽
あおば	蒼華
あおば	蒼晴
あおば	蒼生
あおば	蒼馬
あおば	碧栄
あおば	碧晴
あおば	碧生
あおば	碧把
あおば	碧覇
あおば	碧馬
あかし	茜伎
あかし	垢司
あかし	朱司
あかし	朱嗣
あかし	朱子
あかし	朱志
あかし	証士
あかし	赤司
あかし	赤史
あかし	赤士
あかし	赤志
あかし	丹至
あかし	丹心
あかし	燈
あかし	燈志
あかし	緋志
あかし	明司
あかし	明史
あかし	明士
あかし	明志
あかし	明日士
あかし	有加紫
あき	亜暉
あき	阿基
あき	阿樹
あき	安毅
あき	雅輝
あき	介
あき	椛
あき	義
あき	享
あき	尭
あき	空稀
あき	空貴
あき	空樹
あき	空来
あき	謙
あき	顕
あき	吾起
あき	昂輝
あき	晃
あき	彩貴
あき	彩軌
あき	彩綺
あき	在來
あき	秋貴
あき	秋輝
あき	秋樹
あき	充紀
あき	充貴
あき	淳
あき	昭
あき	照
あき	信
あき	新
あき	翠
あき	聡
あき	暖来
あき	著
あき	哲
あき	天喜
あき	天秋
あき	碧月
あき	明貴
あき	明樹
あき	明耀
あき	明暉
あき	耀
あき	亮
あき	和樹
あき	亞希
あき	暉
あき	暉己
あき	曉
あき	燿
あき	禮
あき	麒
あきお	あきお
あきお	亜喜夫
あきお	亜希男
あきお	亜希夫
あきお	亜紀央
あきお	亜紀生
あきお	亜紀男
あきお	亜紀夫
あきお	亜紀雄
あきお	亜樹男
あきお	亜樹夫
あきお	亜樹雄
あきお	阿基男
あきお	阿基夫
あきお	阿基雄
あきお	阿木男
あきお	阿木夫
あきお	阿木雄
あきお	安輝生
あきお	安騎夫
あきお	安芸男
あきお	安芸夫
あきお	安芸雄
あきお	映男
あきお	映夫
あきお	映穂
あきお	映雄
あきお	瑛穂
あきお	輝央
あきお	輝生
あきお	輝穂
あきお	輝雄
あきお	義大
あきお	暁
あきお	暁央
あきお	暁生
あきお	暁大
あきお	暁男
あきお	暁夫
あきお	暁雄
あきお	暁郎
あきお	暁應
あきお	啓生
あきお	啓郎
あきお	慧穂
あきお	顕男
あきお	顕雄
あきお	光生
あきお	晃於
あきお	晃央
あきお	晃緒
あきお	晃生
あきお	晃男
あきお	晃夫
あきお	晃雄
あきお	晃朗
あきお	航穂
あきお	燦生
あきお	秋央
あきお	秋王
あきお	秋生
あきお	秋男
あきお	秋夫
あきお	秋雄
あきお	秋郎
あきお	彰生
あきお	彰男
あきお	彰夫
あきお	彰雄
あきお	彰朗
あきお	彰郎
あきお	招雄
あきお	昌生
あきお	昭央
あきお	昭生
あきお	昭男
あきお	昭夫
あきお	昭雄
あきお	昭郎
あきお	晶央
あきお	晶王
あきお	晶生
あきお	晶雄
あきお	章央
あきお	章緒
あきお	章生
あきお	章男
あきお	章夫
あきお	章雄
あきお	章郎
あきお	翠生
あきお	翠穂
あきお	翠朗
あきお	壮士
あきお	爽士
あきお	爽生
あきお	爽穂
あきお	聡士
あきお	聡穂
あきお	聡勇
あきお	知央
あきお	知穂
あきお	智穂
あきお	哲朗
あきお	彬央
あきお	彬緒
あきお	彬生
あきお	彬男
あきお	彬夫
あきお	彬雄
あきお	彬郎
あきお	明央
あきお	明王
あきお	明喜央
あきお	明希雄
あきお	明桜
あきお	明生
あきお	明男
あきお	明夫
あきお	明雄
あきお	明朗
あきお	明郎
あきお	陽音
あきお	陽生
あきお	陽穂
あきお	亮央
あきお	亮生
あきお	亮夫
あきお	亮穂
あきお	亮雄
あきお	瞭王
あきお	諒生
あきお	諒夫
あきお	諒穂
あきお	玲穂
あきお	玲雄
あきお	礼生
あきお	礼穂
あきお	朗夫
あきお	晟夫
あきお	晟雄
あきと	アキト
あきと	亜喜人
あきと	亜喜斗
あきと	亜希人
あきと	亜希斗
あきと	亜希杜
あきと	亜希登
あきと	亜希翔
あきと	亜揮仁
あきと	亜稀人
あきと	亜稀斗
あきと	亜紀と
あきと	亜紀叶
あきと	亜紀人
あきと	亜紀斗
あきと	亜紀翔
あきと	亜輝人
あきと	亜輝斗
あきと	亜己人
あきと	阿紀都
あきと	愛音
あきと	愛希人
あきと	愛季翔
あきと	愛輝利
あきと	愛輝翔
あきと	愛秋斗
あきと	愛生士
あきと	愛斗
あきと	愛飛
あきと	愛来斗
あきと	逢喜人
あきと	逢輝人
あきと	旭叶
あきと	旭寿
あきと	旭人
あきと	旭仁
あきと	旭徒
あきと	旭斗
あきと	旭登
あきと	旭冬
あきと	旭飛
あきと	旭利
あきと	旭翔
あきと	安希人
あきと	安芸斗
あきと	安芸和
あきと	叡仁
あきと	叡徒
あきと	叡斗
あきと	叡杜
あきと	叡飛
あきと	映士
あきと	映人
あきと	映仁
あきと	映斗
あきと	瑛永
あきと	瑛音
あきと	瑛士
あきと	瑛人
あきと	瑛仁
あきと	瑛説
あきと	瑛大
あきと	瑛斗
あきと	瑛登
あきと	瑛都
あきと	瑛冬
あきと	瑛把
あきと	瑛隼
あきと	瑛豊
あきと	瑛悠
あきと	瑛翔
あきと	央采
あきと	旺人
あきと	旺門
あきと	旺橙
あきと	旺翔
あきと	介人
あきと	覚士
あきと	観音
あきと	鑑人
あきと	希翔
あきと	紀仁
あきと	輝音
あきと	輝空
あきと	輝戸
あきと	輝士
あきと	輝人
あきと	輝仁
あきと	輝斗
あきと	輝登
あきと	輝都
あきと	輝冬
あきと	輝篤
あきと	輝飛
あきと	輝留
あきと	輝翔
あきと	義士
あきと	義人
あきと	義仁
あきと	義斗
あきと	義杜
あきと	尭叶
あきと	尭斗
あきと	尭杜
あきと	尭橙
あきと	尭翔
あきと	暁音
あきと	暁希斗
あきと	暁貴
あきと	暁士
あきと	暁人
あきと	暁仁
あきと	暁操
あきと	暁斗
あきと	暁杜
あきと	暁登
あきと	暁都
あきと	暁土
あきと	暁冬
あきと	暁飛
あきと	暁翔
あきと	空輝斗
あきと	空輝登
あきと	空人
あきと	空斗
あきと	空飛
あきと	空翔
あきと	啓音
あきと	啓人
あきと	啓仁
あきと	啓聡
あきと	啓斗
あきと	敬仁
あきと	敬斗
あきと	顕疾
あきと	顕人
あきと	顕兎
あきと	顕徒
あきと	顕斗
あきと	顕杜
あきと	顕登
あきと	顕飛
あきと	顕富
あきと	吾樹人
あきと	光音
あきと	光十
あきと	光人
あきと	光仁
あきと	光太
あきと	光斗
あきと	光登
あきと	光都
あきと	光飛
あきと	光利
あきと	光翔
あきと	昂士
あきと	昂人
あきと	昂斗
あきと	晃音
あきと	晃叶
あきと	晃采
あきと	晃士
あきと	晃疾
あきと	晃十
あきと	晃人
あきと	晃仁
あきと	晃兎
あきと	晃徒
あきと	晃斗
あきと	晃杜
あきと	晃登
あきと	晃都
あきと	晃土
あきと	晃冬
あきと	晃飛
あきと	晃富
あきと	晃豊
あきと	晃翔
あきと	在音
あきと	察兎
あきと	察斗
あきと	察杜
あきと	察登
あきと	察飛
あきと	燦采
あきと	燦疾
あきと	燦仁
あきと	燦斗
あきと	燦杜
あきと	燦飛
あきと	士斗
あきと	灼徒
あきと	灼斗
あきと	灼杜
あきと	灼飛
あきと	愁人
あきと	秋輝
あきと	秋采
あきと	秋士
あきと	秋人
あきと	秋仁
あきと	秋兎
あきと	秋斗
あきと	秋杜
あきと	秋渡
あきと	秋登
あきと	秋都
あきと	秋冬
あきと	秋門
あきと	秋翔
あきと	充輝都
あきと	充輝翔
あきと	充己斗
あきと	淳仁
あきと	曙人
あきと	彰都
あきと	彰音
あきと	彰采
あきと	彰士
あきと	彰疾
あきと	彰人
あきと	彰仁
あきと	彰兎
あきと	彰徒
あきと	彰斗
あきと	彰杜
あきと	彰登
あきと	彰都
あきと	彰飛
あきと	彰富
あきと	彰豊
あきと	彰友
あきと	彰翔
あきと	昌士
あきと	昌人
あきと	昌杜
あきと	昌登
あきと	昌飛
あきと	昌翔
あきと	昭音
あきと	昭叶
あきと	昭虎
あきと	昭疾
あきと	昭人
あきと	昭仁
あきと	昭兎
あきと	昭徒
あきと	昭斗
あきと	昭杜
あきと	昭登
あきと	昭飛
あきと	昭富
あきと	昭利
あきと	昭抖
あきと	昭翔
あきと	晶輝斗
あきと	晶士
あきと	晶疾
あきと	晶人
あきと	晶仁
あきと	晶兎
あきと	晶徒
あきと	晶斗
あきと	晶杜
あきと	晶登
あきと	晶途
あきと	晶都
あきと	晶土
あきと	晶透
あきと	晶飛
あきと	晶富
あきと	晶豊
あきと	晶翔
あきと	照音
あきと	照史
あきと	照士
あきと	照人
あきと	照仁
あきと	照斗
あきと	照土
あきと	照翔
あきと	章人
あきと	章仁
あきと	章聡
あきと	章斗
あきと	章杜
あきと	章登
あきと	章豊
あきと	章翔
あきと	紹斗
あきと	信人
あきと	信仁
あきと	信斗
あきと	翠音
あきと	翠士
あきと	翠人
あきと	翠仁
あきと	翠操
あきと	翠斗
あきと	翠杜
あきと	翠翔
あきと	成人
あきと	成仁
あきと	成隼
あきと	聖乙
あきと	聖音
あきと	聖人
あきと	聖斗
あきと	聖翔
あきと	誠音
あきと	誠士
あきと	誠人
あきと	誠仁
あきと	誠斗
あきと	誠登
あきと	誠翔
あきと	詮人
あきと	壮音
あきと	壮士
あきと	壮人
あきと	壮仁
あきと	壮斗
あきと	壮翔
あきと	爽音
あきと	爽叶
あきと	爽士
あきと	爽疾
あきと	爽人
あきと	爽仁
あきと	爽兎
あきと	爽徒
あきと	爽斗
あきと	爽杜
あきと	爽登
あきと	爽飛
あきと	爽富
あきと	爽翔
あきと	聡士
あきと	聡人
あきと	聡仁
あきと	聡斗
あきと	聡友
あきと	旦斗
あきと	知仁
あきと	的斗
あきと	的杜
あきと	的登
あきと	哲外
あきと	哲叶
あきと	哲士
あきと	哲疾
あきと	哲人
あきと	哲仁
あきと	哲兎
あきと	哲徒
あきと	哲斗
あきと	哲杜
あきと	哲登
あきと	哲都
あきと	哲飛
あきと	哲富
あきと	哲翔
あきと	白斗
あきと	白杜
あきと	白冬
あきと	白翔
あきと	彪叶
あきと	彪人
あきと	彪兎
あきと	彪斗
あきと	彪杜
あきと	彪登
あきと	彪翔
あきと	彬叶
あきと	彬疾
あきと	彬十
あきと	彬人
あきと	彬仁
あきと	彬聡
あきと	彬兎
あきと	彬徒
あきと	彬斗
あきと	彬杜
あきと	彬登
あきと	彬都
あきと	彬冬
あきと	彬飛
あきと	彬富
あきと	彬豊
あきと	彬翔
あきと	楓人
あきと	文人
あきと	稔仁
あきと	明音
あきと	明叶
あきと	明希人
あきと	明希斗
あきと	明希都
あきと	明希土
あきと	明希翔
あきと	明紀斗
あきと	明輝人
あきと	明輝斗
あきと	明輝飛
あきと	明輝翔
あきと	明慧
あきと	明士
あきと	明疾
あきと	明樹人
あきと	明十
あきと	明人
あきと	明仁
あきと	明生斗
あきと	明生土
あきと	明兎
あきと	明徒
あきと	明斗
あきと	明杜
あきと	明渡
あきと	明登
あきと	明都
あきと	明砥
あきと	明冬
あきと	明灯
あきと	明燈
あきと	明祷
あきと	明飛
あきと	明敏
あきと	明富
あきと	明豊
あきと	明来人
あきと	明利
あきと	明橙
あきと	明翔
あきと	盟人
あきと	有希音
あきと	有希士
あきと	有希人
あきと	有輝人
あきと	有樹人
あきと	雄仁
あきと	耀音
あきと	耀采
あきと	耀士
あきと	耀人
あきと	耀仁
あきと	耀智
あきと	耀斗
あきと	耀登
あきと	耀都
あきと	耀飛
あきと	耀翔
あきと	陽音
あきと	陽士
あきと	陽人
あきと	陽仁
あきと	陽太
あきと	陽斗
あきと	陽登
あきと	陽都
あきと	陽等
あきと	陽飛
あきと	陽豊
あきと	陽利
あきと	陽翔
あきと	理人
あきと	璃士
あきと	璃人
あきと	璃仁
あきと	璃斗
あきと	璃土
あきと	璃飛
あきと	璃留
あきと	璃翔
あきと	亮叶
あきと	亮士
あきと	亮疾
あきと	亮人
あきと	亮仁
あきと	亮兎
あきと	亮徒
あきと	亮斗
あきと	亮杜
あきと	亮登
あきと	亮都
あきと	亮土
あきと	亮飛
あきと	亮富
あきと	亮翔
あきと	瞭疾
あきと	瞭仁
あきと	瞭兎
あきと	瞭徒
あきと	瞭斗
あきと	瞭杜
あきと	瞭登
あきと	瞭飛
あきと	瞭富
あきと	諒乙
あきと	諒音
あきと	諒士
あきと	諒十
あきと	諒人
あきと	諒大
あきと	諒知
あきと	諒斗
あきと	諒都
あきと	玲音
あきと	玲人
あきと	玲斗
あきと	玲翔
あきと	礼人
あきと	礼仁
あきと	礼斗
あきと	朗音
あきと	朗士
あきと	朗疾
あきと	朗人
あきと	朗仁
あきと	朗兎
あきと	朗徒
あきと	朗斗
あきと	朗杜
あきと	朗登
あきと	朗都
あきと	朗冬
あきと	朗飛
あきと	朗富
あきと	朗翔
あきと	和士
あきと	惺土
あきと	慊人
あきと	昊斗
あきと	晄都
あきと	晄音
あきと	晄叶
あきと	晄采
あきと	晄士
あきと	晄疾
あきと	晄十
あきと	晄人
あきと	晄征
あきと	晄兎
あきと	晄徒
あきと	晄斗
あきと	晄杜
あきと	晄登
あきと	晄都
あきと	晄土
あきと	晄冬
あきと	晄飛
あきと	晄富
あきと	晄豊
あきと	晄翔
あきと	晟音
あきと	晟士
あきと	晟疾
あきと	晟人
あきと	晟仁
あきと	晟兎
あきと	晟徒
あきと	晟斗
あきと	晟杜
あきと	晟登
あきと	晟都
あきと	晟土
あきと	晟冬
あきと	晟飛
あきと	晟富
あきと	晟橙
あきと	晟翔
あきと	暉士
あきと	暉人
あきと	暉斗
あきと	暉登
あきと	暉都
あきと	暉翔
あきと	曉斗
あきと	曉橙
あきと	曉翔
あきと	滉士
あきと	滉人
あきと	煌音
あきと	煌虎
あきと	煌采
あきと	煌士
あきと	煌人
あきと	煌仁
あきと	煌大
あきと	煌斗
あきと	煌登
あきと	煌都
あきと	煌飛
あきと	煌利
あきと	煌翔
あきと	燎斗
あきと	燎冬
あきと	燿翔
あきと	皓士
あきと	皓人
あきと	皓翔
あきと	黎人
あきと	黎斗
あきなり	瑛成
あきなり	瑛也
あきなり	旺成
あきなり	旺生
あきなり	暁哉
あきなり	暁成
あきなり	暁也
あきなり	空成
あきなり	空也
あきなり	謙有
あきなり	顕成
あきなり	顕也
あきなり	晃成
あきなり	晃也
あきなり	秋成
あきなり	秋也
あきなり	彰成
あきなり	彰也
あきなり	昭成
あきなり	照也
あきなり	紹成
あきなり	哲也
あきなり	彬成
あきなり	彬也
あきなり	明育
あきなり	明成
あきなり	明也
あきなり	耀也
あきなり	陽成
あきなり	陽也
あきなり	璃成
あきなり	亮也
あきなり	瞭成
あきなり	諒成
あきなり	諒也
あきなり	昊成
あきなり	晟也
あきなり	滉也
あきなり	煌也
あきひ	映日
あきひ	秋飛
あきひ	璃陽
あきふみ	右典
あきふみ	叡典
あきふみ	映典
あきふみ	映文
あきふみ	瑛史
あきふみ	旺史
あきふみ	旺文
あきふみ	花鳥風月
あきふみ	鑑典
あきふみ	輝史
あきふみ	義史
あきふみ	尭典
あきふみ	暁史
あきふみ	暁文
あきふみ	敬文
あきふみ	憲史
あきふみ	研文
あきふみ	光史
あきふみ	幸典
あきふみ	晃史
あきふみ	晃典
あきふみ	晃文
あきふみ	秋書
あきふみ	秋章
あきふみ	秋文
あきふみ	彰史
あきふみ	彰文
あきふみ	昭史
あきふみ	昭文
あきふみ	晶史
あきふみ	祥史
あきふみ	章史
あきふみ	章文
あきふみ	正典
あきふみ	壮史
あきふみ	爽史
あきふみ	聡史
あきふみ	聡文
あきふみ	値史
あきふみ	哲史
あきふみ	哲文
あきふみ	彬史
あきふみ	明史
あきふみ	明書
あきふみ	明章
あきふみ	明文
あきふみ	陽史
あきふみ	陽典
あきふみ	陽文
あきふみ	璃文
あきふみ	了史
あきふみ	亮郁
あきふみ	亮文
あきふみ	瞭文
あきふみ	諒典
あきふみ	晟史
あきふみ	暉史
あきふみ	皓史
あきふみ	禮史
あきら	亜喜良
あきら	亜期羅
あきら	亜毅羅
あきら	亜紀羅
あきら	亜紀良
あきら	亜貴楽
あきら	亜貴羅
あきら	亜貴蘭
あきら	亜貴良
あきら	亜輝
あきら	亜輝楽
あきら	亜吉良
あきら	亜来羅
あきら	阿煌
あきら	愛喜楽
あきら	愛吉良
あきら	愛樹蕾
あきら	愛生羅
あきら	愛綺羅
あきら	逢煌
あきら	旭楽
あきら	旭羅
あきら	旭来
あきら	旭頼
あきら	旭雷
あきら	安岐羅
あきら	安輝羅
あきら	安欽羅
あきら	安芸羅
あきら	安芸良
あきら	杏葵蘭
あきら	杏喜羅
あきら	杏煌
あきら	威
あきら	郁良
あきら	右
あきら	瑛楽
あきら	瑛雷
あきら	瑛來
あきら	英源
あきら	旺
あきら	夏
あきら	開楽
あきら	開羅
あきら	開来
あきら	開頼
あきら	開雷
あきら	開良
あきら	確
あきら	覚
あきら	学
あきら	鑑
あきら	輝瑛
あきら	輝羅
あきら	享
あきら	卿
あきら	鏡
あきら	尭
あきら	暁来
あきら	暁頼
あきら	暁雷
あきら	暁良
あきら	吟
あきら	空
あきら	空輝
あきら	空羅
あきら	空良
あきら	啓煌
あきら	景
あきら	憲
あきら	賢
あきら	顕
あきら	顕楽
あきら	顕彰
あきら	吾樹羅
あきら	光良
あきら	公
あきら	昂
あきら	晃楽
あきら	晃羅
あきら	晃来
あきら	晃嵐
あきら	晃良
あきら	晃煌
あきら	行
あきら	彩晃
あきら	士
あきら	秋楽
あきら	秋空
あきら	秋螺
あきら	秋藍
あきら	秋蘭
あきら	秋樂
あきら	秋煌
あきら	春
あきら	曙楽
あきら	彰
あきら	彰羅
あきら	彰雷
あきら	彰良
あきら	昇来
あきら	昇頼
あきら	昌
あきら	昭
あきら	昭楽
あきら	昭羅
あきら	昭雷
あきら	晶楽
あきら	晶輝羅
あきら	晶頼
あきら	晶來
あきら	照
あきら	照良
あきら	祥
あきら	章
あきら	章楽
あきら	章羅
あきら	章良
あきら	証
あきら	信
あきら	信良
あきら	審良
あきら	成
あきら	成良
あきら	晴
あきら	正
あきら	誠
あきら	全
あきら	全雷
あきら	全良
あきら	爽
あきら	聡良
あきら	泰
あきら	旦
あきら	智
あきら	聴
あきら	諦
あきら	諦羅
あきら	哲
あきら	哲良
あきら	徹
あきら	東
あきら	燈煌輝
あきら	日楽
あきら	日明
あきら	熱輝雷
あきら	発
あきら	彪
あきら	彪良
あきら	彪煌
あきら	彬楽
あきら	彬頼
あきら	彬雷
あきら	幌
あきら	明忌羅
あきら	明貴楽
あきら	明貴良
あきら	明樹羅
あきら	明羅
あきら	明雷
あきら	明蕾
あきら	明萊
あきら	諭来
あきら	諭頼
あきら	諭良
あきら	有季羅
あきら	有樹羅
あきら	有木羅
あきら	融
あきら	耀
あきら	耀楽
あきら	耀良
あきら	陽輝
あきら	陽來
あきら	璃
あきら	璃晃
あきら	璃蘭
あきら	璃良
あきら	亮楽
あきら	亮来
あきら	亮雷
あきら	良
あきら	諒
あきら	怜
あきら	麗良
あきら	烈
あきら	朗
あきら	朗楽
あきら	朗頼
あきら	亞喜楽
あきら	昊
あきら	旻
あきら	昴
あきら	晄来
あきら	晄良
あきら	晁
あきら	晨
あきら	晟
あきら	晟来
あきら	晟良
あきら	晢
あきら	暉来
あきら	暹
あきら	曄
あきら	洸
あきら	滉
あきら	煌
あきら	燎
あきら	燿
あきら	璋
あきら	皓
あきら	聰
あきら	證
あくあ	亜虎海
あくあ	愛久空
あくあ	愛功明
あくあ	海空
あくあ	青空海
あくあ	明吾
あさき	亜幸
あさき	亜佐騎
あさき	亜埼
あさき	亜紗騎
あさき	亜紗樹
あさき	旭葵
あさき	旭幹
あさき	旭基
あさき	旭嬉
あさき	旭希
あさき	旭稀
あさき	旭紀
あさき	旭貴
あさき	旭軌
あさき	旭輝
あさき	旭騎
あさき	旭樹
あさき	旭生
あさき	元稀
あさき	浅紀
あさき	旦輝
あさき	朝揮
あさき	朝樹
あさき	朝来
あさき	朝暉
あさき	麻喜
あさき	麻希
あさき	麻貴
あさき	麻起
あさき	麻己
あさき	麻樹
あさき	明魁
あさぎ	浅葱
あさと	アサト
あさと	亜郷
あさと	亜慧
あさと	亜賢
あさと	亜佐人
あさと	亜佐登
あさと	亜沙人
あさと	亜沙斗
あさと	亜沙杜
あさと	亜砂都
あさと	亜冴斗
あさと	亜冴翔
あさと	亜咲人
あさと	亜紗人
あさと	亜仁
あさと	亜聡
あさと	亜理
あさと	阿郷
あさと	阿冴士
あさと	阿智
あさと	旭時
あさと	旭人
あさと	旭仁
あさと	旭斗
あさと	旭登
あさと	安佐人
あさと	開里
あさと	空聖
あさと	空智
あさと	元飛
あさと	元翔
あさと	吾郷
あさと	吾賢
あさと	吾聖
あさと	吾怜
あさと	彩郷
あさと	彩里
あさと	滋士
あさと	充賢
あさと	浅斗
あさと	浅利
あさと	聡
あさと	蒼慧
あさと	旦人
あさと	朝音
あさと	朝賢
あさと	朝戸
あさと	朝士
あさと	朝人
あさと	朝仁
あさと	朝斗
あさと	朝杜
あさと	朝途
あさと	朝土
あさと	朝飛
あさと	朝里
あさと	朝翔
あさと	日都
あさと	麻音
あさと	麻人
あさと	麻仁
あさと	麻聡
あさと	麻智
あさと	麻兎
あさと	麻斗
あさと	麻飛
あさと	麻翔
あさと	明賢
あさと	明咲人
あさと	明聡
あさと	明里
あさと	明怜
あさと	明惺
あさと	有聡
あさと	有里
あさと	諒人
あさと	諒翔
あさと	晨人
あさひ	亜佐一
あさひ	亜佐日
あさひ	亜佐陽
あさひ	亜沙斐
あさひ	亜咲比
あさひ	亜紗飛
あさひ	亜小陽
あさひ	亜爽陽
あさひ	亜早陽
あさひ	亜理日
あさひ	阿佐火
あさひ	阿佐日
あさひ	阿佐比
あさひ	阿佐飛
あさひ	阿佐陽
あさひ	阿沙陽
あさひ	愛佐陽
あさひ	愛沙妃
あさひ	愛才陽
あさひ	愛咲日
あさひ	愛紗緋
あさひ	愛紗姫
あさひ	葵咲陽
あさひ	旭広
あさひ	旭冴
あさひ	旭秀
あさひ	旭森
あさひ	旭人
あさひ	旭大
あさひ	旭灯
あさひ	旭燈
あさひ	旭緋
あさひ	旭飛
あさひ	旭柊
あさひ	旭林
あさひ	旭翔
あさひ	安佐緋
あさひ	安佐陽
あさひ	安沙飛
あさひ	杏沙妃
あさひ	杏紗日
あさひ	海沙陽
あさひ	空佐陽
あさひ	空冴飛
あさひ	空冴陽
あさひ	空爽陽
あさひ	空飛
あさひ	元燈
あさひ	元毘
あさひ	元陽
あさひ	吾沙日
あさひ	光皐陽
あさひ	晃陽
あさひ	昇冴
あさひ	昇飛
あさひ	浅火
あさひ	浅冴
あさひ	浅日
あさひ	浅比
あさひ	浅飛
あさひ	浅樋
あさひ	浅陽
あさひ	旦光
あさひ	旦燈
あさひ	旦緋
あさひ	旦飛
あさひ	旦柊
あさひ	旦桧
あさひ	朝一
あさひ	朝啓
あさひ	朝宏
あさひ	朝佐陽
あさひ	朝沙陽
あさひ	朝冴
あさひ	朝紗陽
あさひ	朝人
あさひ	朝大
あさひ	朝燈
あさひ	朝瞳
あさひ	朝日村
あさひ	朝日飛
あさひ	朝博
あさひ	朝斐
あさひ	朝躍
あさひ	朝裕
あさひ	朝耀
あさひ	朝燿
あさひ	麻火
あさひ	麻宏
あさひ	麻紘
あさひ	麻秀
あさひ	麻人
あさひ	麻飛
あさひ	麻氷
あさひ	麻裕
あさひ	明旭
あさひ	明佐日
あさひ	明佐陽
あさひ	明沙陽
あさひ	明彩燈
あさひ	明彩陽
あさひ	明咲飛
あさひ	明史翔
あさひ	明早日
あさひ	有佐陽
あさひ	陽
あさひ	諒冴
あさひ	諒秀
あさひ	諒灯
あさひ	諒燈
あさひ	諒日
あさひ	諒比
あさひ	諒緋
あさひ	諒毘
あさひ	諒檜
あさひ	礼妃
あさひ	晨晃
あさひ	晨飛
あさひ	晨陽
あした	晨
あしたか	愛鷹
あしゅ	愛手
あしゅ	空朱
あしゅ	吾守
あす	安澄
あすか	亜守加
あすか	亜須可
あすか	亜須禾
あすか	亜須叶
あすか	阿須可
あすか	阿須夏
あすか	阿須賀
あすか	阿須香
あすか	安須加
あすか	安須可
あすか	安須賀
あすか	安須香
あすか	空主加
あすか	飛可
あすか	飛鳥王
あすか	未来
あすか	明主加
あすか	明須佳
あすか	明須加
あすか	翌可
あすか	翔香
あずま	亜寿馬
あずま	梓実
あずま	吾妻
あずま	春
あずま	心東
あずま	東
あずま	東句
あずま	東真
あずま	東馬
あずま	東麻
あずま	明絆磨
あずま	雷
あせい	亜成
あせい	亜晴
あせい	亜生
あせい	亜誠
あせい	亜誓
あせい	亜青
あせい	亜惺
あせい	亜晟
あせい	阿聖
あせい	阿誠
あせい	旭晴
あせい	空晴
あせい	吾成
あせい	吾生
あせい	吾誠
あせい	彩星
あせい	彩生
あせい	天清
あせい	天誠
あせい	文聖
あせい	藍星
あつ	淳
あつ	純
あつ	篤
あつ	敦
あつき	亜槻
あつき	逢月
あつき	斡奇
あつき	斡樹
あつき	安津輝
あつき	杏月
あつき	温葵
あつき	温希
あつき	温稀
あつき	温紀
あつき	温輝
あつき	貴樹
あつき	京希
あつき	京輝
あつき	京樹
あつき	現月
あつき	厚葵
あつき	厚喜
あつき	厚希
あつき	厚稀
あつき	厚紀
あつき	厚輝
あつき	厚共
あつき	厚己
あつき	厚樹
あつき	孝基
あつき	秋月
あつき	秋月光
あつき	充葵
あつき	充希
あつき	充揮
あつき	充貴
あつき	充輝
あつき	充生
あつき	充煌
あつき	淳葵
あつき	淳基
あつき	淳稀
あつき	淳己
あつき	淳暉
あつき	純稀
あつき	純輝
あつき	純樹
あつき	純生
あつき	昌樹
あつき	昌生
あつき	晶玖
あつき	真樹
あつき	石井
あつき	暖葵
あつき	暖希
あつき	暖気
あつき	暖稀
あつき	暖己
あつき	暖生
あつき	暖大
あつき	忠希
あつき	忠樹
あつき	徳希
あつき	篤葵
あつき	篤喜
あつき	篤毅
あつき	篤祈
あつき	篤季
あつき	篤稀
あつき	篤紀
あつき	篤貴
あつき	篤輝
あつき	篤月
あつき	篤己
あつき	篤城
あつき	篤生
あつき	篤槻
あつき	篤暉
あつき	惇希
あつき	惇稀
あつき	惇紀
あつき	惇貴
あつき	惇輝
あつき	惇騎
あつき	惇月
あつき	惇樹
あつき	惇生
あつき	惇暉
あつき	敦葵
あつき	敦喜
あつき	敦毅
あつき	敦紀
あつき	敦軌
あつき	敦輝
あつき	敦月
あつき	敦樹
あつき	敦城
あつき	敦生
あつき	敦暉
あつき	熱気
あつき	豊葵
あつき	豊貴
あつき	睦記
あつき	湊喜
あつき	湊貴
あつき	湊輝
あつき	湊煌
あつき	陽月
あつき	陸希
あつき	陸揮
あつき	陸季
あつき	陸稀
あつき	陸紀
あつき	陸貴
あつき	陸輝
あつき	陸樹
あつき	涼希
あつき	涼季
あつき	涼輝
あつき	涼月
あつき	涼絆
あつき	諄喜
あつし	あつし
あつし	アツシ
あつし	亜津司
あつし	亜津志
あつし	亜都志
あつし	阿津志
あつし	愛都志
あつし	渥
あつし	渥司
あつし	渥士
あつし	渥志
あつし	斡志
あつし	安津志
あつし	温
あつし	温史
あつし	温士
あつし	温志
あつし	貴史
あつし	敬士
あつし	功士
あつし	厚
あつし	厚司
あつし	厚嗣
あつし	厚士
あつし	厚志
あつし	厚至
あつし	厚信
あつし	孝
あつし	孝茂
あつし	竺
あつし	集志
あつし	充司
あつし	充史
あつし	充士
あつし	充志
あつし	充孜
あつし	重
あつし	春志
あつし	淳
あつし	淳司
あつし	淳史
あつし	淳嗣
あつし	淳士
あつし	淳志
あつし	淳至
あつし	淳之
あつし	純
あつし	純史
あつし	純士
あつし	純志
あつし	醇
あつし	暑司
あつし	暑嗣
あつし	暑士
あつし	暑志
あつし	昌史
あつし	昌志
あつし	昌孜
あつし	専
あつし	暖
あつし	暖士
あつし	暖二
あつし	忠
あつし	忠嗣
あつし	忠詩
あつし	展
あつし	徳
あつし	徳士
あつし	徳崇
あつし	督
あつし	篤
あつし	篤司
あつし	篤史
あつし	篤嗣
あつし	篤士
あつし	篤志
あつし	篤詞
あつし	篤資
あつし	篤臣
あつし	惇
あつし	惇司
あつし	惇史
あつし	惇嗣
あつし	惇士
あつし	惇志
あつし	惇思
あつし	惇資
あつし	敦
あつし	敦司
あつし	敦嗣
あつし	敦士
あつし	敦支
あつし	敦獅
あつし	敦至
あつし	敦詞
あつし	敦資
あつし	敦賜
あつし	敦次
あつし	敦識
あつし	敦之
あつし	熱
あつし	熱司
あつし	熱史
あつし	熱嗣
あつし	熱士
あつし	熱志
あつし	熱至
あつし	濃
あつし	富
あつし	富士
あつし	復
あつし	豊史
あつし	睦
あつし	湊紫
あつし	有都志
あつし	陸
あつし	陸史
あつし	陸志
あつし	諄
あつし	諄史
あつし	諄士
あづき	阿月
あづき	翠月
あまと	亜実人
あまと	雨音
あまと	雨仁
あまと	海音
あまと	海人
あまと	海斗
あまと	海杜
あまと	海冬
あまと	海翔
あまと	天音
あまと	天人
あまと	天仁
あまと	天斗
あまと	天杜
あまと	天登
あまと	天都
あまと	天飛
あまと	天和
あまと	零翔
あまね	安真音
あまね	海士寧
あまね	海祢
あまね	天弥
あむ	亜武
あむ	挙武
あむ	明武
あむ	和夢
あむろ	亜室
あむろ	亜夢呂
あむろ	亜夢露
あむろ	阿室
あむろ	愛夢露
あむろ	吾夢路
あむろ	明武路
あむろ	明夢鷺
あもん	亜聞
あもん	亜問
あもん	亜紋
あもん	亜門
あもん	阿文
あもん	阿聞
あもん	阿問
あもん	阿紋
あもん	阿門
あもん	安紋
あもん	安門
あもん	敢紋
あもん	吾文
あもん	吾紋
あもん	蒼門
あもん	天紋
あもん	碧紋
あもん	明文
あもん	亞紋
あやお	絢央
あやお	絢男
あやお	絢夫
あやお	絢雄
あやお	綾夫
あやお	斐雄
あやお	彪生
あやお	文夫
あやお	紋央
あやお	紋生
あやお	紋男
あやお	紋夫
あやお	紋雄
あやお	紋郎
あやき	絢喜
あやき	絢希
あやき	絢季
あやき	絢輝
あやき	絢樹
あやき	綾基
あやき	綾機
あやき	綾毅
あやき	綾起
あやき	綾己
あやき	綾樹
あやき	恵輝
あやき	彩基
あやき	彩毅
あやき	彩樹
あやき	彩暉
あやき	文葵
あやき	紋希
あやき	妖希
あやき	礼葵
あやき	礼希
あやき	礼騎
あやと	亜哉人
あやと	亜也人
あやと	亜也斗
あやと	亜耶人
あやと	亜耶斗
あやと	亜弥斗
あやと	亜矢斗
あやと	亜矢都
あやと	亜矢翔
あやと	亜陽斗
あやと	阿也斗
あやと	阿弥斗
あやと	愛也斗
あやと	愛也斗人
あやと	愛也都
あやと	愛矢都
あやと	絢永
あやと	絢音
あやと	絢叶
あやと	絢絃
あやと	絢采
あやと	絢士
あやと	絢人
あやと	絢仁
あやと	絢聖
あやと	絢太
あやと	絢大
あやと	絢堵
あやと	絢斗
あやと	絢杜
あやと	絢渡
あやと	絢都
あやと	絢土
あやと	絢冬
あやと	絢燈
あやと	絢徳
あやと	絢敏
あやと	絢豊
あやと	絢友
あやと	絢利
あやと	絢翔
あやと	綾都
あやと	綾永
あやと	綾乙
あやと	綾音
あやと	綾叶
あやと	綾士
あやと	綾十
あやと	綾人
あやと	綾仁
あやと	綾大
あやと	綾斗
あやと	綾杜
あやと	綾都
あやと	綾土
あやと	綾飛
あやと	綾友
あやと	綾橙
あやと	綾翔
あやと	安弥斗
あやと	郁采
あやと	郁秋
あやと	郁人
あやと	郁仁
あやと	郁斗
あやと	郁門
あやと	郁翔
あやと	英音
あやと	英士
あやと	英斗
あやと	英杜
あやと	英登
あやと	漢仁
あやと	恵士
あやと	恵人
あやと	恵仁
あやと	恵聖
あやと	恵斗
あやと	恵友
あやと	恵翔
あやと	吾矢仁
あやと	吾矢斗
あやと	彩永
あやと	彩叶
あやと	彩士
あやと	彩糸
あやと	彩十
あやと	彩人
あやと	彩仁
あやと	彩説
あやと	彩兎
あやと	彩斗
あやと	彩杜
あやと	彩途
あやと	彩燈
あやと	彩到
あやと	彩飛
あやと	彩敏
あやと	彩豊
あやと	彩也斗
あやと	彩矢仁
あやと	彩橙
あやと	彩翔
あやと	采音
あやと	采叶
あやと	采史
あやと	采士
あやと	采人
あやと	采仁
あやと	采斗
あやと	采杜
あやと	采冬
あやと	采燈
あやと	采門
あやと	采翔
あやと	朱音
あやと	朱虎
あやと	朱人
あやと	朱斗
あやと	朱翔
あやと	純人
あやと	純仁
あやと	純飛
あやと	彰士
あやと	彰仁
あやと	彰登
あやと	章士
あやと	章人
あやと	章斗
あやと	章登
あやと	章都
あやと	章翔
あやと	菖人
あやと	斐斗
あやと	彪音
あやと	彪叶
あやと	彪人
あやと	彪仁
あやと	彪斗
あやと	彪杜
あやと	彪飛
あやと	彪翔
あやと	彬斗
あやと	彬杜
あやと	斌人
あやと	文音
あやと	文兜
あやと	文絃
あやと	文士
あやと	文十
あやと	文人
あやと	文仁
あやと	文斗
あやと	文杜
あやと	文登
あやと	文都
あやと	文燈
あやと	文飛
あやと	文翔
あやと	明也翔
あやと	紋士
あやと	紋人
あやと	紋兎
あやと	紋斗
あやと	紋杜
あやと	紋渡
あやと	紋登
あやと	紋都
あやと	紋土
あやと	紋翔
あやと	紋詢
あやと	有弥斗
あやと	妖斗
あやと	理永
あやと	理人
あやと	理仁
あやと	理斗
あやと	理杜
あやと	理翔
あやと	礼乙
あやと	礼音
あやと	礼采
あやと	礼人
あやと	礼知
あやと	礼兎
あやと	礼斗
あやと	礼杜
あやと	礼渡
あやと	礼都
あやと	礼翔
あやと	惠叶
あやと	惠士
あやと	惠仁
あやと	惠登
あやと	禮士
あやと	綺一
あやと	綺絃
あやと	綺士
あやと	綺人
あやと	綺仁
あやと	綺徒
あやと	綺斗
あやと	綺杜
あやと	綺都
あやと	綺利
あやと	綺翔
あゆき	亜結貴
あゆき	亜幸
あゆき	亜佑起
あゆき	亜悠毅
あゆき	亜裕貴
あゆき	亜裕生
あゆき	愛侑
あゆき	梓侑起
あゆき	鮎希
あゆき	鮎之
あゆき	開之
あゆき	空喜
あゆき	渉輝
あゆき	蒼志
あゆき	蒼至
あゆき	蒼之
あゆき	歩葵
あゆき	歩基
あゆき	歩気
あゆき	歩稀
あゆき	歩軌
あゆき	歩輝
あゆき	歩己
あゆき	歩樹
あゆき	歩来
あゆき	歩暉
あゆと	亜結斗
あゆと	亜優斗
あゆと	亜友翔
あゆと	亜由人
あゆと	亜由登
あゆと	亜由都
あゆと	亜由翔
あゆと	亜侑人
あゆと	愛結人
あゆと	愛結都
あゆと	愛優斗
あゆと	愛優都
あゆと	愛優翔
あゆと	愛悠斗
あゆと	愛悠都
あゆと	愛悠翔
あゆと	愛雄斗
あゆと	愛釉翔
あゆと	鮎人
あゆと	鮎斗
あゆと	鮎翔
あゆと	彩優斗
あゆと	天憂十
あゆと	碧翔
あゆと	歩音
あゆと	歩叶
あゆと	歩虎
あゆと	歩士
あゆと	歩時
あゆと	歩十
あゆと	歩人
あゆと	歩仁
あゆと	歩説
あゆと	歩杜
あゆと	歩途
あゆと	歩都
あゆと	歩友
あゆと	歩利
あゆと	歩橙
あゆと	歩翔
あゆと	明優音
あゆと	明優都
あゆと	有夢斗
あゆむ	步武
あゆむ	步夢
あゆむ	亜結武
あゆむ	亜癒夢
あゆむ	亜佑夢
あゆむ	亜優夢
あゆむ	亜由武
あゆむ	亜由夢
あゆむ	亜祐夢
あゆむ	亜裕夢
あゆむ	亜遊舞
あゆむ	亜侑武
あゆむ	阿由睦
あゆむ	愛結武
あゆむ	愛結睦
あゆむ	愛優夢
あゆむ	愛悠夢
あゆむ	愛由武
あゆむ	鮎武
あゆむ	鮎夢
あゆむ	安結夢
あゆむ	空優夢
あゆむ	空悠夢
あゆむ	空由夢
あゆむ	彩結夢
あゆむ	渉武
あゆむ	渉睦
あゆむ	渉務
あゆむ	渉六
あゆむ	捗
あゆむ	道
あゆむ	碧夢
あゆむ	歩む
あゆむ	歩空
あゆむ	歩向
あゆむ	歩弘
あゆむ	歩志
あゆむ	歩宗
あゆむ	歩生
あゆむ	歩武
あゆむ	歩望
あゆむ	歩務
あゆむ	歩牟
あゆむ	歩矛
あゆむ	歩霧
あゆむ	歩六
あゆむ	明優武
あゆむ	明優夢
あゆむ	有友睦
あゆむ	有由武
あゆむ	陸
あゆむ	遼歩
あらし	亜羅司
あらし	亜羅史
あらし	愛良史
あらし	安良士
あらし	改将
あらし	改信
あらし	改翔
あらし	吾良士
あらし	山風
あらし	疾風
あらし	新史
あらし	新士
あらし	新子
あらし	新師
あらし	新志
あらし	新枝
あらし	新慈
あらし	新将
あらし	新信
あらし	新心
あらし	新星
あらし	新知
あらし	新翔
あらし	神風
あらし	嵐
あらし	嵐司
あらし	嵐史
あらし	嵐嗣
あらし	嵐士
あらし	嵐志
あらし	嵐獅
あらし	嵐至
あらし	嵐資
あらし	翔潤
あらた	亜良多
あらた	亜良太
あらた	亜良大
あらた	阿良太
あらた	愛羅太
あらた	愛良太
あらた	愛良大
あらた	安良太
あらた	杏良太
あらた	改
あらた	改丈
あらた	改多
あらた	改太
あらた	改汰
あらた	改泰
あらた	革
あらた	空太
あらた	空大
あらた	空良多
あらた	検
あらた	顕汰
あらた	吾良太
あらた	更
あらた	荒太
あらた	灼
あらた	新維
あらた	新起
あらた	新建
あらた	新巧
あらた	新丈
あらた	新多
あらた	新汰
あらた	新泰
あらた	新大
あらた	新達
あらた	新歩
あらた	新良太
あらた	新逞
あらた	明良多
あらた	明良大
あらた	嵐多
あらた	嵐太
あらた	嵐汰
あらた	嵐大
あらた	了太
あらた	了茶
あらん	亜漣
あらん	娃蘭
あらん	阿嵐
あらん	愛嵐
あらん	逢嵐
あらん	葵嵐
あらん	安嵐
あらん	杏嵐
あらん	雅嵐
あらん	雅蘭
あらん	暁嵐
あらん	暁藍
あらん	空嵐
あらん	顕嵐
あらん	吾藍
あらん	晃嵐
あらん	彩嵐
あらん	彰嵐
あらん	新嵐
あらん	蒼嵐
あらん	歩嵐
あらん	明蘭
あらん	有嵐
あらん	和嵐
あらん	亞蘭
あらん	曖嵐
あり	空理
あり	在里
あり	生
あり	満
あり	有浬
ある	亜琉
ある	或
ある	或琉
ある	安流
ある	安琉
ある	晃輝
ある	合流
ある	在
ある	在瑠
ある	有流
あると	アルト
あると	亜流十
あると	亜流人
あると	亜流斗
あると	亜留人
あると	亜留斗
あると	亜瑠音
あると	亜瑠士
あると	亜瑠人
あると	亜瑠斗
あると	阿流斗
あると	阿留人
あると	阿留斗
あると	愛斗
あると	愛有人
あると	愛流斗
あると	愛留人
あると	愛留斗
あると	愛瑠斗
あると	愛類斗
あると	或音
あると	或叶
あると	或人
あると	或妬
あると	或斗
あると	或杜
あると	或翔
あると	安流人
あると	安流斗
あると	安留人
あると	安留斗
あると	安瑠士
あると	京
あると	空琉斗
あると	空瑠音
あると	空瑠斗
あると	光音
あると	在音
あると	在人
あると	在斗
あると	生翔
あると	歩士
あると	歩寿
あると	歩人
あると	歩仁
あると	歩説
あると	歩杜
あると	歩登
あると	歩都
あると	歩冬
あると	歩燈
あると	歩利
あると	歩瑠斗
あると	歩翔
あると	明流翔
あると	明瑠翔
あると	有音
あると	有疾
あると	有十
あると	有人
あると	有仁
あると	有説
あると	有大
あると	有斗
あると	有都
あると	有留斗
あると	遥翔
あるま	亜流馬
あるま	亜留馬
あるま	亜隆真
あるま	亜瑠真
あるま	愛琉真
あるま	或真
あるま	或先
あるま	或馬
あるま	或磨
あるま	或眞
あるま	安琉真
あるま	在真
あるま	在誠
あるま	主馬
あるま	天竜馬
あるま	歩護
あるま	歩実
あるま	歩舞
あるま	歩満
あるま	有馬
あれん	アレン
あれん	亜廉
あれん	亜漣
あれん	亜練
あれん	亜連
あれん	亜錬
あれん	阿蓮
あれん	阿錬
あれん	逢廉
あれん	葵蓮
あれん	杏連
あれん	空怜
あれん	空廉
あれん	空恋
あれん	空漣
あれん	紅蓮
あれん	彩廉
あれん	在蓮
あれん	充漣
あれん	蒼廉
あれん	蒼漣
あれん	蒼蓮
あれん	存連
あれん	碧蓮
あれん	歩蓮
あれん	明怜
あれん	明煉
あれん	有憐
あれん	有漣
あれん	有練
あれん	嵐蓮
あれん	藍怜
あれん	藍蓮
あろは	亜露羽
あろは	安呂葉
あろは	有呂波
あんじ	安司
あんじ	安志
あんじ	安慈
あんじ	安次
あんじ	安滋
あんじ	安治
あんじ	安寿
あんじ	安仁
あんじ	庵司
あんじ	庵史
あんじ	庵士
あんじ	庵志
あんじ	庵慈
あんじ	庵仁
あんじ	庵路
あんじ	按思
あんじ	按侍
あんじ	杏士
あんじ	杏志
あんじ	杏侍
あんじ	杏児
あんじ	杏治
あんじ	杏樹
あんじ	杏仁
あんじ	杏二
あんじ	行時
あんじ	行二
あんじ	晏司
あんじ	晏史
あんじ	晏士
あんじ	晏志
あんじ	晏次
あんじ	晏爾
あんじ	晏蒔
あんじ	晏寿
あんじ	晏二
あんり	按吏
あんり	晏綾
あんり	晏吏
いあん	伊庵
いあん	偉安
いあん	偉案
いあん	威安
いあん	威庵
いあん	惟安
いあん	一庵
いあん	一晏
いあん	居庵
いお	伊王
いお	伊夫
いお	依於
いお	依旺
いお	依生
いお	偉央
いお	偉士
いお	偉緒
いお	偉生
いお	偉夫
いお	偉雄
いお	偉零
いお	偉和
いお	威於
いお	惟緒
いお	惟生
いお	惟和
いお	維央
いお	維旺
いお	維生
いお	維伯
いお	維和
いお	緯生
いお	衣央
いお	衣音
いお	衣生
いお	遺和
いお	育大
いお	一央
いお	一織
いお	一生
いお	一青
いお	壱於
いお	壱旺
いお	壱桜
いお	行緒
いお	生雄
いお	唯臣
いお	唯生
いお	唯了
いお	唯和
いお	勇桜
いお	李凰
いおり	庵織
いおり	庵吏
いおり	庵李
いおり	庵律
いおり	庵琉
いおり	以央理
いおり	以音理
いおり	以織
いおり	伊央利
いおり	伊央吏
いおり	伊央璃
いおり	伊織利
いおり	伊織李
いおり	伊勇利
いおり	伊雄利
いおり	伊雄理
いおり	伊雄里
いおり	伊和理
いおり	依央利
いおり	依緒李
いおり	依織吏
いおり	依生吏
いおり	依生理
いおり	依雄理
いおり	偉央利
いおり	偉央李
いおり	偉央理
いおり	偉央璃
いおり	偉広亥
いおり	偉雄理
いおり	夷桜莉
いおり	威央理
いおり	威王吏
いおり	威織
いおり	尉織
いおり	惟央利
いおり	意居
いおり	意識
いおり	意織
いおり	易央理
いおり	易織
いおり	維央利
いおり	維央李
いおり	維央理
いおり	維央里
いおり	維桜理
いおり	維折
いおり	維和心
いおり	維和李
いおり	維和里
いおり	緯織
いおり	衣音李
いおり	衣緒李
いおり	衣男里
いおり	衣雄李
いおり	衣雄理
いおり	衣雄璃
いおり	衣和理
いおり	井織
いおり	亥織
いおり	郁織
いおり	一央織
いおり	一央李
いおり	一央理
いおり	一央里
いおり	一王理
いおり	一乙利
いおり	一桜李
いおり	一緒莉
いおり	一生李
いおり	一和理
いおり	壱織
いおり	壱織李
いおり	居織
いおり	五織
いおり	功織
いおり	至織
いおり	粋王浬
いおり	生音理
いおり	生緒李
いおり	生男吏
いおり	息織
いおり	唯愛莉
いおり	唯央璃
いおり	唯央里
いおり	唯折
いおり	唯男理
いおり	唯雄莉
いおん	依穏
いおん	威穏
いおん	一恩
いおん	一温
いおん	一音
いおん	今音
いおん	生恩
いおん	良音
いく	以空
いく	以来
いく	依空
いく	偉久
いく	偉玖
いく	惟久
いく	維久
いく	衣恭
いく	一玖
いく	一功
いく	壱空
いく	莞玖
いく	五久
いく	五玖
いく	射駆
いく	生久
いく	生琥
いく	侑
いくお	以久男
いくお	伊久雄
いくお	威久雄
いくお	育生
いくお	育造
いくお	育男
いくお	育夫
いくお	育雄
いくお	育郎
いくお	郁央
いくお	郁生
いくお	郁男
いくお	郁夫
いくお	郁雄
いくお	郁郎
いくお	幾央
いくお	幾生
いくお	幾男
いくお	幾雄
いくお	行央
いくお	行生
いくお	征夫
いくお	征雄
いくお	生竜尾
いこい	良恋
いさ	伊
いさ	偉瑳
いさ	威左
いさ	惟颯
いさ	為覚
いさ	維才
いさ	維紗
いさ	郁聖
いさ	義
いさ	勇
いさき	伊佐樹
いさき	伊佐木
いさき	緯咲
いさき	衣咲樹
いさき	潔希
いさき	功基
いさき	功季
いさき	功樹
いさき	功来
いさき	功暉
いさき	武輝
いさき	勇希
いさき	勇樹
いさき	力煌
いさな	維真
いさな	義渚
いさな	勲七
いさな	功真
いさな	唯真
いさな	勇七
いさな	勇成
いさな	勇波
いさな	已眞
いさみ	伊佐海
いさみ	伊佐実
いさみ	伊佐未
いさみ	伊三美
いさみ	偉左臣
いさみ	偉勇心
いさみ	敢
いさみ	敢巳
いさみ	義海
いさみ	義実
いさみ	勲海
いさみ	勲弥
いさみ	功海
いさみ	功見
いさみ	功己
いさみ	功実
いさみ	功巳
いさみ	功弥
いさみ	浩望
いさみ	勇胤
いさみ	勇己
いさみ	勇心
いさみ	勇巳
いさみ	勇湊
いしん	以心
いしん	以真
いしん	伊心
いしん	伊真
いしん	伊眞
いしん	依心
いしん	依真
いしん	依芯
いしん	偉心
いしん	偉晋
いしん	偉進
いしん	威心
いしん	威新
いしん	威真
いしん	威紳
いしん	尉伸
いしん	尉辰
いしん	惟伸
いしん	惟心
いしん	惟真
いしん	惟辰
いしん	為新
いしん	為真
いしん	維伸
いしん	維心
いしん	維新
いしん	維真
いしん	維秦
いしん	維臣
いしん	維芯
いしん	緯心
いしん	緯真
いしん	衣晨
いしん	井心
いしん	井新
いしん	井真
いしん	一心
いしん	一真
いしん	壱真
いしん	壱眞
いしん	唯心
いしん	唯慎
いしん	唯新
いしん	唯真
いずほ	出帆
いずほ	出鵬
いずほ	出穗
いずほ	泉輔
いずみ	伊角
いずみ	伊豆味
いずみ	惟澄
いずみ	維純
いずみ	緯澄
いずみ	井泉
いずみ	出己
いずみ	水
いずみ	白水
いずみ	稜己
いずみ	稜望
いちと	伊千登
いちと	伊千都
いちと	伊知斗
いちと	依千仁
いちと	依千斗
いちと	依智仁
いちと	依智斗
いちと	惟智斗
いちと	衣知仁
いちと	一音
いちと	一士
いちと	一止
いちと	一仁
いちと	一千翔
いちと	一知人
いちと	一智斗
いちと	一智利
いちと	一杜
いちと	一渡
いちと	一登
いちと	一途
いちと	一都
いちと	一塔
いちと	一透
いちと	一道
いちと	一隼
いちと	一飛
いちと	一朋
いちと	一豊
いちと	一橙
いちと	壱音
いちと	壱虎
いちと	壱十
いちと	壱人
いちと	壱仁
いちと	壱斗
いちと	壱杜
いちと	壱登
いちと	壱途
いちと	壱都
いちと	壱飛
いちと	壱翔
いちと	逸人
いちと	逸斗
いちと	逸翔
いちと	市人
いちと	市都
いちと	市翔
いちと	生智翔
いちと	都叶
いちと	都仁
いちと	都斗
いちと	都杜
いちと	都翔
いちと	唯斗
いちと	良智斗
いっさ	一佐
いっさ	一左
いっさ	一沙
いっさ	一瑳
いっさ	一砂
いっさ	一裟
いっさ	一彩
いっさ	一斎
いっさ	一冴
いっさ	一作
いっさ	一朔
いっさ	一桜
いっさ	一燦
いっさ	一紗
いっさ	一心
いっさ	一醒
いっさ	一爽
いっさ	一翔
いっさ	一颯
いっさ	壱佐
いっさ	壱嵯
いっさ	壱差
いっさ	壱瑳
いっさ	壱砂
いっさ	壱彩
いっさ	壱冴
いっさ	壱咲
いっさ	壱朔
いっさ	壱桜
いっさ	壱紗
いっさ	壱早
いっさ	壱茶
いっさ	壱翔
いっさ	壱颯
いっさ	逸嵯
いっさ	伍沙
いっさ	伍冴
いっしん	維新
いっしん	一伸
いっしん	一信
いっしん	一慎
いっしん	一新
いっしん	一晋
いっしん	一森
いっしん	一真
いっしん	一秦
いっしん	一紳
いっしん	一芯
いっしん	一進
いっしん	一眞
いっしん	壱信
いっしん	壱心
いっしん	壱慎
いっしん	壱真
いっしん	壱秦
いっしん	壱臣
いっしん	壱芯
いっしん	壱進
いっしん	壱仁
いっしん	壱眞
いっしん	逸心
いっしん	逸新
いっしん	逸申
いっしん	逸真
いっしん	逸進
いっしん	乙心
いっしん	乙申
いっしん	敬心
いっしん	敬慎
いっしん	稜心
いっしん	稜真
いっせい	イッセイ
いっせい	偉世
いっせい	偉成
いっせい	尉成
いっせい	維惺
いっせい	一犀
いっせい	一勢
いっせい	一征
いっせい	一成
いっせい	一政
いっせい	一星
いっせい	一晴
いっせい	一正
いっせい	一清
いっせい	一生
いっせい	一盛
いっせい	一精
いっせい	一声
いっせい	一西
いっせい	一誠
いっせい	一誓
いっせい	一青
いっせい	一静
いっせい	一斉
いっせい	一靖
いっせい	一惺
いっせい	一晟
いっせい	壱犀
いっせい	壱世
いっせい	壱征
いっせい	壱成
いっせい	壱政
いっせい	壱星
いっせい	壱晴
いっせい	壱正
いっせい	壱清
いっせい	壱生
いっせい	壱盛
いっせい	壱聖
いっせい	壱誠
いっせい	壱誓
いっせい	壱醒
いっせい	壱青
いっせい	壱惺
いっせい	壱晟
いっせい	逸世
いっせい	逸征
いっせい	逸成
いっせい	逸星
いっせい	逸生
いっせい	逸聖
いっせい	逸誠
いっせい	逸晟
いっせい	敬聖
いっせい	敬誠
いっせい	敬惺
いっせい	伍成
いっせい	伍誠
いっせい	市成
いっせい	樹聖
いっせい	唯聖
いっせい	李青
いっせい	稜征
いっせい	稜成
いっせい	稜星
いっせい	稜晴
いっぽ	一帆
いっぽ	壱歩
いつか	一楓
いつか	一風
いつか	逸圭
いつか	逸克
いつか	慈佳
いつか	未来
いつか	李月香
いつき	逸己
いつき	愛葵
いつき	愛喜
いつき	愛季
いつき	愛紀
いつき	愛貴
いつき	愛樹
いつき	愛槻
いつき	伊津希
いつき	伊津紀
いつき	伊槻
いつき	伊都樹
いつき	依津希
いつき	依槻
いつき	偉月
いつき	偉槻
いつき	威詰騎
いつき	威月
いつき	威槻
いつき	威都紀
いつき	威都規
いつき	威都貴
いつき	威都樹
いつき	惟槻
いつき	意月
いつき	維槻
いつき	井月
いつき	亥月
いつき	育瑛
いつき	郁月
いつき	一衣
いつき	一幹
いつき	一伎
いつき	一喜
いつき	一基
いつき	一岐
いつき	一揮
いつき	一旗
いつき	一期
いつき	一棋
いつき	一毅
いつき	一規
いつき	一記
いつき	一貴
いつき	一起
いつき	一軌
いつき	一騎
いつき	一祁
いつき	一己
いつき	一築
いつき	一津季
いつき	一槻
いつき	一来
いつき	一利
いつき	一來
いつき	一暉
いつき	一氣
いつき	一煌
いつき	一絆
いつき	壱葵
いつき	壱伎
いつき	壱喜
いつき	壱希
いつき	壱旗
いつき	壱期
いつき	壱祈
いつき	壱季
いつき	壱稀
いつき	壱紀
いつき	壱規
いつき	壱貴
いつき	壱軌
いつき	壱輝
いつき	壱騎
いつき	壱球
いつき	壱月
いつき	壱己
いつき	壱樹
いつき	壱城
いつき	壱槻
いつき	壱綺
いつき	壱菫
いつき	逸葵
いつき	逸喜
いつき	逸基
いつき	逸幾
いつき	逸揮
いつき	逸機
いつき	逸規
いつき	逸起
いつき	逸軌
いつき	逸騎
いつき	逸月
いつき	逸生
いつき	逸來
いつき	逸暉
いつき	逸煌
いつき	逸綺
いつき	乙喜
いつき	乙岐
いつき	乙祈
いつき	乙規
いつき	乙記
いつき	乙貴
いつき	乙輝
いつき	乙己
いつき	乙暉
いつき	乙絆
いつき	乙綺
いつき	幾月
いつき	輝希
いつき	居月
いつき	敬葵
いつき	敬喜
いつき	敬希
いつき	敬稀
いつき	敬紀
いつき	敬貴
いつき	敬槻
いつき	敬煌
いつき	厳
いつき	厳幹
いつき	厳基
いつき	厳希
いつき	厳輝
いつき	厳己
いつき	厳樹
いつき	厳來
いつき	五葵
いつき	五希
いつき	五季
いつき	五規
いつき	五輝
いつき	五己
いつき	五樹
いつき	伍伎
いつき	伍喜
いつき	伍基
いつき	伍嬉
いつき	伍岐
いつき	伍希
いつき	伍揮
いつき	伍旗
いつき	伍棋
いつき	伍毅
いつき	伍祈
いつき	伍季
いつき	伍稀
いつき	伍規
いつき	伍貴
いつき	伍軌
いつき	伍輝
いつき	伍騎
いつき	伍碁
いつき	伍樹
いつき	伍生
いつき	伍槻
いつき	伍綺
いつき	斎幹
いつき	斎希
いつき	斎紀
いつき	斎貴
いつき	斎騎
いつき	斎樹
いつき	斎生
いつき	斎槻
いつき	慈
いつき	慈喜
いつき	慈規
いつき	慈輝
いつき	慈樹
いつき	慈生
いつき	慈槻
いつき	慈来
いつき	慈來
いつき	樹貴
いつき	樹輝
いつき	樹生
いつき	樹力
いつき	樹來
いつき	小林
いつき	粋月
いつき	唯輝
いつき	要月
いつき	李月
いつき	稜葵
いつき	稜喜
いつき	稜希
いつき	稜揮
いつき	稜毅
いつき	稜季
いつき	稜紀
いつき	稜記
いつき	稜貴
いつき	稜起
いつき	稜輝
いつき	稜騎
いつき	稜義
いつき	稜桔
いつき	稜月
いつき	稜樹
いつき	稜城
いつき	稜生
いつき	稜礎
いつき	稜大
いつき	稜來
いつき	稜暉
いつき	稜煌
いつき	稜絆
いつき	稜綺
いつき	倭月
いつき	已月
いつは	逸映
いつは	乙羽
いつは	乙晴
いつは	敬春
いつは	斎巴
いつは	斎葉
いつほ	壱歩
いつほ	壱宝
いづる	以弦
いづる	伊絃
いづる	依絃
いづる	偉弦
いづる	威弦
いづる	意弦
いづる	亥弦
いづる	一弦
いづる	一絃
いづる	壱弦
いづる	逸留
いづる	射弦
いづる	出弦
いづる	出流
いづる	生流
いづる	唯弦
いづる	唯絃
いづる	唯鶴
いづる	倭弦
いのり	伊範
いのり	伊律
いのり	偉憲
いのり	威徳
いのり	一典
いのり	祈紀
いのり	祈恭
いのり	祈利
いのり	祈凛
いのり	唯法
いのり	倭礼
いふう	伊風
いふう	惟颯
いふう	維風
いふう	一颯
いふう	祈楓
いぶ	伊部
いぶ	依武
いぶ	偉武
いぶ	威武
いぶ	生武
いぶ	唯武
いぶき	伊輝
いぶき	伊夫伎
いぶき	伊芙生
いぶき	伊武喜
いぶき	伊武希
いぶき	伊武季
いぶき	伊武規
いぶき	伊武輝
いぶき	伊武樹
いぶき	伊武城
いぶき	伊舞綺
いぶき	伊部希
いぶき	伊風
いぶき	伊蕗
いぶき	依生樹
いぶき	依武希
いぶき	依楓
いぶき	依歩樹
いぶき	偉吹
いぶき	偉吹樹
いぶき	偉扶生
いぶき	偉武貴
いぶき	偉楓
いぶき	夷蕗
いぶき	威吹
いぶき	威武器
いぶき	威武希
いぶき	威舞貴
いぶき	威舞輝
いぶき	尉吹
いぶき	惟希
いぶき	惟扶生
いぶき	惟歩希
いぶき	意歩生
いぶき	維武輝
いぶき	維歩希
いぶき	緯吹
いぶき	緯蕗
いぶき	衣生希
いぶき	衣武紀
いぶき	衣舞輝
いぶき	郁吹
いぶき	郁吹樹
いぶき	一寿
いぶき	一生希
いぶき	一生輝
いぶき	一生樹
いぶき	一生李
いぶき	一武希
いぶき	一武輝
いぶき	一楓
いぶき	一葺
いぶき	一歩輝
いぶき	一歩樹
いぶき	壱吹
いぶき	芽樹
いぶき	樹吹
いぶき	小林
いぶき	生芽
いぶき	生武貴
いぶき	生舞貴
いぶき	生蕗
いぶき	聖輝
いぶき	聖夜誓
いぶき	泉武輝
いぶき	蒼生
いぶき	柊季
いぶき	桧
いぶき	彪
いぶき	彪希
いぶき	彪生
いぶき	武
いぶき	歩輝
いぶき	夢吹
いぶき	唯希
いぶき	唯季
いぶき	唯吹
いぶき	唯武生
いぶき	唯舞起
いぶき	唯楓生
いぶき	唯歩季
いぶき	唯歩生
いぶき	勇吹
いぶき	李吹
いぶき	良蕗
いぶき	已舞希
いぶき	昴輝
いぶき	昴己
うきょう	右京
うきょう	右恭
うきょう	右響
うきょう	宇杏
うきょう	宇叶
うきょう	宇京
うきょう	羽叶
うきょう	羽京
うきょう	羽恭
うきょう	羽響
うきょう	雨京
うきょう	雨響
うきょう	海匡
うきょう	海響
うきょう	享匡
うきょう	享恭
うきょう	生恭
うきょう	生響
うきょう	兎郷
うきょう	佑京
うきょう	佑恭
うきょう	優叶
うきょう	優京
うきょう	優恭
うきょう	優響
うきょう	憂響
うきょう	有杏
うきょう	有侠
うきょう	有恭
うきょう	侑杏
うきょう	侑京
うきょう	侑恭
うきょう	侑孝
うしお	宇志生
うしお	宇志夫
うしお	宇汐
うしお	宇潮
うしお	丑雄
うしお	牛大
うしお	牛雄
うしお	有司男
うしお	有志生
うしお	侑潮
うた	宇太
うた	宇汰
うた	宇泰
うた	宇大
うた	羽大
うた	雨楽
うた	卯太
うた	唄太
うた	詠大
うた	詠龍
うた	歌太
うた	海大
うた	詩太
うた	詩汰
うた	初汰
うた	生詩
うた	生太
うた	生汰
うた	優樹
うた	優太
うた	優大
うた	有太
うた	侑汰
うた	頌
うみ	宇生
うみ	宇弥
うみ	宇實
うみ	雲谷
うみ	海宇
うみ	海波
うみ	天海
うみ	佑未
うみ	友未
うみお	海男
うみお	海夫
うみお	海雄
うるは	愛琉晴
うるは	麗生
えい	叡
えい	影
えい	栄
えい	英生
えい	衛
えい	衛偉
えい	鋭
えい	哉
えい	榮
えい	睿
えいいち	叡一
えいいち	映一
えいいち	映市
えいいち	栄一
えいいち	栄市
えいいち	永一
えいいち	永市
えいいち	瑛一
えいいち	瑛壱
えいいち	瑛都
えいいち	瑛已稚
えいいち	英壱
えいいち	英市
えいいち	衛一
えいいち	詠一
えいいち	鋭一
えいいち	鋭市
えいいち	暎一
えいいち	榮一
えいき	叡生
えいき	嬰樹
えいき	影樹
えいき	映希
えいき	映毅
えいき	映樹
えいき	映暉
えいき	栄喜
えいき	栄基
えいき	栄希
えいき	栄毅
えいき	栄季
えいき	栄紀
えいき	栄規
えいき	栄記
えいき	栄起
えいき	栄騎
えいき	栄樹
えいき	栄槻
えいき	永喜
えいき	永基
えいき	永希
えいき	永紀
えいき	永規
えいき	永記
えいき	永貴
えいき	永起
えいき	永輝
えいき	永騎
えいき	永己
えいき	永幸
えいき	永樹
えいき	泳希
えいき	瑛葵
えいき	瑛王
えいき	瑛伎
えいき	瑛喜
えいき	瑛基
えいき	瑛希
えいき	瑛毅
えいき	瑛気
えいき	瑛稀
えいき	瑛紀
えいき	瑛記
えいき	瑛貴
えいき	瑛輝
えいき	瑛騎
えいき	瑛己
えいき	瑛幸
えいき	瑛生
えいき	瑛暉
えいき	英基
えいき	英希
えいき	英毅
えいき	英気
えいき	英季
えいき	英紀
えいき	英貴
えいき	英輝
えいき	英幸
えいき	英樹
えいき	英生
えいき	英暉
えいき	詠希
えいき	鋭気
えいき	央輝
えいき	央樹
えいき	絵一輝
えいき	笑生
えいき	榮規
えいじ	えいじ
えいじ	エージ
えいじ	叡司
えいじ	叡思
えいじ	叡治
えいじ	叡二
えいじ	映司
えいじ	映士
えいじ	映志
えいじ	映治
えいじ	映自
えいじ	映馳
えいじ	映二
えいじ	栄司
えいじ	栄士
えいじ	栄志
えいじ	栄至
えいじ	栄児
えいじ	栄次
えいじ	栄治
えいじ	栄爾
えいじ	栄仁
えいじ	栄地
えいじ	栄智
えいじ	栄二
えいじ	栄路
えいじ	永ニ
えいじ	永意士
えいじ	永維志
えいじ	永司
えいじ	永史
えいじ	永嗣
えいじ	永士
えいじ	永志
えいじ	永至
えいじ	永児
えいじ	永慈
えいじ	永次
えいじ	永滋
えいじ	永治
えいじ	永示
えいじ	永仁
えいじ	永知
えいじ	永智
えいじ	永二
えいじ	永路
えいじ	瑛維志
えいじ	瑛司
えいじ	瑛史
えいじ	瑛嗣
えいじ	瑛士
えいじ	瑛志
えいじ	瑛至
えいじ	瑛詩
えいじ	瑛児
えいじ	瑛慈
えいじ	瑛次
えいじ	瑛樹
えいじ	瑛心
えいじ	瑛人
えいじ	瑛仁
えいじ	瑛智
えいじ	瑛二
えいじ	瑛路
えいじ	英ニ
えいじ	英司
えいじ	英史
えいじ	英嗣
えいじ	英士
えいじ	英志
えいじ	英詩
えいじ	英資
えいじ	英侍
えいじ	英児
えいじ	英慈
えいじ	英次
えいじ	英治
えいじ	英辞
えいじ	英仁
えいじ	英迅
えいじ	英智
えいじ	英二
えいじ	英路
えいじ	衛司
えいじ	衛士
えいじ	衛次
えいじ	衛冶
えいじ	詠司
えいじ	詠嗣
えいじ	詠士
えいじ	詠志
えいじ	詠慈
えいじ	詠治
えいじ	詠二
えいじ	鋭司
えいじ	鋭士
えいじ	鋭児
えいじ	鋭時
えいじ	鋭治
えいじ	鋭二
えいじ	悦二
えいじ	恵依侍
えいじ	慧維志
えいじ	江位司
えいじ	江維次
えいじ	哉司
えいじ	哉志
えいじ	哉仁
えいじ	榮士
えいじ	榮志
えいじ	榮治
えいじ	榮二
えいち	叡知
えいち	映智
えいち	永地
えいち	永智
えいち	瑛知
えいち	瑛智
えいち	英知
えいち	英地
えいち	英智
えいち	恵智
えいと	エイト
えいと	衣絃
えいと	叡音
えいと	叡采
えいと	叡人
えいと	叡杜
えいと	叡翔
えいと	映音
えいと	映士
えいと	映人
えいと	映仁
えいと	映斗
えいと	映杜
えいと	映登
えいと	映途
えいと	映都
えいと	映橙
えいと	映翔
えいと	曳永
えいと	曳斗
えいと	栄偉翔
えいと	栄一十
えいと	栄音
えいと	栄絃
えいと	栄虎
えいと	栄采
えいと	栄十
えいと	栄人
えいと	栄仁
えいと	栄生人
えいと	栄斗
えいと	栄杜
えいと	栄渡
えいと	栄登
えいと	栄都
えいと	栄冬
えいと	栄飛
えいと	栄豊
えいと	栄門
えいと	栄橙
えいと	栄翔
えいと	永愛
えいと	永依人
えいと	永遠
えいと	永乙
えいと	永音
えいと	永叶
えいと	永弦
えいと	永采
えいと	永士
えいと	永人
えいと	永仁
えいと	永尊
えいと	永跳
えいと	永兎
えいと	永斗
えいと	永杜
えいと	永渡
えいと	永登
えいと	永砥
えいと	永東
えいと	永桃
えいと	永透
えいと	永翔
えいと	泳人
えいと	泳斗
えいと	泳登
えいと	泳透
えいと	瑛
えいと	瑛愛
えいと	瑛依人
えいと	瑛依斗
えいと	瑛依翔
えいと	瑛維都
えいと	瑛衣翔
えいと	瑛壱斗
えいと	瑛永
えいと	瑛乙
えいと	瑛音
えいと	瑛叶
えいと	瑛弦
えいと	瑛絃
えいと	瑛虎
えいと	瑛采
えいと	瑛士
えいと	瑛糸
えいと	瑛時
えいと	瑛執
えいと	瑛疾
えいと	瑛十
えいと	瑛心
えいと	瑛人
えいと	瑛仁
えいと	瑛太
えいと	瑛大
えいと	瑛達
えいと	瑛跳
えいと	瑛堵
えいと	瑛徒
えいと	瑛斗
えいと	瑛杜
えいと	瑛渡
えいと	瑛登
えいと	瑛途
えいと	瑛都
えいと	瑛土
えいと	瑛冬
えいと	瑛燈
えいと	瑛統
えいと	瑛道
えいと	瑛任
えいと	瑛隼
えいと	瑛飛
えいと	瑛豊
えいと	瑛唯翔
えいと	瑛友
えいと	瑛利
えいと	瑛留
えいと	瑛和
えいと	瑛橙
えいと	瑛翔
えいと	英愛
えいと	英依人
えいと	英維翔
えいと	英衣斗
えいと	英一斗
えいと	英永
えいと	英叶
えいと	英弦
えいと	英絃
えいと	英虎
えいと	英采
えいと	英士
えいと	英十
えいと	英人
えいと	英仁
えいと	英征
えいと	英説
えいと	英達
えいと	英跳
えいと	英兎
えいと	英徒
えいと	英斗
えいと	英杜
えいと	英登
えいと	英都
えいと	英燈
えいと	英統
えいと	英道
えいと	英隼
えいと	英飛
えいと	英豊
えいと	英門
えいと	英利
えいと	英橙
えいと	英綸
えいと	英翔
えいと	衛十
えいと	衛人
えいと	衛仁
えいと	衛斗
えいと	衛登
えいと	詠音
えいと	詠叶
えいと	詠虎
えいと	詠采
えいと	詠士
えいと	詠十
えいと	詠人
えいと	詠仁
えいと	詠跳
えいと	詠斗
えいと	詠杜
えいと	詠登
えいと	詠都
えいと	詠飛
えいと	詠和
えいと	詠橙
えいと	詠翔
えいと	鋭士
えいと	鋭人
えいと	鋭斗
えいと	鋭杜
えいと	鋭翔
えいと	榎愛
えいと	央士
えいと	央仁
えいと	央斗
えいと	央登
えいと	央翔
えいと	絵衣人
えいと	恵偉人
えいと	恵絃
えいと	恵土
えいと	恵唯人
えいと	慧愛
えいと	慧偉斗
えいと	慧糸
えいと	哉叶
えいと	哉人
えいと	哉仁
えいと	哉斗
えいと	秀人
えいと	笑愛
えいと	笑依音
えいと	笑依翔
えいと	笑偉人
えいと	笑偉斗
えいと	笑偉翔
えいと	笑維人
えいと	笑維翔
えいと	笑絃
えいと	笑斗
えいと	八一
えいと	八斗
えいと	榮士
えいと	榮人
えいと	榮斗
えいと	榮杜
えいと	榮都
えいと	榮利
えいと	榮翔
えいと	衞人
えいる	栄琉
えいる	永留
えいる	瑛留
えいる	詠琉
えいる	笑琉
えいる	榮琉
おうが	逢牙
おうが	央河
おうが	央俄
おうが	央我
おうが	央芽
おうが	央賀
おうが	央雅
おうが	央駕
おうが	央翔
おうが	旺伽
おうが	旺河
おうが	旺芽
おうが	旺雅
おうが	旺駕
おうが	旺楽
おうが	欧雅
おうが	王河
おうが	王我
おうが	王牙
おうが	王芽
おうが	王賀
おうが	王雅
おうが	王駕
おうが	王月
おうが	王翔
おうが	黄雅
おうが	皇嘉
おうが	皇我
おうが	皇牙
おうが	皇雅
おうが	皇琥
おうが	皇翔
おうが	桜河
おうが	桜我
おうが	桜牙
おうが	桜臥
おうが	桜駕
おうが	桜海
おうが	桜虎
おうが	桜舞
おうが	桜翔
おうが	相鹿
おうが	多鹿
おうが	太翔
おうが	大河
おうが	大雅
おうが	大翔
おうが	鷹我
おうが	鷹臥
おうが	淡河
おうが	淡川
おうが	尾可
おうが	凰河
おうが	凰華
おうが	凰我
おうが	凰牙
おうが	凰芽
おうが	凰賀
おうが	凰雅
おうが	凰岳
おうが	凰叶
おうが	凰翔
おうが	應我
おうが	應雅
おうが	櫻華
おうが	櫻牙
おうが	櫻臥
おうが	櫻賀
おうが	櫻雅
おうが	櫻翔
おうが	煌河
おうが	煌我
おうが	煌牙
おうが	煌芽
おうが	煌賀
おうが	煌雅
おうが	煌駕
おうが	煌琥
おうが	煌翔
おうじ	央司
おうじ	央児
おうじ	央慈
おうじ	央治
おうじ	央二
おうじ	旺司
おうじ	旺嗣
おうじ	旺士
おうじ	旺志
おうじ	旺児
おうじ	旺慈
おうじ	旺治
おうじ	欧司
おうじ	欧二
おうじ	欧路
おうじ	王子
おうじ	王侍
おうじ	王治
おうじ	黄神
おうじ	皇子
おうじ	皇児
おうじ	皇寺
おうじ	桜強
おうじ	桜司
おうじ	桜士
おうじ	桜時
おうじ	桜次
おうじ	凰司
おうじ	凰慈
おうじ	凰次
おうじ	凰二
おうじ	櫻司
おうじ	鷗二
おうせい	逢成
おうせい	逢星
おうせい	逢晴
おうせい	逢生
おうせい	逢聖
おうせい	逢惺
おうせい	逢晟
おうせい	央征
おうせい	央成
おうせい	央星
おうせい	央晴
おうせい	央清
おうせい	央生
おうせい	央盛
おうせい	央聖
おうせい	央誠
おうせい	央青
おうせい	央惺
おうせい	央晟
おうせい	旺世
おうせい	旺成
おうせい	旺星
おうせい	旺晴
おうせい	旺正
おうせい	旺清
おうせい	旺生
おうせい	旺盛
おうせい	旺聖
おうせい	旺誠
おうせい	旺請
おうせい	旺青
おうせい	旺斉
おうせい	旺惺
おうせい	旺晟
おうせい	欧政
おうせい	王成
おうせい	王星
おうせい	王聖
おうせい	王誠
おうせい	王惺
おうせい	黄清
おうせい	黄生
おうせい	晃青
おうせい	皇世
おうせい	皇成
おうせい	皇晴
おうせい	皇生
おうせい	皇聖
おうせい	皇誠
おうせい	皇惺
おうせい	桜征
おうせい	桜政
おうせい	桜晴
おうせい	桜生
おうせい	桜聖
おうせい	桜誠
おうせい	桜靖
おうせい	桜惺
おうせい	桜晟
おうせい	大成
おうせい	大晴
おうせい	大晟
おうせい	鷹星
おうせい	鷹生
おうせい	鷹聖
おうせい	鷹誠
おうせい	鷹靖
おうせい	鷹惺
おうせい	凰世
おうせい	凰成
おうせい	凰星
おうせい	凰晴
おうせい	凰正
おうせい	凰清一
おうせい	凰生
おうせい	凰聖
おうせい	凰誠
おうせい	凰惺
おうせい	凰晟
おうせい	應晴
おうせい	晄成
おうせい	晄星
おうせい	櫻政
おうせい	櫻晴
おうせい	櫻誠
おうせい	櫻惺
おうせい	洸晴
おうせい	煌世
おうせい	煌征
おうせい	煌成
おうせい	煌政
おうせい	煌星
おうせい	煌生
おうせい	煌誠
おうせい	煌晟
おうせい	鶯生
おうせい	鷗晴
おうた	逢太
おうた	逢汰
おうた	逢大
おうた	央唄
おうた	央詩
おうた	央多
おうた	央太
おうた	央汰
おうた	央大
おうた	応太
おうた	応大
おうた	押太
おうた	旺詩
おうた	旺太
おうた	旺汰
おうた	旺泰
おうた	旺大
おうた	旺立
おうた	旺逞
おうた	欧太
おうた	欧汰
おうた	王太
おうた	黄太
おうた	黄汰
おうた	皇太
おうた	皇汰
おうた	皇大
おうた	桜多
おうた	桜太
おうた	桜汰
おうた	桜大
おうた	衆太
おうた	碩汰
おうた	扇太
おうた	扇大
おうた	大詩
おうた	鷹太
おうた	鷹大
おうた	隆詠
おうた	和蒔太
おうた	凰多
おうた	凰太
おうた	凰汰
おうた	凰泰
おうた	凰大
おうた	應太
おうた	應汰
おうた	應大
おうた	晄太
おうた	晄大
おうた	櫻太
おうた	櫻汰
おうた	櫻大
おうた	滉太
おうた	滉汰
おうた	煌太
おうた	煌汰
おうた	煌大
おうま	央真
おうま	央馬
おうま	央麻
おうま	央眞
おうま	旺真
おうま	旺馬
おうま	旺磨
おうま	旺茉
おうま	王真
おうま	王馬
おうま	翁馬
おうま	皇真
おうま	皇舞
おうま	皇磨
おうま	桜間
おうま	桜真
おうま	桜馬
おうま	桜麻
おうま	桜満
おうま	凰真
おうま	凰馬
おうま	凰實
おうま	櫻真
おうま	櫻摩
おうま	煌真
おうま	煌万
おうま	煌茉
おうら	央羅
おうら	旺羅
おうら	王羅
おうら	王嵐
おうら	皇羅
おうら	凰良
おうら	晄來
おうら	洸良
おおぞら	桜空
おさむ	おさむ
おさむ	阿佐武
おさむ	易
おさむ	医
おさむ	一
おさむ	央佐武
おさむ	央佐夢
おさむ	央祥
おさむ	王佐武
おさむ	王佐夢
おさむ	王才武
おさむ	紀
おさむ	京
おさむ	経
おさむ	乎祥
おさむ	御
おさむ	御佐武
おさむ	御佐夢
おさむ	功
おさむ	攻
おさむ	耕
おさむ	宰
おさむ	司
おさむ	士
おさむ	治虫
おさむ	治牟
おさむ	収
おさむ	修
おさむ	修向
おさむ	修武
おさむ	修務
おさむ	修牟
おさむ	秋
おさむ	縮
おさむ	小佐武
おさむ	成
おさむ	政牟
おさむ	生佐武
おさむ	生佐務
おさむ	生佐夢
おさむ	生佐無
おさむ	生左務
おさむ	生左夢
おさむ	生左無
おさむ	節
おさむ	蔵
おさむ	男佐武
おさむ	男佐務
おさむ	男佐夢
おさむ	男佐無
おさむ	男左務
おさむ	男左無
おさむ	致勲
おさむ	長生
おさむ	長武
おさむ	長務
おさむ	長夢
おさむ	長無
おさむ	長牟
おさむ	長六
おさむ	鎮
おさむ	徹
おさむ	統
おさむ	敦
おさむ	納
おさむ	夫佐務
おさむ	夫左務
おさむ	夫左夢
おさむ	夫左無
おさむ	平
おさむ	麻砂夢
おさむ	孟夢
おさむ	靖
おさむ	雄佐武
おさむ	雄佐務
おさむ	雄佐夢
おさむ	雄佐無
おさむ	雄佐六
おさむ	雄左務
おさむ	雄左夢
おさむ	雄祥
おさむ	吏
おさむ	理武
おさむ	理夢
おさむ	倫
おさむ	和佐武
おさむ	實
おさむ	攝
おさむ	收
おさむ	脩
おと	愛斗
おと	於十
おと	於菟
おと	於翔
おと	央響
おと	央人
おと	央仁
おと	央徒
おと	央渡
おと	央登
おと	央途
おと	央友
おと	央翔
おと	旺人
おと	旺斗
おと	王翔
おと	乙斗
おと	音士
おと	音十
おと	音人
おと	音登
おと	弦士
おと	弦斗
おと	弦杜
おと	絃斗
おと	渚人
おと	渚斗
おと	緒登
おと	織登
おと	生音
おと	生人
おと	大音
おと	弟
おと	百音
おと	鳳都
おと	麻采
おと	麻杜
おと	雄士
おと	雄人
おと	雄斗
おと	雄翔
おと	和斗
おと	和途
おと	和都
おと	和翔
おと	凰斗
おと	凰杜
おと	凰都
おとや	於菟弥
おとや	旺斗哉
おとや	乙哉
おとや	乙也
おとや	乙夜
おとや	乙弥
おとや	音哉
おとや	音谷
おとや	音也
おとや	音夜
おとや	音弥
おとや	音矢
おとや	音陽
おとや	音彌
おとや	響哉
おとや	響也
おとや	響夜
おとや	響矢
おとや	二矢
かい	海
かい	亥
かい	郁依
かい	榎惟
かい	榎椅
かい	榎生
かい	榎已
かい	伽以
かい	伽惟
かい	佳
かい	佳偉
かい	佳威
かい	佳惟
かい	佳意
かい	佳易
かい	佳維
かい	佳亥
かい	佳一
かい	佳壱
かい	佳生
かい	佳唯
かい	加偉
かい	加惟
かい	加生
かい	加唯
かい	可葦
かい	可以
かい	可伊
かい	可依
かい	可偉
かい	可威
かい	可惟
かい	可維
かい	可緯
かい	可一
かい	可唯
かい	嘉偉
かい	嘉威
かい	嘉意
かい	嘉為
かい	嘉維
かい	嘉緯
かい	嘉衣
かい	嘉一
かい	嘉五
かい	嘉射
かい	嘉生
かい	嘉唯
かい	嘉已
かい	夏伊
かい	夏偉
かい	夏威
かい	夏壱
かい	夏生
かい	夏唯
かい	寡威
かい	果一
かい	果生
かい	架委
かい	架異
かい	架生
かい	歌威
かい	歌衣
かい	河依
かい	河偉
かい	河威
かい	珂依
かい	珂偉
かい	珂惟
かい	珂維
かい	珂衣
かい	珂生
かい	禾偉
かい	禾維
かい	箇威
かい	花威
かい	花生
かい	華維
かい	華緯
かい	華生
かい	華唯
かい	迦偉
かい	賀伊
かい	賀偉
かい	賀維
かい	賀一
かい	駕偉
かい	駕緯
かい	介
かい	解
かい	回
かい	塊
かい	廻
かい	快惟
かい	快維
かい	快生
かい	戒
かい	魁
かい	魁壱
かい	魁生
かい	魁已
かい	械
かい	海伊
かい	海偉
かい	海夷
かい	海威
かい	海意
かい	海維
かい	海一
かい	海生
かい	海斐
かい	海已
かい	界
かい	皆
かい	芥
かい	開
かい	開唯
かい	階
かい	凱
かい	浬
かい	掛以
かい	叶偉
かい	叶惟
かい	叶衣
かい	叶亥
かい	叶唯
かい	樺一
かい	樺生
かい	幹偉
かい	敢偉
かい	駆威
かい	駈威
かい	圭威
かい	香伊
かい	采夷
かい	賜
かい	勝惟
かい	日威
かい	日生
かい	桧
かい	楓惟
かい	楓彩
かい	楓唯
かい	風伊
かい	風惟
かい	風衣
かい	風舞
かい	風李
かい	和維
かい	和衣
かい	檜
かい	楷
かい	櫂生
かい	珈偉
かい	珈衣
かい	翔偉
かい	翔威
かい	翔惟
かい	翔衣
かい	翔一
かい	翔功
かい	翔生
かい	翔聖
かい	翔也
かい	翔唯
かい	諧
かい	諧生
かいせい	海成
かいせい	亥星
かいせい	亥惺
かいせい	佳正
かいせい	佳生
かいせい	佳聖
かいせい	嘉斐誠
かいせい	嘉比晴
かいせい	夏衣生
かいせい	介晴
かいせい	介晟
かいせい	快世
かいせい	快凄
かいせい	快征
かいせい	快成
かいせい	快政
かいせい	快星
かいせい	快正
かいせい	快清
かいせい	快生
かいせい	快盛
かいせい	快聖
かいせい	快誓
かいせい	快青
かいせい	快惺
かいせい	快晟
かいせい	戒誠
かいせい	改星
かいせい	魁衣青
かいせい	魁世
かいせい	魁征
かいせい	魁成
かいせい	魁星
かいせい	魁晴
かいせい	魁正
かいせい	魁生
かいせい	魁聖
かいせい	魁誠
かいせい	魁惺
かいせい	魁晟
かいせい	海城
かいせい	海世
かいせい	海征
かいせい	海成
かいせい	海政
かいせい	海星
かいせい	海晴
かいせい	海清
かいせい	海生
かいせい	海盛
かいせい	海聖
かいせい	海誠
かいせい	海青
かいせい	海斉
かいせい	海靖
かいせい	海惺
かいせい	海晟
かいせい	界世
かいせい	界聖
かいせい	皆成
かいせい	皆生
かいせい	皆惺
かいせい	絵世
かいせい	絵星
かいせい	絵晴
かいせい	開世
かいせい	開成
かいせい	開星
かいせい	開晴
かいせい	開正
かいせい	開生
かいせい	開聖
かいせい	開誠
かいせい	開惺
かいせい	開晟
かいせい	凱世
かいせい	凱成
かいせい	凱政
かいせい	凱星
かいせい	凱晴
かいせい	凱正
かいせい	凱生
かいせい	凱聖
かいせい	凱誠
かいせい	凱惺
かいせい	凱晟
かいせい	鎧世
かいせい	鎧聖
かいせい	甲斐聖
かいせい	合晟
かいせい	桧星
かいせい	桧清
かいせい	桧生
かいせい	桧聖
かいせい	桧斉
かいせい	檜生
かいせい	楷成
かいせい	楷生
かいせい	楷聖
かいせい	櫂世
かいせい	櫂征
かいせい	櫂成
かいせい	櫂政
かいせい	櫂星
かいせい	櫂晴
かいせい	櫂正
かいせい	櫂生
かいせい	櫂聖
かいせい	櫂誠
かいせい	櫂晟
かいせい	翔星
かいせい	諧世
かいせい	諧征
かいせい	諧成
かいせい	諧生
かいと	海斗
かいと	海渡
かいと	かい斗
かいと	かい杜
かいと	榎絃
かいと	伽伊都
かいと	佳以采
かいと	佳伊人
かいと	佳依人
かいと	佳偉斗
かいと	佳弦
かいと	佳絃
かいと	佳虎
かいと	佳人
かいと	佳斗
かいと	佳登
かいと	佳斐斗
かいと	佳綸
かいと	佳翔
かいと	加依人
かいと	加衣斗
かいと	加衣翔
かいと	可以翔
かいと	可伊杜
かいと	可偉人
かいと	可偉斗
かいと	可威斗
かいと	可弦
かいと	可絃
かいと	嘉惟人
かいと	嘉弦
かいと	嘉絃
かいと	嘉純
かいと	夏伊斗
かいと	夏衣人
かいと	夏衣斗
かいと	夏絃
かいと	夏糸
かいと	夏綸
かいと	果偉人
かいと	果威翔
かいと	果維翔
かいと	架愛
かいと	架依翔
かいと	架偉斗
かいと	架絃
かいと	歌唯斗
かいと	河依翔
かいと	珂偉人
かいと	珂偉斗
かいと	禾衣人
かいと	禾衣仁
かいと	禾弦
かいと	禾絃
かいと	花伊人
かいと	花衣斗
かいと	花糸
かいと	華弦
かいと	華絃
かいと	華糸
かいと	迦依人
かいと	迦絃
かいと	賀威斗
かいと	賀意人
かいと	介音
かいと	介虎
かいと	介人
かいと	介斗
かいと	介杜
かいと	介渡
かいと	介登
かいと	介都
かいと	介翔
かいと	会仁
かいと	会登
かいと	会都
かいと	解斗
かいと	塊斗
かいと	塊土
かいと	廻人
かいと	廻仁
かいと	廻翔
かいと	快永
かいと	快音
かいと	快叶
かいと	快弦
かいと	快絃
かいと	快虎
かいと	快采
かいと	快士
かいと	快糸
かいと	快疾
かいと	快人
かいと	快仁
かいと	快説
かいと	快跳
かいと	快兎
かいと	快徒
かいと	快斗
かいと	快杜
かいと	快渡
かいと	快登
かいと	快途
かいと	快冬
かいと	快透
かいと	快篤
かいと	快隼
かいと	快飛
かいと	快富
かいと	快朋
かいと	快門
かいと	快利
かいと	快翔
かいと	恢采
かいと	恢人
かいと	恢斗
かいと	恢都
かいと	恢翔
かいと	懐人
かいと	懐斗
かいと	懐都
かいと	戒人
かいと	戒兎
かいと	戒斗
かいと	改斗
かいと	改都
かいと	改翔
かいと	魁音
かいと	魁叶
かいと	魁虎
かいと	魁士
かいと	魁人
かいと	魁仁
かいと	魁大
かいと	魁兎
かいと	魁徒
かいと	魁斗
かいと	魁杜
かいと	魁渡
かいと	魁登
かいと	魁都
かいと	魁土
かいと	魁桃
かいと	魁飛
かいと	魁翔
かいと	械斗
かいと	海愛
かいと	海偉飛
かいと	海威飛
かいと	海維人
かいと	海維翔
かいと	海一斗
かいと	海永
かいと	海音
かいと	海外
かいと	海叶
かいと	海兜
かいと	海弦
かいと	海虎
かいと	海采
かいと	海士
かいと	海時
かいと	海十
かいと	海真
かいと	海人
かいと	海仁
かいと	海図
かいと	海征
かいと	海聖
かいと	海説
かいと	海太
かいと	海大
かいと	海跳
かいと	海兎
かいと	海堵
かいと	海斗
かいと	海杜
かいと	海渡
かいと	海登
かいと	海都
かいと	海砥
かいと	海土
かいと	海冬
かいと	海東
かいと	海燈
かいと	海透
かいと	海瞳
かいと	海徳
かいと	海任
かいと	海飛
かいと	海百
かいと	海敏
かいと	海富
かいと	海歩
かいと	海訪
かいと	海豊
かいと	海夢
かいと	海門
かいと	海唯音
かいと	海友
かいと	海利
かいと	海論
かいと	海和
かいと	海橙
かいと	海綸
かいと	海翔
かいと	界虎
かいと	界士
かいと	界人
かいと	界土
かいと	界利
かいと	界翔
かいと	皆音
かいと	皆人
かいと	皆斗
かいと	皆翔
かいと	絵音
かいと	絵采
かいと	絵士
かいと	絵人
かいと	絵斗
かいと	絵登
かいと	絵都
かいと	絵豊
かいと	絵翔
かいと	芥斗
かいと	開音
かいと	開士
かいと	開人
かいと	開仁
かいと	開太
かいと	開跳
かいと	開斗
かいと	開杜
かいと	開渡
かいと	開登
かいと	開途
かいと	開都
かいと	開土
かいと	開等
かいと	開道
かいと	開飛
かいと	開冨
かいと	開翔
かいと	貝人
かいと	貝斗
かいと	貝都
かいと	凱音
かいと	凱叶
かいと	凱虎
かいと	凱士
かいと	凱十
かいと	凱人
かいと	凱仁
かいと	凱大
かいと	凱兎
かいと	凱斗
かいと	凱渡
かいと	凱登
かいと	凱都
かいと	凱土
かいと	凱冬
かいと	凱飛
かいと	凱豊
かいと	凱門
かいと	凱友
かいと	凱翔
かいと	鎧人
かいと	鎧斗
かいと	鎧任
かいと	鎧翔
かいと	浬都
かいと	叶偉人
かいと	叶弦
かいと	樺衣斗
かいと	敢偉斗
かいと	輝弦
かいと	峡斗
かいと	圭以仁
かいと	圭絃
かいと	圭生仁
かいと	甲斐人
かいと	甲斐斗
かいと	甲斐都
かいと	甲斐翔
かいと	香衣斗
かいと	香弦
かいと	蚕斗
かいと	秋音
かいと	神威斗
かいと	奏海
かいと	替戸
かいと	凧
かいと	日夷斗
かいと	桧采
かいと	桧士
かいと	桧人
かいと	桧存
かいと	桧斗
かいと	桧杜
かいと	桧都
かいと	桧土
かいと	桧飛
かいと	桧富
かいと	桧翔
かいと	楓絃
かいと	楓純
かいと	楓翔
かいと	魅音
かいと	魅大
かいと	魅斗
かいと	魅翔
かいと	耀弦
かいと	和弦
かいと	和絃
かいと	賄斗
かいと	檜人
かいと	檜斗
かいと	檜飛
かいと	楷十
かいと	楷人
かいと	楷斗
かいと	楷都
かいと	楷土
かいと	楷門
かいと	楷友
かいと	楷翔
かいと	櫂音
かいと	櫂叶
かいと	櫂采
かいと	櫂士
かいと	櫂人
かいと	櫂仁
かいと	櫂大
かいと	櫂斗
かいと	櫂杜
かいと	櫂渡
かいと	櫂登
かいと	櫂都
かいと	櫂冬
かいと	櫂利
かいと	櫂橙
かいと	櫂翔
かいと	翔一斗
かいと	翔絃
かいと	翔大
かいと	翔斗
かいと	諧士
かいと	諧人
かいと	諧斗
かいと	諧豊
かいと	諧翔
かいほ	快帆
かいほ	海秀
かいほ	海穂
かいほ	絵穂
かいほ	開歩
かいほ	桧穂
かいほ	櫂帆
かいほ	櫂穂
かいや	快哉
かいや	快也
かいや	魁埜
かいや	魁也
かいや	魁夜
かいや	魁弥
かいや	海哉
かいや	海埜
かいや	海八
かいや	海冶
かいや	海弥
かいや	海矢
かいや	海陽
かいや	開哉
かいや	開也
かいや	開野
かいや	開矢
かいや	凱也
かいや	甲斐弥
かいや	届也
かいや	帆矢
かいや	和生弥
かいや	櫂哉
かいや	櫂也
かいや	櫂弥
かいら	亥良
かいら	快楽
かいら	快空
かいら	快羅
かいら	快良
かいら	恢良
かいら	改羅
かいら	魁良
かいら	海空
かいら	海嵐
かいら	海萊
かいら	甲斐良
かいら	櫂羅
かいり	葵陸
かいり	亥浬
かいり	佳衣梨
かいり	佳衣理
かいり	佳衣里
かいり	加衣理
かいり	可偉利
かいり	可偉李
かいり	嘉惟利
かいり	夏偉凛
かいり	夏維吏
かいり	夏衣吏
かいり	夏衣俐
かいり	夏唯理
かいり	花衣理
かいり	花衣里
かいり	迦偉理
かいり	介理
かいり	会浬
かいり	会利
かいり	会李
かいり	会里
かいり	会莉
かいり	塊吏
かいり	快浬
かいり	快哩
かいり	快利
かいり	快吏
かいり	快理
かいり	快琉
かいり	快涼
かいり	快玲
かいり	快俐
かいり	懐理
かいり	戒吏
かいり	戒李
かいり	戒凛
かいり	改理
かいり	魁浬
かいり	魁利
かいり	魁吏
かいり	魁李
かいり	魁理
かいり	魁璃
かいり	魁里
かいり	魁陸
かいり	魁劉
かいり	魁琉
かいり	魁稜
かいり	魁麗
かいり	魁俐
かいり	魁莉
かいり	海維吏
かいり	海光
かいり	海利
かいり	海吏
かいり	海裡
かいり	海律
かいり	海琉
かいり	海隆
かいり	海竜
かいり	海龍
かいり	海琳
かいり	海麟
かいり	海玲
かいり	海俐
かいり	海黎
かいり	灰里
かいり	界李
かいり	界理
かいり	界璃
かいり	界莉
かいり	皆吏
かいり	絵利
かいり	絵吏
かいり	開浬
かいり	開吏
かいり	開李
かいり	開理
かいり	開璃
かいり	開里
かいり	開琳
かいり	開莉
かいり	凱浬
かいり	凱利
かいり	凱吏
かいり	凱李
かいり	凱梨
かいり	凱理
かいり	凱璃
かいり	凱里
かいり	凱陸
かいり	凱麗
かいり	凱俐
かいり	凱凛
かいり	凱稟
かいり	凱莉
かいり	凱凜
かいり	鎧李
かいり	浬利
かいり	浬吏
かいり	浬李
かいり	叶偉里
かいり	叶一里
かいり	圭一吏
かいり	香衣里
かいり	桧浬
かいり	桧有
かいり	桧吏
かいり	桧理
かいり	桧里
かいり	桧琉
かいり	桧凛
かいり	桧稟
かいり	和依李
かいり	賄里
かいり	楷浬
かいり	楷利
かいり	櫂人
かいり	櫂入
かいり	櫂利
かいり	櫂吏
かいり	櫂李
かいり	櫂梨
かいり	櫂理
かいり	櫂璃
かいり	櫂里
かいり	櫂竜
かいり	櫂凛
かいり	櫂莉
かいり	翔偉凜
かいり	翔琉
かえで	叶楓
かえで	楓寧
かえで	楓木
かえで	夢葉
かえで	廣澤
かおる	一織
かおる	佳生流
かおる	佳生留
かおる	佳男流
かおる	佳夫流
かおる	佳夫留
かおる	佳雄流
かおる	佳雄留
かおる	加緒流
かおる	加緒瑠
かおる	加生流
かおる	加生留
かおる	加男流
かおる	加男留
かおる	加百琉
かおる	加百留
かおる	加夫流
かおる	加夫留
かおる	加穂流
かおる	加穂留
かおる	加雄流
かおる	加雄留
かおる	可生流
かおる	可男流
かおる	可男留
かおる	可夫流
かおる	嘉流
かおる	嘉留
かおる	夏生流
かおる	夏生留
かおる	夏男流
かおる	夏男留
かおる	夏風
かおる	夏雄流
かおる	夏雄留
かおる	寡流
かおる	寡留
かおる	果織
かおる	花生流
かおる	花生留
かおる	花男流
かおる	花男留
かおる	花夫流
かおる	花夫留
かおる	花雄流
かおる	花雄留
かおる	馨織
かおる	馨流
かおる	馨留
かおる	顔流
かおる	顔留
かおる	薫
かおる	香央琉
かおる	香緒里
かおる	香生流
かおる	香生留
かおる	香折
かおる	香男流
かおる	香夫流
かおる	香夫留
かおる	香保里
かおる	香雄流
かおる	香雄留
かおる	香里
かおる	日織
かおる	菩
かおる	和織
かおる	翔織
かおる	翔穂流
かおん	夏臣
かおん	果恩
かおん	嘩音
かおん	叶恩
かおん	奏穏
かおん	翔音
かがり	華々莉
かがり	利理
かぐら	夏蔵
かぐら	花蔵
かぐら	華蔵
かける	一翔
かける	伽翔
かける	佳蹴
かける	加啓琉
かける	加啓留
かける	加圭流
かける	加慶流
かける	加慶留
かける	加敬琉
かける	加敬瑠
かける	可啓留
かける	嘉花琉
かける	夏啓琉
かける	夏啓留
かける	夏圭留
かける	夏敬流
かける	夏敬留
かける	夏蹴
かける	夏翔
かける	架
かける	架流
かける	架瑠
かける	河啓琉
かける	河啓留
かける	花圭琉
かける	掛流
かける	掛留
かける	掛瑠
かける	駆流
かける	駆琉
かける	駆留
かける	駆瑠
かける	駆塁
かける	駈
かける	駈流
かける	駈琉
かける	駈瑠
かける	空
かける	懸
かける	懸希琉
かける	駿
かける	駿来
かける	走
かける	賭
かける	飛
かける	翼
かける	和蹴
かける	翔海
かける	翔懸琉
かける	翔大
かける	翔風
かける	翔夢
かける	翔流
かける	翔留
かける	翔隆
かける	翔瑠
かける	翔塁
かける	颯
かざほ	風宝
かすが	佳清
かず	カズ
かず	壱
かず	嘉
かず	嘉津
かず	圭寿
かず	憲
かず	航
かず	数
かず	千
かず	知
かず	雄
かず	良
かず	和寿
かず	和周
かず	和都
かずあき	一瑛
かずあき	一暁
かずあき	一顕
かずあき	一光
かずあき	一晃
かずあき	一秋
かずあき	一彰
かずあき	一昭
かずあき	一晶
かずあき	一焼
かずあき	一誠
かずあき	一壮
かずあき	一哲
かずあき	一彬
かずあき	一明
かずあき	一曜
かずあき	一陽
かずあき	一諒
かずあき	壱旺
かずあき	佳瑞秋
かずあき	算朗
かずあき	司尭
かずあき	司誠
かずあき	主晟
かずあき	寿英
かずあき	寿彰
かずあき	寿招
かずあき	千照
かずあき	千明
かずあき	雄章
かずあき	和亜樹
かずあき	和映
かずあき	和暁
かずあき	和顕
かずあき	和昂
かずあき	和晃
かずあき	和秋
かずあき	和彰
かずあき	和招
かずあき	和晶
かずあき	和章
かずあき	和誠
かずあき	和哲
かずあき	和明
かずあき	和陽
かずあき	和亮
かずあき	和諒
かずあき	和朗
かずい	一維
かずい	一勇
かずい	嘉瑞
かずい	和依
かずい	和維
かずい	和已
かずお	かずお
かずお	一央
かずお	一緒
かずお	一生
かずお	一男
かずお	一夫
かずお	一雄
かずお	一郎
かずお	員生
かずお	員男
かずお	員夫
かずお	員雄
かずお	伽寿生
かずお	加寿夫
かずお	嘉寿男
かずお	嘉寿夫
かずお	嘉寿雄
かずお	稼頭央
かずお	計生
かずお	計男
かずお	計夫
かずお	計雄
かずお	三郎
かずお	七生
かずお	寿雄
かずお	順雄
かずお	数生
かずお	数大
かずお	数男
かずお	数夫
かずお	数雄
かずお	千男
かずお	千雄
かずお	弐夫
かずお	万雄
かずお	量大
かずお	和央
かずお	和王
かずお	和巨
かずお	和生
かずお	和壮
かずお	和男
かずお	和尾
かずお	和夫
かずお	和穂
かずお	和雄
かずお	和郎
かずき	一葵
かずき	一器
かずき	一基
かずき	一岐
かずき	一揮
かずき	一期
かずき	一機
かずき	一毅
かずき	一規
かずき	一記
かずき	一起
かずき	一軌
かずき	一輝
かずき	一騎
かずき	一亀
かずき	一桔
かずき	一決
かずき	一己
かずき	一城
かずき	一生
かずき	一来
かずき	一燿
かずき	一絆
かずき	一翔
かずき	一驥
かずき	一麒
かずき	壱基
かずき	壱祈
かずき	壱輝
かずき	壱騎
かずき	壱樹
かずき	壱奎
かずき	壱綺
かずき	員生
かずき	胤輝
かずき	胤樹
かずき	胤熙
かずき	円基
かずき	円希
かずき	円規
かずき	佳樹
かずき	佳須輝
かずき	佳瑞貴
かずき	加寿己
かずき	嘉須季
かずき	夏寿紀
かずき	夏壽樹
かずき	賀寿樹
かずき	紀生
かずき	起揮
かずき	九希
かずき	計生
かずき	憲輝
かずき	航喜
かずき	航希
かずき	航紀
かずき	航輝
かずき	航樹
かずき	航生
かずき	航来
かずき	航來
かずき	航熙
かずき	三貴
かずき	三樹
かずき	司揮
かずき	司稀
かずき	主基
かずき	主季
かずき	主貴
かずき	主輝
かずき	主樹
かずき	寿希
かずき	寿祈
かずき	寿紀
かずき	寿輝
かずき	寿騎
かずき	寿樹
かずき	十希
かずき	十季
かずき	十紀
かずき	十貴
かずき	十輝
かずき	十樹
かずき	重季
かずき	重紀
かずき	重貴
かずき	重輝
かずき	重樹
かずき	春輝
かずき	春樹
かずき	数喜
かずき	数希
かずき	数紀
かずき	数規
かずき	数貴
かずき	数起
かずき	数輝
かずき	数己
かずき	数樹
かずき	数生
かずき	数礎
かずき	数来
かずき	政希
かずき	千葵
かずき	千喜
かずき	千希
かずき	千祈
かずき	千季
かずき	千紀
かずき	千貴
かずき	千起
かずき	千輝
かずき	千亀
かずき	千慶
かずき	千樹
かずき	千暉
かずき	多輝
かずき	知希
かずき	知輝
かずき	知樹
かずき	知生
かずき	百樹
かずき	法生
かずき	睦希
かずき	万希
かずき	万貴
かずき	万樹
かずき	嵐生
かずき	蘭寿利
かずき	利基
かずき	和基
かずき	和揮
かずき	和旗
かずき	和毅
かずき	和気
かずき	和祈
かずき	和規
かずき	和起
かずき	和軌
かずき	和騎
かずき	和亀
かずき	和祁
かずき	和己
かずき	和城
かずき	和其
かずき	和大
かずき	和津希
かずき	和槻
かずき	和来
かずき	和林
かずき	和來
かずき	和暉
かずき	和煌
かずき	和絆
かずき	和綺
かずき	和麒
かずさ	一冴
かずさ	一爽
かずさ	一総
かずさ	胤冴
かずさ	司倖
かずさ	寿佐
かずさ	寿瑳
かずさ	寿裟
かずさ	寿作
かずさ	上総
かずさ	千冴
かずさ	千智
かずさ	知冴
かずさ	和慧
かずさ	和倖
かずさ	和冴
かずさ	和真
かずさ	和総
かずさ	和聡
かずね	一寿音
かずね	壱音
かずね	円音
かずね	加杜音
かずね	紀音
かずね	兼音
かずね	憲音
かずね	研音
かずね	航音
かずね	克寿音
かずね	三音
かずね	司音
かずね	七音
かずね	主音
かずね	寿音
かずね	宗音
かずね	十音
かずね	順音
かずね	勝音
かずね	政音
かずね	多音
かずね	知音
かずね	二音
かずね	八音
かずね	雄音
かずね	良音
かずね	麗音
かずね	倭音
かずね	和直
かずね	和祢
かずね	和峰
かずは	一秦
かずは	一颯
かずは	一遙
かずは	佳津巴
かずは	寿生
かずは	寿覇
かずは	千蓮
かずは	冬羽
かずは	万棄
かずは	煌月羽
かずほ	一寿穂
かずほ	一甫
かずほ	壱宝
かずほ	航帆
かずほ	寿保
かずほ	寿甫
かずほ	寿輔
かずほ	寿芳
かずほ	宗穂
かずほ	千宝
かずほ	知歩
かずほ	良帆
かずほ	和甫
かずほ	和宝
かずほ	和芳
かずほ	和誉
かずほ	和穗
かずま	一護
かずま	一実
かずま	一守
かずま	一寿馬
かずま	一勝
かずま	一真
かずま	一馬
かずま	一舞
かずま	一摩
かずま	一磨
かずま	一麻
かずま	一槙
かずま	一麿
かずま	一万
かずま	一満
かずま	一優
かずま	一眞
かずま	一翔
かずま	一茉
かずま	一萬
かずま	壱真
かずま	壱馬
かずま	壱磨
かずま	壱茉
かずま	胤真
かずま	胤馬
かずま	佳主馬
かずま	佳寿真
かずま	加治眞
かずま	加寿実
かずま	夏主馬
かずま	霞真
かずま	葛馬
かずま	紀真
かずま	紀摩
かずま	教真
かずま	圭津麻
かずま	兼末
かずま	航真
かずま	克優
かずま	三真
かずま	三馬
かずま	三万
かずま	司真
かずま	司馬
かずま	司磨
かずま	司眞
かずま	主守
かずま	主真
かずま	主馬
かずま	主磨
かずま	主麻
かずま	主眞
かずま	寿真
かずま	寿馬
かずま	寿麻
かずま	寿満
かずま	宗真
かずま	宗馬
かずま	十満
かずま	順真
かずま	順麻
かずま	数間
かずま	数実
かずま	数真
かずま	数馬
かずま	数摩
かずま	数磨
かずま	数麻
かずま	数満
かずま	数詢
かずま	籍真
かずま	千慎
かずま	千真
かずま	千誠
かずま	千馬
かずま	千摩
かずま	千磨
かずま	千麻
かずま	千眞
かずま	知真
かずま	知摩
かずま	知磨
かずま	知眞
かずま	二真
かずま	二馬
かずま	二万
かずま	二茉
かずま	百真
かずま	法麻
かずま	万真
かずま	蘭寿磨
かずま	利真
かずま	利磨
かずま	良守
かずま	良真
かずま	良馬
かずま	良磨
かずま	麗磨
かずま	倭満
かずま	和雅
かずま	和間
かずま	和実
かずま	和守
かずま	和真
かずま	和誠
かずま	和馬
かずま	和摩
かずま	和磨
かずま	和麻
かずま	和万
かずま	和満
かずま	和眞
かずま	和茉
かずみ	一益
かずみ	一角
かずみ	一己
かずみ	一御
かずみ	一光
かずみ	一三
かずみ	一省
かずみ	一真
かずみ	一身
かずみ	一清
かずみ	一積
かずみ	一泉
かずみ	一瞳
かずみ	一二三
かずみ	一麦
かずみ	一味
かずみ	一巳
かずみ	一民
かずみ	一已
かずみ	壱海
かずみ	佳珠美
かずみ	佳瑞巳
かずみ	佳積
かずみ	佳津美
かずみ	佳美
かずみ	佳壽美
かずみ	加壽美
かずみ	可寿美
かずみ	可積
かずみ	嘉純
かずみ	嘉図見
かずみ	嘉澄
かずみ	嘉津美
かずみ	嘉美
かずみ	果樹実
かずみ	架清
かずみ	禾積
かずみ	雅寿美
かずみ	計実
かずみ	計美
かずみ	香清
かずみ	香津美
かずみ	三省
かずみ	鹿角
かずみ	鹿住
かずみ	主海
かずみ	寿実
かずみ	勝住
かずみ	勝巳
かずみ	昭美
かずみ	数見
かずみ	数三
かずみ	数実
かずみ	数身
かずみ	数味
かずみ	数巳
かずみ	千海
かずみ	千未
かずみ	鶴見
かずみ	八海
かずみ	毎実
かずみ	毎美
かずみ	夢実
かずみ	利美
かずみ	良美
かずみ	量美
かずみ	量未
かずみ	和位
かずみ	和己
かずみ	和司
かずみ	和充
かずみ	和親
かずみ	和身
かずみ	和瑞
かずみ	和相
かずみ	和文
かずみ	和望
かずみ	和巳
かずみ	和命
かずみ	和良
かずみ	和已
かずや	一哉
かずや	一八
かずや	一冶
かずや	一耶
かずや	一弥
かずや	一矢
かずや	一優
かずや	一陽
かずや	一彌
かずや	一椰
かずや	壱哉
かずや	壱也
かずや	壱弥
かずや	員哉
かずや	胤也
かずや	佳主也
かずや	佳寿也
かずや	佳洲也
かずや	佳須也
かずや	佳瑞也
かずや	加寿哉
かずや	加寿也
かずや	歌寿哉
かずや	賀津也
かずや	馨寿也
かずや	紀陽
かずや	九也
かずや	九弥
かずや	九矢
かずや	計也
かずや	兼也
かずや	憲哉
かずや	憲弥
かずや	航也
かずや	司弥
かずや	七弥
かずや	主也
かずや	主弥
かずや	寿也
かずや	寿弥
かずや	宗也
かずや	十也
かずや	十弥
かずや	十矢
かずや	重哉
かずや	重也
かずや	順哉
かずや	順也
かずや	順弥
かずや	順矢
かずや	数哉
かずや	数八
かずや	数也
かずや	数弥
かずや	数矢
かずや	千哉
かずや	千也
かずや	千耶
かずや	千弥
かずや	千矢
かずや	千椰
かずや	知也
かずや	知弥
かずや	年哉
かずや	百也
かずや	風弥
かずや	睦哉
かずや	睦也
かずや	睦弥
かずや	睦矢
かずや	万也
かずや	量也
かずや	量矢
かずや	和哉
かずや	和八
かずや	和巳
かずや	和也
かずや	和冶
かずや	和夜
かずや	和耶
かずや	和弥
かずや	和矢
かずや	和彌
かずや	和椰
かずよし	かずよし
かずよし	一佳
かずよし	一嘉
かずよし	一喜
かずよし	一義
かずよし	一吉
かずよし	一圭
かずよし	一賢
かずよし	一功
かずよし	一好
かずよし	一剛
かずよし	一至
かずよし	一世氏
かずよし	一善
かずよし	一代氏
かずよし	一禎
かずよし	一美
かずよし	一福
かずよし	一芳
かずよし	一由
かずよし	一良
かずよし	員仁
かずよし	円理
かずよし	加治良
かずよし	紀賀
かずよし	紀凱
かずよし	紀祥
かずよし	計佳
かずよし	計吉
かずよし	司佳
かずよし	七嘉
かずよし	寿佳
かずよし	宗義
かずよし	春賀
かずよし	数義
かずよし	千源
かずよし	千善
かずよし	多允
かずよし	多可
かずよし	知慶
かずよし	知良
かずよし	万義
かずよし	利賀
かずよし	和愛
かずよし	和佳
かずよし	和嘉
かずよし	和喜
かずよし	和義
かずよし	和吉
かずよし	和恭
かずよし	和慶
かずよし	和好
かずよし	和治
かずよし	和淑
かずよし	和祥
かずよし	和世志
かずよし	和世氏
かずよし	和成
かずよし	和整
かずよし	和善
かずよし	和泰
かずよし	和代氏
かずよし	和禎
かずよし	和能
かずよし	和美
かずよし	和芳
かずよし	和由
かずよし	和誉
かずよし	和良
かつき	佳津樹
かつき	佳槻
かつき	加月
かつき	夏槻
かつき	迦月
かつき	賀月
かつき	海月
かつき	活希
かつき	活輝
かつき	活樹
かつき	活来
かつき	且己
かつき	椛月
かつき	健希
かつき	豪起
かつき	克葵
かつき	克牙
かつき	克基
かつき	克希
かつき	克毅
かつき	克季
かつき	克紀
かつき	克記
かつき	克貴
かつき	克起
かつき	克輝
かつき	克騎
かつき	克月
かつき	克己
かつき	克樹
かつき	克生
かつき	克熙
かつき	勝喜
かつき	勝基
かつき	勝希
かつき	勝毅
かつき	勝紀
かつき	勝規
かつき	勝記
かつき	勝貴
かつき	勝輝
かつき	勝騎
かつき	勝月
かつき	勝樹
かつき	勝城
かつき	勝生
かつき	勝暉
かつき	優希
かつき	優輝
かつき	稜月
かつき	翔月
かつひろ	一博
かつひろ	賀津宏
かつひろ	活裕
かつひろ	且丈
かつひろ	功宗
かつひろ	功博
かつひろ	克央
かつひろ	克寛
かつひろ	克宏
かつひろ	克広
かつひろ	克弘
かつひろ	克浩
かつひろ	克尋
かつひろ	克泰
かつひろ	克大
かつひろ	克拓
かつひろ	克博
かつひろ	克祐
かつひろ	克裕
かつひろ	克洋
かつひろ	勝寛
かつひろ	勝啓
かつひろ	勝宏
かつひろ	勝広
かつひろ	勝弘
かつひろ	勝浩
かつひろ	勝大
かつひろ	勝博
かつひろ	勝裕
かつひろ	勝洋
かつみ	かつみ
かつみ	嘉津美
かつみ	活美
かつみ	活巳
かつみ	葛三
かつみ	葛実
かつみ	葛美
かつみ	桂美
かつみ	賢心
かつみ	克
かつみ	克海
かつみ	克心
かつみ	克望
かつみ	克巳
かつみ	克弥
かつみ	克已
かつみ	克躬
かつみ	勝看
かつみ	勝己
かつみ	勝充
かつみ	勝心
かつみ	勝身
かつみ	勝巳
かつら	香都良
かづき	一記
かづき	一月
かづき	一樹
かづき	佳槻
かづき	果都生
かづき	珂月
かづき	禾月
かづき	柑月
かづき	克樹
かづき	勝月
かづき	神月
かづき	蘭月
かづき	和基
かづき	和輝
かづき	翔月
かなう	一那宇
かなう	華和羽
かなう	哉優
かなう	奏
かなう	奏祐
かなう	奏夢
かなう	奏優
かなた	カナタ
かなた	愛建
かなた	愛太
かなた	愛汰
かなた	愛大
かなた	一七太
かなた	一七汰
かなた	一七大
かなた	一那樹
かなた	一那汰
かなた	一凪太
かなた	一凪汰
かなた	一名太
かなた	宇宙
かなた	榎凪太
かなた	伽那汰
かなた	佳菜太
かなた	佳奈太
かなた	佳那太
かなた	佳那汰
かなた	佳那大
かなた	佳名太
かなた	佳名汰
かなた	佳和太
かなた	佳梛太
かなた	加菜太
かなた	加菜汰
かなた	加七太
かなた	加奈太
かなた	加那太
かなた	可向
かなた	可奈多
かなた	可南多
かなた	可南太
かなた	可南汰
かなた	嘉向
かなた	嘉成汰
かなた	嘉奈多
かなた	嘉奈太
かなた	嘉凪多
かなた	嘉南汰
かなた	嘉波多
かなた	夏向
かなた	夏菜太
かなた	夏渚太
かなた	夏奈太
かなた	夏那太
かなた	夏那汰
かなた	夏那大
かなた	夏凪多
かなた	夏凪太
かなた	夏凪汰
かなた	夏南汰
かなた	夏南大
かなた	架向
かなた	架凪舵
かなた	歌菜太
かなた	歌那多
かなた	花菜太
かなた	花奈太
かなた	花那太
かなた	華奈汰
かなた	賀奈太
かなた	海音
かなた	海七太
かなた	海那汰
かなた	海凪太
かなた	海南太
かなた	海梛太
かなた	馨向
かなた	楽汰
かなた	叶
かなた	叶貴
かなた	叶起
かなた	叶建
かなた	叶高
かなた	叶詩
かなた	叶七大
かなた	叶種
かなた	叶樹
かなた	叶匠
かなた	叶植
かなた	叶炊
かなた	叶嵩
かなた	叶太
かなた	叶汰
かなた	叶唾
かなた	叶舵
かなた	叶駄
かなた	叶泰
かなた	叶大
かなた	叶達
かなた	叶竪
かなた	叶那太
かなた	叶南太
かなた	叶名大
かなた	叶立
かなた	叶隆
かなた	叶竜
かなた	叶逞
かなた	樺堵
かなた	協多
かなた	協太
かなた	協汰
かなた	協泰
かなた	協長
かなた	金多
かなた	金太
かなた	金汰
かなた	金谷
かなた	金田哲
かなた	金武
かなた	圭凪太
かなた	乎樹
かなた	香菜太
かなた	香奈太
かなた	香那太
かなた	哉詩
かなた	哉樹
かなた	哉匠
かなた	哉丈
かなた	哉瑞
かなた	哉太
かなた	哉汰
かなた	哉泰
かなた	哉大
かなた	哉那多
かなた	哉竜
かなた	称大
かなた	称逞
かなた	心葵
かなた	心湊
かなた	川鳴太
かなた	奏
かなた	奏音
かなた	奏歌
かなた	奏海
かなた	奏堪
かなた	奏貴
かなた	奏建
かなた	奏巧
かなた	奏詩
かなた	奏手
かなた	奏樹
かなた	奏丈
かなた	奏瑞
かなた	奏尊
かなた	奏太
かなた	奏妥
かなた	奏舵
かなた	奏陀
かなた	奏泰
かなた	奏大
かなた	奏長
かなた	奏佑
かなた	奏陽
かなた	奏樂
かなた	奏逞
かなた	大空
かなた	適太
かなた	天空
かなた	日七太
かなた	桧七太
かなた	風夏汰
かなた	未来
かなた	優空
かなた	悠
かなた	要多
かなた	要太
かなた	要汰
かなた	要大
かなた	遥
かなた	遼
かなた	和菜汰
かなた	和七太
かなた	和那太
かなた	翔向
かなた	翔奏
かなた	翔太
かなた	翔那多
かなた	翔那太
かなた	翔那汰
かなた	翔湊
かなで	叶弟
かなで	湊
かなで	翔名出
かなと	愛士
かなと	愛十
かなと	愛堵
かなと	愛斗
かなと	愛都
かなと	愛透
かなと	愛友
かなと	愛翔
かなと	榎南人
かなと	伽那斗
かなと	佳奈人
かなと	佳奈斗
かなと	佳奈登
かなと	佳名斗
かなと	佳名都
かなと	加菜斗
かなと	加奈斗
かなと	加那斗
かなと	加那都
かなと	加那翔
かなと	加名人
かなと	可那斗
かなと	可那翔
かなと	可南斗
かなと	嘉奈人
かなと	嘉和士
かなと	夏菜斗
かなと	夏七翔
かなと	夏渚登
かなと	夏那翔
かなと	夏凪人
かなと	夏凪翔
かなと	夏南斗
かなと	夏南翔
かなと	夏湊
かなと	果奈人
かなと	果奈斗
かなと	歌那冬
かなと	華菜斗
かなと	華成人
かなと	華那叶
かなと	華那斗
かなと	華那翔
かなと	海永斗
かなと	海夏人
かなと	海夏斗
かなと	海那斗
かなと	海凪斗
かなと	海南人
かなと	海南斗
かなと	海波斗
かなと	海梛斗
かなと	叶
かなと	叶遠
かなと	叶乙
かなと	叶虎
かなと	叶采
かなと	叶士
かなと	叶十
かなと	叶仁
かなと	叶説
かなと	叶達
かなと	叶兎
かなと	叶堵
かなと	叶斗
かなと	叶杜
かなと	叶渡
かなと	叶登
かなと	叶途
かなと	叶都
かなと	叶冬
かなと	叶燈
かなと	叶透
かなと	叶那士
かなと	叶那斗
かなと	叶那翔
かなと	叶富
かなと	叶夢
かなと	叶友
かなと	叶来翔
かなと	叶利
かなと	叶橙
かなと	協人
かなと	協斗
かなと	協飛
かなと	金飛
かなと	交奈斗
かなと	香奈兎
かなと	香奈斗
かなと	香奈登
かなと	哉音
かなと	哉叶
かなと	哉采
かなと	哉士
かなと	哉人
かなと	哉仁
かなと	哉兎
かなと	哉斗
かなと	哉杜
かなと	哉渡
かなと	哉登
かなと	哉都
かなと	哉努
かなと	哉年
かなと	哉朋
かなと	哉橙
かなと	神奈都
かなと	枢門
かなと	奏遠
かなと	奏共
かなと	奏絃
かなと	奏戸
かなと	奏采
かなと	奏士
かなと	奏心
かなと	奏人
かなと	奏仁
かなと	奏聡
かなと	奏達
かなと	奏杜
かなと	奏登
かなと	奏途
かなと	奏都
かなと	奏土
かなと	奏冬
かなと	奏灯
かなと	奏燈
かなと	奏当
かなと	奏透
かなと	奏堂
かなと	奏年
かなと	奏飛
かなと	奏富
かなと	奏門
かなと	奏友
かなと	奏利
かなと	奏和
かなと	奏橙
かなと	泰人
かなと	要采
かなと	要人
かなと	要斗
かなと	要登
かなと	要都
かなと	要砥
かなと	要翔
かなと	翔斗
かなと	諧采
かなむ	可成夢
かなむ	叶奈夢
かなむ	叶武
かなむ	叶舞
かなむ	叶睦
かなむ	奏武
かなむ	奏舞
かなむ	奏六
かなめ	加南芽
かなめ	夏菜芽
かなめ	火奈芽
かなめ	叶人
かなめ	叶馬
かなめ	協愛
かなめ	哉芽
かなめ	哉馬
かなめ	奏恩
かなめ	奏恵
かなめ	奏成芽
かなめ	奏馬
かなめ	奏明
かなめ	奏要
かなめ	奏惠
かなめ	泰明
かなめ	彼芽
かなめ	要人
かなめ	領
かなめ	和生芽
かなめ	翔夏命
かなめ	翔命
かなる	嘉成
かなる	夏成
かなる	夏南留
かなる	果成
かなる	果也
かなる	芽生
かなる	叶成
かなる	叶留
かなる	叶瑠
かなる	哉成
かなる	哉琉
かなる	奏
かなる	奏琉
かなる	翔成
かなる	翔成琉
かなる	翔生
かむい	カムイ
かむい	加夢意
かむい	可夢偉
かむい	嘉武伊
かむい	雅夢偉
かむい	叶夢
かむい	叶夢偉
かむい	叶夢唯
かむい	冠偉
かむい	冠意
かむい	冠衣
かむい	冠唯
かむい	香六
かむい	神威岬
かむい	神維
かむい	神衣
かむい	神居
かむい	勇侍
かむい	翔武威
かむい	翔夢偉
かむい	翔要
かん	寬
かん	乾
かん	侃
かん	冠
かん	勧
かん	完
かん	寛
かん	歓
かん	漢
かん	緩
かん	艦
かん	莞
かん	観
かん	貫
かん	還
かん	鑑
かん	閑
かん	紺
かん	菅
かん	函
かん	奐
きいち	葵依智
きいち	葵壱
きいち	葵市
きいち	黄一
きいち	伎壱
きいち	喜以知
きいち	喜伊知
きいち	喜位置
きいち	喜依智
きいち	喜一
きいち	喜壱
きいち	喜逸
きいち	喜市
きいち	喜都
きいち	基惟千
きいち	基一
きいち	基壱
きいち	基都
きいち	基唯千
きいち	嬉一
きいち	希以智
きいち	希伊千
きいち	希維千
きいち	希一
きいち	希壱
きいち	希市
きいち	棋市
きいち	機一
きいち	機壱
きいち	機市
きいち	帰一
きいち	毅一
きいち	季偉知
きいち	季意知
きいち	季一
きいち	季市
きいち	稀一
きいち	稀壱
きいち	稀市
きいち	紀伊千
きいち	紀伊智
きいち	紀一
きいち	紀壱
きいち	紀市
きいち	紀千
きいち	紀智
きいち	規惟千
きいち	規一
きいち	規壱
きいち	規市
きいち	規唯千
きいち	記一
きいち	記壱
きいち	記市
きいち	貴一
きいち	貴壱
きいち	貴市
きいち	起一
きいち	起壱
きいち	軌一
きいち	輝偉知
きいち	輝一
きいち	輝壱
きいち	輝逸
きいち	輝市
きいち	騎一
きいち	騎逸
きいち	鬼一
きいち	亀惟千
きいち	亀市
きいち	亀唯千
きいち	桔一
きいち	桔壱
きいち	桔市
きいち	己一
きいち	樹一
きいち	樹壱
きいち	樹市
きいち	生一
きいち	聴一
きいち	槻一
きいち	木一
きいち	木壱
きいち	木市
きいち	來一
きいち	揆一
きいち	暉一
きいち	杞一
きいち	絆一
きいち	絆壱
きいち	綺一
きいち	麒一
きいち	麒壱
きいち	熙一
きお	葵生
きお	幹央
きお	喜生
きお	喜大
きお	喜夫
きお	基雄
きお	希音
きお	季大
きお	稀央
きお	稀大
きお	稀凰
きお	紀央
きお	貴生
きお	起穂
きお	軌央
きお	輝於
きお	輝乙
きお	輝男
きお	祁士
きお	樹央
きお	樹音
きお	樹桜
きお	妃桜
きお	來旺
きお	暉生
きお	綺青
きおり	基織
きずき	喜寿輝
きずき	希寿輝
きずき	城
きずき	築輝
きずき	絆喜
きずき	絆來
きずき	絆煌
きずな	気沙
きずな	貴砂
きずな	絆成
きせき	喜星輝
きせき	喜積
きせき	希釈
きせき	希世希
きせき	希世稀
きせき	希世貴
きせき	希世綺
きせき	希星輝
きせき	希隻
きせき	希拓
きせき	祈跡
きせき	稀世希
きせき	稀世稀
きせき	稀世貴
きせき	稀世綺
きせき	貴汐
きせき	貴世希
きせき	貴世稀
きせき	貴世貴
きせき	貴世綺
きせき	貴石
きせき	輝跡
きせき	煌成樹
きせき	煌星輝
きせき	煌隻
きせき	綺世希
きせき	綺世稀
きせき	綺世貴
きせき	綺世綺
きづき	基就
きづき	奇月
きづき	紀月
きづき	貴月
きづき	樹月
きなり	葵哉
きなり	葵成
きなり	葵晴
きなり	葵也
きなり	喜成
きなり	喜也
きなり	希哉
きなり	貴成
きなり	貴也
きなり	起成
きなり	桔生
きなり	桔礼
きなり	樹成
きなり	木也
きなり	熙哉
きはる	葵春
きはる	乙晴
きはる	幹治
きはる	喜晴
きはる	喜遥
きはる	喜陽
きはる	希桜
きはる	季治
きはる	季明
きはる	季悠
きはる	季遥
きはる	稀春
きはる	稀晴
きはる	紀晴
きはる	貴遥
きはる	貴陽
きはる	輝啓
きはる	輝桜
きはる	輝春
きはる	輝晴
きはる	輝明
きはる	輝陽
きはる	吉玄
きはる	桔大
きはる	樹治
きはる	樹春
きはる	樹晴
きはる	樹暖
きはる	来晴
きはる	暉悠
きはる	煌晴
きはる	絆晴
きひろ	葵大
きひろ	喜啓
きひろ	喜紘
きひろ	喜尋
きひろ	喜優
きひろ	基宙
きひろ	希啓
きひろ	希光
きひろ	希洋
きひろ	希昊
きひろ	毅宏
きひろ	季宏
きひろ	季優
きひろ	稀弘
きひろ	稀優
きひろ	紀宏
きひろ	貴尋
きひろ	貴優
きひろ	貴祐
きひろ	輝広
きひろ	輝浩
きひろ	輝紘
きひろ	輝大
きひろ	輝洋
きひろ	樹裕
きひろ	来広
きょう	葵陽
きょう	希燿
きょう	稀陽
きょう	巨宇
きょう	京優
きょう	競
きょう	協
きょう	卿
きょう	強
きょう	恭生
きょう	経
きょう	孝
きょう	耕
きょうま	叶真
きょうま	叶誠
きょうま	叶馬
きょうま	叶眞
きょうま	亨馬
きょうま	京真
きょうま	京馬
きょうま	京摩
きょうま	京磨
きょうま	京麻
きょうま	侠磨
きょうま	協真
きょうま	協磨
きょうま	匡真
きょうま	匡眞
きょうま	恭馬
きょうま	恭摩
きょうま	恭磨
きょうま	恭麻
きょうま	興真
きょうま	鏡真
きょうま	鏡馬
きょうま	響真
きょうま	響馬
きょうま	響磨
きょうま	経磨
きょうま	今日磨
きょうま	俠真
きよし	きよし
きよし	葵介
きよし	喜佳
きよし	喜義
きよし	喜好
きよし	喜資
きよし	喜淑
きよし	喜代司
きよし	喜代子
きよし	喜代志
きよし	喜芳
きよし	喜由
きよし	喜与士
きよし	喜与志
きよし	喜誉志
きよし	喜良
きよし	基代志
きよし	奇世司
きよし	寄与志
きよし	寄良
きよし	岐依志
きよし	岐世史
きよし	岐世士
きよし	岐与志
きよし	希佳
きよし	希義
きよし	希吉
きよし	希世史
きよし	希世始
きよし	希世志
きよし	希世祉
きよし	希世詩
きよし	希代士
きよし	希代志
きよし	希与資
きよし	希誉士
きよし	希誉志
きよし	希葉始
きよし	希葉志
きよし	希葉祉
きよし	希葉詩
きよし	希良
きよし	幾世志
きよし	機吉
きよし	機与志
きよし	機良
きよし	気賀
きよし	季吉
きよし	季祥
きよし	季良
きよし	稀佳
きよし	稀吉
きよし	稀世志
きよし	稀世祉
きよし	稀世詩
きよし	稀誉士
きよし	稀誉志
きよし	稀良
きよし	紀喜
きよし	紀義
きよし	紀吉
きよし	紀治
きよし	紀世志
きよし	紀代史
きよし	紀由
きよし	紀与士
きよし	紀誉資
きよし	紀良
きよし	規世司
きよし	規予志
きよし	規良
きよし	記代士
きよし	記代志
きよし	記美
きよし	記良
きよし	貴依志
きよし	貴佳
きよし	貴義
きよし	貴吉
きよし	貴世司
きよし	貴世史
きよし	貴世始
きよし	貴世志
きよし	貴世祉
きよし	貴世詩
きよし	貴世資
きよし	貴代嗣
きよし	貴代志
きよし	貴由
きよし	貴余資
きよし	貴与至
きよし	貴葉志
きよし	起世志
きよし	起余資
きよし	起誉詞
きよし	起良
きよし	輝依史
きよし	輝喜
きよし	輝義
きよし	輝吉
きよし	輝欣
きよし	輝世史
きよし	輝世士
きよし	輝成
きよし	輝代史
きよし	輝代視
きよし	輝由
きよし	輝予志
きよし	輝与司
きよし	輝誉司
きよし	輝誉士
きよし	輝誉志
きよし	輝誉資
きよし	輝良
きよし	亀世志
きよし	亀世思
きよし	亀誉司
きよし	亀良
きよし	金良
きよし	屑
きよし	圭
きよし	圭志
きよし	潔
きよし	潔司
きよし	潔史
きよし	潔姿
きよし	潔至
きよし	潔視
きよし	潔詩
きよし	健
きよし	健志
きよし	己世志
きよし	己良
きよし	汐志
きよし	樹佳
きよし	樹可
きよし	樹義
きよし	樹吉
きよし	樹世始
きよし	樹世志
きよし	樹世祉
きよし	樹世詩
きよし	樹代志
きよし	樹芳
きよし	樹与志
きよし	樹誉志
きよし	樹良
きよし	粛司
きよし	粛史
きよし	粛志
きよし	淳志
きよし	城世志
きよし	浄
きよし	浄司
きよし	浄志
きよし	浄思
きよし	浄詩
きよし	澄
きよし	澄司
きよし	澄史
きよし	澄士
きよし	澄師
きよし	澄志
きよし	澄思
きよし	澄詞
きよし	澄詩
きよし	晴
きよし	清
きよし	清司
きよし	清史
きよし	清嗣
きよし	清士
きよし	清姿
きよし	清子
きよし	清師
きよし	清志
きよし	清思
きよし	清枝
きよし	清獅
きよし	清祉
きよし	清私
きよし	清紫
きよし	清至
きよし	清詞
きよし	清詩
きよし	清誌
きよし	清資
きよし	清次
きよし	清治
きよし	清示
きよし	清信
きよし	清心
きよし	清新
きよし	清真
きよし	清知
きよし	清椎
きよし	清之
きよし	聖
きよし	聖司
きよし	聖史
きよし	聖嗣
きよし	聖士
きよし	聖始
きよし	聖姿
きよし	聖志
きよし	聖思
きよし	聖祉
きよし	聖紫
きよし	聖至
きよし	聖視
きよし	聖詞
きよし	聖詩
きよし	聖誌
きよし	聖資
きよし	太花世詩
きよし	忠
きよし	白
きよし	木吉
きよし	木与志
きよし	木良
きよし	来吉
きよし	来世志
きよし	来良
きよし	廉
きよし	毀吉
きよし	毀良
きよし	暉与祉
きよし	氣代志
きよし	淨司
きよし	淨史
きよし	淨志
きよし	綺佳
きよし	綺世始
きよし	綺世志
きよし	綺世祉
きよし	綺世詩
きよし	綺予姿
きよし	綺良
きらり	稀星
きらり	貴星
きらり	金銀
きらり	樹来利
きらり	星願
きらり	星理
きらり	煌栞
きらり	綺羅人
きらん	輝蘭
きらん	樹藍
きらん	煌夢
きらん	綺藍
きり	葵俐
きり	喜李
きり	喜璃
きり	喜麗
きり	希俐
きり	揮利
きり	揮吏
きり	揮李
きり	揮俐
きり	機利
きり	季利
きり	季吏
きり	稀利
きり	稀吏
きり	稀璃
きり	稀琳
きり	規利
きり	貴利
きり	軌吏
きり	輝利
きり	輝理
きり	輝離
きり	鬼莉
きり	己理
きり	己里
きり	霧
きり	来里
きりあ	騎利亜
きりあ	桐阿
きりあ	桐上
きりん	記凜
きりん	貴琳
きりん	貴凛
きりん	輝凛
きるあ	喜瑠亜
きるあ	希琉亜
きるあ	希琉愛
きるあ	希琉雅
きるあ	希瑠歩
きるあ	機離亜
きるあ	輝流愛
きるあ	輝琉愛
きるあ	輝琉空
きわ	輝羽
きわ	生和
ぎん	ギン
ぎん	吟
ぎん	如
ぎんが	吟華
ぎんが	吟芽
ぎんが	吟賀
ぎんが	吟雅
ぎんが	銀華
ぎんが	銀俄
ぎんが	銀我
ぎんが	銀牙
ぎんが	銀芽
ぎんが	銀賀
ぎんが	銀雅
ぎんが	銀駕
ぎんが	銀月
くう	玖宇
くう	玖佑
くう	駈宇
くう	空風
くう	空夢
くう	紅空
くう	来侑
くう	琥羽
くう	琥佑
くう	琥侑
くうが	空河
くうが	空珂
くうが	空俄
くうが	空峨
くうが	空我
くうが	空牙
くうが	空芽
くうが	空駕
くうが	空輝
くうが	空虎
くうが	空夢
くうが	空翔
くうが	徠駕
くうや	玖羽弥
くうや	玖恭
くうや	空八
くうや	空也
くうや	空冶
くうや	空夜
くうや	空耶
くうや	空野
くうや	空弥
くうや	空矢
くうや	空彌
くうや	空椰
くうや	功弥
くおん	久恩
くおん	久温
くおん	九遠
くおん	九穏
くおん	玖恩
くおん	玖温
くおん	駆音
くおん	空穏
くおん	公遠
くおん	来恩
くおん	来音
くおん	來恩
くおん	琥園
くおん	琥遠
くるみ	玖琉海
けい	Ｋ
けい	希偉
けい	希惟
けい	京唯
けい	競
けい	卿
けい	係
けい	刑
けい	兄
けい	啓偉
けい	啓威
けい	啓生
けい	啓唯
けい	圭偉
けい	圭一
けい	圭壱
けい	径生
けい	慶偉
けい	慶唯
けい	慧葵
けい	携
けい	敬威
けい	敬唯
けい	系
けい	経
けい	計
けい	鶏
けい	結
けい	健衣
けい	多嘉良
けい	彗
けい	繫
けいき	馨喜
けいき	馨樹
けいき	啓喜
けいき	啓貴
けいき	啓輝
けいき	啓樹
けいき	圭喜
けいき	圭希
けいき	圭紀
けいき	圭記
けいき	圭輝
けいき	圭樹
けいき	恵希
けいき	恵生
けいき	慶喜
けいき	慶貴
けいき	慶軌
けいき	慶輝
けいき	慧基
けいき	慧樹
けいき	慧綺
けいき	敬喜
けいき	敬基
けいき	敬記
けいき	敬貴
けいき	敬樹
けいき	景樹
けいき	景麒
けいき	桂葵
けいき	桂喜
けいき	桂基
けいき	桂紀
けいき	桂規
けいき	桂記
けいき	桂貴
けいき	桂輝
けいき	桂騎
けいき	桂己
けいき	桂樹
けいき	桂生
けいき	継貴
けいき	蛍幸
けいき	奎騎
けいき	繫喜
けいし	けい志
けいし	佳史
けいし	佳士
けいし	佳志
けいし	馨史
けいし	馨士
けいし	馨志
けいし	稀一子
けいし	稀唯子
けいし	京子
けいし	京志
けいし	京紫
けいし	京詩
けいし	啓司
けいし	啓史
けいし	啓嗣
けいし	啓士
けいし	啓子
けいし	啓志
けいし	啓思
けいし	啓詞
けいし	啓示
けいし	啓信
けいし	啓之
けいし	圭一士
けいし	圭司
けいし	圭史
けいし	圭嗣
けいし	圭士
けいし	圭子
けいし	圭志
けいし	圭思
けいし	圭至
けいし	圭治
けいし	圭信
けいし	圭知
けいし	圭之
けいし	圭唯士
けいし	珪史
けいし	恵沙
けいし	恵仕
けいし	恵司
けいし	恵史
けいし	恵嗣
けいし	恵士
けいし	恵志
けいし	恵施
けいし	恵詞
けいし	恵信
けいし	慶司
けいし	慶史
けいし	慶嗣
けいし	慶士
けいし	慶子
けいし	慶志
けいし	慶思
けいし	慶施
けいし	慶至
けいし	慶詞
けいし	慶詩
けいし	慧司
けいし	慧史
けいし	慧士
けいし	慧志
けいし	慧思
けいし	慧詩
けいし	慧之
けいし	敬沙
けいし	敬司
けいし	敬史
けいし	敬士
けいし	敬子
けいし	敬志
けいし	敬至
けいし	敬視
けいし	敬詩
けいし	敬信
けいし	敬之
けいし	景士
けいし	景子
けいし	景思
けいし	景視
けいし	景偲
けいし	景信
けいし	桂史
けいし	桂士
けいし	桂信
けいし	渓子
けいし	渓信
けいし	継志
けいし	蛍司
けいし	蛍志
けいし	結志
けいし	堅石
けいし	光史
けいし	酒井
けいし	肇史
けいし	彗司
けいし	惠志
けいし	繫至
けいしゅん	啓俊
けいしゅん	圭俊
けいしゅん	圭春
けいしゅん	恵俊
けいしゅん	慶俊
けいしゅん	慶瞬
けいしゅん	慶駿
けいしゅん	慶純
けいしゅん	慶隼
けいしゅん	慧俊
けいしゅん	景春
けいしゅん	渓旬
けいじ	けい士
けいじ	佳司
けいじ	佳嗣
けいじ	佳士
けいじ	佳児
けいじ	佳慈
けいじ	佳仁
けいじ	佳二
けいじ	馨詩
けいじ	馨慈
けいじ	京祇
けいじ	京司
けいじ	京至
けいじ	京治
けいじ	刑事
けいじ	刑児
けいじ	刑次
けいじ	刑治
けいじ	刑二
けいじ	刑路
けいじ	兄児
けいじ	兄次
けいじ	兄治
けいじ	兄二
けいじ	兄路
けいじ	啓司
けいじ	啓史
けいじ	啓嗣
けいじ	啓士
けいじ	啓志
けいじ	啓至
けいじ	啓詞
けいじ	啓資
けいじ	啓児
けいじ	啓慈
けいじ	啓次
けいじ	啓治
けいじ	啓爾
けいじ	啓示
けいじ	啓仁
けいじ	啓地
けいじ	啓二
けいじ	啓之
けいじ	啓路
けいじ	圭司
けいじ	圭史
けいじ	圭士
けいじ	圭志
けいじ	圭至
けいじ	圭児
けいじ	圭慈
けいじ	圭時
けいじ	圭次
けいじ	圭治
けいじ	圭示
けいじ	圭二
けいじ	圭之
けいじ	圭路
けいじ	恵ニ
けいじ	恵司
けいじ	恵史
けいじ	恵嗣
けいじ	恵師
けいじ	恵詩
けいじ	恵侍
けいじ	恵児
けいじ	恵慈
けいじ	恵次
けいじ	恵治
けいじ	恵辞
けいじ	恵二
けいじ	恵巳
けいじ	恵路
けいじ	慶ニ
けいじ	慶義
けいじ	慶司
けいじ	慶史
けいじ	慶士
けいじ	慶志
けいじ	慶侍
けいじ	慶児
けいじ	慶慈
けいじ	慶次
けいじ	慶治
けいじ	慶寿
けいじ	慶臣
けいじ	慶仁
けいじ	慶二
けいじ	慶路
けいじ	慧司
けいじ	慧次
けいじ	慧治
けいじ	慧示
けいじ	慧二
けいじ	敬司
けいじ	敬史
けいじ	敬士
けいじ	敬志
けいじ	敬詩
けいじ	敬慈
けいじ	敬次
けいじ	敬治
けいじ	敬仁
けいじ	敬二
けいじ	敬路
けいじ	景ニ
けいじ	景司
けいじ	景史
けいじ	景士
けいじ	景児
けいじ	景次
けいじ	景治
けいじ	景仁
けいじ	景二
けいじ	景路
けいじ	桂司
けいじ	桂史
けいじ	桂士
けいじ	桂児
けいじ	桂慈
けいじ	桂次
けいじ	桂滋
けいじ	桂治
けいじ	桂示
けいじ	桂二
けいじ	桂路
けいじ	渓史
けいじ	渓志
けいじ	渓次
けいじ	系児
けいじ	系次
けいじ	系治
けいじ	系二
けいじ	系路
けいじ	経司
けいじ	経示
けいじ	蛍士
けいじ	蛍慈
けいじ	蛍治
けいじ	蛍二
けいじ	計児
けいじ	計次
けいじ	計治
けいじ	計二
けいじ	計路
けいじ	鶏二
けいじ	勁次
けいじ	勁治
けいじ	勁二
けいじ	奎司
けいじ	奎治
けいじ	奎二
けいじ	惠司
けいじ	惠滋
けいじ	惠治
けいじ	惠二
けいじゅ	佳樹
けいじゅ	啓寿
けいじゅ	啓樹
けいじゅ	圭珠
けいじゅ	圭寿
けいじゅ	圭樹
けいじゅ	恵鷲
けいじゅ	慶寿
けいじゅ	慶樹
けいじゅ	慧珠
けいじゅ	慧寿
けいじゅ	慧樹
けいじゅ	慧鷲
けいじゅ	敬樹
けいじゅ	景樹
けいじゅ	蛍寿
けいじゅ	結珠
けいじゅ	結寿
けいじゅ	諒樹
けいじゅ	奎樹
けいと	佳永
けいと	佳弦
けいと	佳人
けいと	佳智
けいと	佳跳
けいと	佳斗
けいと	佳登
けいと	佳土
けいと	佳飛
けいと	佳利
けいと	佳翔
けいと	馨人
けいと	馨大
けいと	馨斗
けいと	希維人
けいと	希弦
けいと	希絃
けいと	希生仁
けいと	京人
けいと	京跳
けいと	京斗
けいと	京翔
けいと	卿人
けいと	卿斗
けいと	兄斗
けいと	啓音
けいと	啓叶
けいと	啓戸
けいと	啓采
けいと	啓士
けいと	啓十
けいと	啓人
けいと	啓仁
けいと	啓征
けいと	啓聡
けいと	啓大
けいと	啓跳
けいと	啓斗
けいと	啓杜
けいと	啓統
けいと	啓豊
けいと	啓利
けいと	啓翔
けいと	圭衣翔
けいと	圭叶
けいと	圭桐
けいと	圭弦
けいと	圭虎
けいと	圭采
けいと	圭糸
けいと	圭人
けいと	圭仁
けいと	圭説
けいと	圭斗
けいと	圭杜
けいと	圭渡
けいと	圭土
けいと	圭冬
けいと	圭飛
けいと	圭利
けいと	圭綸
けいと	圭翔
けいと	契人
けいと	恵永
けいと	恵士
けいと	恵仁
けいと	恵澄
けいと	恵徒
けいと	恵土
けいと	恵燈
けいと	恵飛
けいと	恵豊
けいと	恵橙
けいと	恵遙
けいと	慶乙
けいと	慶戸
けいと	慶虎
けいと	慶士
けいと	慶十
けいと	慶人
けいと	慶仁
けいと	慶杜
けいと	慶祷
けいと	慶透
けいと	慶敏
けいと	慶豊
けいと	慶門
けいと	慶橙
けいと	慶翔
けいと	慧叶
けいと	慧弦
けいと	慧絃
けいと	慧士
けいと	慧人
けいと	慧仁
けいと	慧大
けいと	慧杜
けいと	慧登
けいと	慧土
けいと	慧冬
けいと	慧燈
けいと	慧敏
けいと	慧門
けいと	憩人
けいと	憩仁
けいと	憩斗
けいと	敬依斗
けいと	敬音
けいと	敬士
けいと	敬人
けいと	敬仁
けいと	敬大
けいと	敬斗
けいと	敬土
けいと	敬冬
けいと	敬富
けいと	敬豊
けいと	敬翔
けいと	景虎
けいと	景士
けいと	景人
けいと	景杜
けいと	景渡
けいと	景翔
けいと	桂士
けいと	桂人
けいと	桂斗
けいと	桂渡
けいと	桂登
けいと	桂冬
けいと	渓桐
けいと	渓人
けいと	渓斗
けいと	渓登
けいと	系都
けいと	継人
けいと	継斗
けいと	継渡
けいと	継登
けいと	継都
けいと	繋人
けいと	蛍弦
けいと	蛍人
けいと	蛍仁
けいと	詣人
けいと	鯨人
けいと	結人
けいと	結仁
けいと	結都
けいと	結冬
けいと	結門
けいと	結友
けいと	結翔
けいと	勁人
けいと	奎人
けいと	奎斗
けいと	奎都
けいと	彗人
けいと	彗斗
けいと	彗杜
けいと	彗都
けいと	彗翔
けいと	惠虎
けいと	惠士
けいと	惠人
けいと	惠仁
けいと	惠斗
けいと	惠登
けいと	惠都
けいと	惠翔
けいと	憬音
けいと	繫人
けいと	繫仁
けいと	繫斗
けいや	佳弥
けいや	佳矢
けいや	馨也
けいや	京哉
けいや	京也
けいや	京弥
けいや	啓哉
けいや	啓也
けいや	啓弥
けいや	啓矢
けいや	圭哉
けいや	圭也
けいや	圭耶
けいや	圭弥
けいや	圭矢
けいや	径也
けいや	恵哉
けいや	恵也
けいや	恵弥
けいや	恵矢
けいや	慶
けいや	慶哉
けいや	慶也
けいや	慶耶
けいや	慶弥
けいや	慶矢
けいや	慧哉
けいや	慧也
けいや	慧弥
けいや	慧矢
けいや	敬哉
けいや	敬也
けいや	敬弥
けいや	景也
けいや	景弥
けいや	景彌
けいや	桂哉
けいや	桂也
けいや	桂弥
けいや	桂矢
けいや	渓也
けいや	継也
けいや	奎哉
けいや	奎也
けいや	奎弥
けいん	ケイン
けいん	佳音
けいん	華音
けいん	快音
けいん	圭音
けいん	恵韻
けいん	恵音
けいん	景音
けいん	渓允
けいん	計韻
けいん	計音
けん	けん
けん	ケン
けん	絢
けん	嘉武
けん	花武
けん	乾
けん	監
けん	希武
けん	稀武
けん	件
けん	倹
けん	兼
けん	券
けん	剣
けん	圏
けん	堅
けん	建
けん	憲
けん	懸
けん	拳
けん	検
けん	権
けん	献
けん	研
けん	絹
けん	県
けん	見
けん	謙
けん	賢
けん	軒
けん	遣
けん	鍵
けん	険
けん	顕
けん	験
けん	玄
けん	圈
けん	栞
けん	縣
けん	虔
けん	顯
こあ	呼亜
こあ	湖有
こあ	虎光
こあ	瑚逢
こあ	孝亜
こあ	来空
こあ	琥羽
こあ	琥吾
こあ	琥充
こあ	琥天
こう	輝
こう	輝歌
こう	亨
こう	匡
こう	興
こう	仰
こう	空
こう	茎
こう	己宇
こう	己優
こう	湖
こう	湖宇
こう	湖友
こう	胡
こう	虎
こう	虎宇
こう	虎羽
こう	虎於
こう	虎佑
こう	虎優
こう	誇生
こう	誇有
こう	瑚宇
こう	瑚生
こう	瑚優
こう	侯
こう	光生
こう	光優
こう	功
こう	効
こう	厚
こう	后
こう	孔
こう	孝
こう	孝宇
こう	孝羽
こう	工
こう	巧
こう	幸雨
こう	幸生
こう	弘
こう	抗
こう	攻
こう	晃
こう	晃生
こう	更
こう	校
こう	梗
こう	構
こう	洪
こう	浩
こう	港
こう	皇宇
こう	皇王
こう	稿
こう	耕
こう	考
こう	航生
こう	行
こう	衡
こう	講
こう	貢
こう	鋼
こう	閤
こう	降
こう	項
こう	高
こう	剛
こう	轟
こう	冴生
こう	冴優
こう	子空
こう	縞
こう	心羽
こう	心優
こう	心侑
こう	虹空
こう	虹植
こう	来於
こう	来侑
こう	亘
こう	廣
こう	昊生
こう	昊洸
こう	昴
こう	煌羽
こう	琥宇
こう	琥海
こう	琥生
こう	琥佑
こう	琥優
こう	琥有
こう	皓
こうき	こう希
こうき	黄輝
こうき	輝希
こうき	輝毅
こうき	輝騎
こうき	輝生
こうき	亨希
こうき	亨規
こうき	亨樹
こうき	匡希
こうき	匡毅
こうき	匡玖
こうき	興喜
こうき	興基
こうき	興希
こうき	興毅
こうき	興季
こうき	興稀
こうき	興紀
こうき	興貴
こうき	興起
こうき	興輝
こうき	興騎
こうき	興碁
こうき	興暉
こうき	仰輝
こうき	空葵
こうき	空希
こうき	空祈
こうき	空季
こうき	空貴
こうき	空輝
こうき	空樹
こうき	空生
こうき	空暉
こうき	虎貴
こうき	虎輝
こうき	誇希
こうき	侯来
こうき	倖葵
こうき	倖幹
こうき	倖喜
こうき	倖基
こうき	倖希
こうき	倖毅
こうき	倖季
こうき	倖稀
こうき	倖紀
こうき	倖規
こうき	倖貴
こうき	倖輝
こうき	倖己
こうき	倖樹
こうき	倖城
こうき	倖来
こうき	倖暉
こうき	倖絆
こうき	光葵
こうき	光幹
こうき	光伎
こうき	光喜
こうき	光基
こうき	光嬉
こうき	光揮
こうき	光棋
こうき	光毅
こうき	光気
こうき	光祈
こうき	光季
こうき	光稀
こうき	光規
こうき	光記
こうき	光貴
こうき	光起
こうき	光軌
こうき	光輝
こうき	光騎
こうき	光桔
こうき	光己
こうき	光碁
こうき	光哉
こうき	光樹
こうき	光粋
こうき	光生
こうき	光礎
こうき	光来
こうき	光來
こうき	光暉
こうき	光綺
こうき	光熙
こうき	公喜
こうき	公基
こうき	公希
こうき	公旗
こうき	公毅
こうき	公紀
こうき	公規
こうき	公記
こうき	公貴
こうき	公軌
こうき	公輝
こうき	公騎
こうき	公玖
こうき	公己
こうき	公樹
こうき	公煕
こうき	功喜
こうき	功基
こうき	功希
こうき	功揮
こうき	功気
こうき	功季
こうき	功稀
こうき	功紀
こうき	功規
こうき	功記
こうき	功貴
こうき	功起
こうき	功輝
こうき	功騎
こうき	功己
こうき	功樹
こうき	功礎
こうき	功暉
こうき	功絆
こうき	厚希
こうき	厚毅
こうき	厚輝
こうき	向葵
こうき	向喜
こうき	向希
こうき	向季
こうき	向輝
こうき	向樹
こうき	向来
こうき	后喜
こうき	后基
こうき	后希
こうき	后棋
こうき	后毅
こうき	后祈
こうき	后季
こうき	后稀
こうき	后紀
こうき	后貴
こうき	后碁
こうき	好喜
こうき	好嬉
こうき	好希
こうき	好機
こうき	好稀
こうき	好輝
こうき	好樹
こうき	好姫
こうき	好暉
こうき	孔基
こうき	孔紀
こうき	孔規
こうき	孔貴
こうき	孔輝
こうき	孔樹
こうき	孝葵
こうき	孝喜
こうき	孝基
こうき	孝岐
こうき	孝希
こうき	孝揮
こうき	孝毅
こうき	孝祈
こうき	孝季
こうき	孝稀
こうき	孝紀
こうき	孝規
こうき	孝貴
こうき	孝輝
こうき	孝騎
こうき	孝宜
こうき	孝己
こうき	孝樹
こうき	孝城
こうき	孝生
こうき	孝暉
こうき	孝煌
こうき	孝麒
こうき	宏喜
こうき	宏基
こうき	宏希
こうき	宏毅
こうき	宏季
こうき	宏紀
こうき	宏起
こうき	宏軌
こうき	宏輝
こうき	宏哉
こうき	宏樹
こうき	宏碧
こうき	工喜
こうき	工揮
こうき	工毅
こうき	工祈
こうき	工季
こうき	工紀
こうき	工貴
こうき	工輝
こうき	工騎
こうき	工碁
こうき	工暉
こうき	巧喜
こうき	巧基
こうき	巧希
こうき	巧揮
こうき	巧棋
こうき	巧毅
こうき	巧季
こうき	巧稀
こうき	巧規
こうき	巧貴
こうき	巧起
こうき	巧輝
こうき	巧宜
こうき	巧樹
こうき	幸き
こうき	幸葵
こうき	幸叶
こうき	幸喜
こうき	幸毅
こうき	幸気
こうき	幸祈
こうき	幸季
こうき	幸稀
こうき	幸紀
こうき	幸規
こうき	幸記
こうき	幸貴
こうき	幸起
こうき	幸輝
こうき	幸騎
こうき	幸亀
こうき	幸吉
こうき	幸決
こうき	幸己
こうき	幸幸
こうき	幸哉
こうき	幸樹
こうき	幸城
こうき	幸生
こうき	幸妃
こうき	幸来
こうき	幸暉
こうき	幸絆
こうき	幸綺
こうき	広喜
こうき	広基
こうき	広希
こうき	広毅
こうき	広季
こうき	広稀
こうき	広規
こうき	広貴
こうき	広輝
こうき	広騎
こうき	広興
こうき	広樹
こうき	庚希
こうき	康葵
こうき	康幹
こうき	康喜
こうき	康基
こうき	康岐
こうき	康希
こうき	康揮
こうき	康毅
こうき	康気
こうき	康季
こうき	康稀
こうき	康紀
こうき	康貴
こうき	康起
こうき	康輝
こうき	康騎
こうき	康亀
こうき	康己
こうき	康公
こうき	康幸
こうき	康樹
こうき	康城
こうき	康生
こうき	康暉
こうき	康熙
こうき	弘葵
こうき	弘幹
こうき	弘喜
こうき	弘基
こうき	弘希
こうき	弘毅
こうき	弘季
こうき	弘稀
こうき	弘紀
こうき	弘徽
こうき	弘規
こうき	弘貴
こうき	弘起
こうき	弘輝
こうき	弘騎
こうき	弘橘
こうき	弘己
こうき	弘樹
こうき	弘生
こうき	弘暉
こうき	弘煌
こうき	恒伎
こうき	恒喜
こうき	恒基
こうき	恒希
こうき	恒毅
こうき	恒季
こうき	恒稀
こうき	恒紀
こうき	恒貴
こうき	恒輝
こうき	恒樹
こうき	恒生
こうき	恒暉
こうき	攻輝
こうき	昂季
こうき	昂稀
こうき	昂紀
こうき	昂貴
こうき	昂起
こうき	昂軌
こうき	昂輝
こうき	昂己
こうき	昂樹
こうき	昂生
こうき	昂槻
こうき	昂来
こうき	昂暉
こうき	昂絆
こうき	昂熙
こうき	晃葵
こうき	晃魁
こうき	晃幹
こうき	晃喜
こうき	晃基
こうき	晃希
こうき	晃旗
こうき	晃毅
こうき	晃気
こうき	晃季
こうき	晃稀
こうき	晃紀
こうき	晃規
こうき	晃貴
こうき	晃起
こうき	晃軌
こうき	晃輝
こうき	晃己
こうき	晃樹
こうき	晃生
こうき	晃来
こうき	晃來
こうき	晃暉
こうき	晃煌
こうき	晃綺
こうき	更樹
こうき	梗希
こうき	江貴
こうき	江生
こうき	洪輝
こうき	浩喜
こうき	浩基
こうき	浩希
こうき	浩毅
こうき	浩紀
こうき	浩貴
こうき	浩輝
こうき	浩己
こうき	浩樹
こうき	浩生
こうき	浩暉
こうき	港希
こうき	甲基
こうき	甲輝
こうき	皇喜
こうき	皇基
こうき	皇希
こうき	皇揮
こうき	皇棋
こうき	皇毅
こうき	皇祈
こうき	皇季
こうき	皇稀
こうき	皇紀
こうき	皇規
こうき	皇貴
こうき	皇騎
こうき	皇碁
こうき	皇樹
こうき	皇暉
こうき	紅葵
こうき	紅季
こうき	紅輝
こうき	紘海
こうき	紘伎
こうき	紘喜
こうき	紘基
こうき	紘希
こうき	紘毅
こうき	紘祈
こうき	紘季
こうき	紘稀
こうき	紘紀
こうき	紘貴
こうき	紘起
こうき	紘騎
こうき	紘己
こうき	紘樹
こうき	紘城
こうき	紘生
こうき	紘来
こうき	紘暉
こうき	綱希
こうき	綱旗
こうき	綱紀
こうき	綱貴
こうき	耕希
こうき	耕季
こうき	耕貴
こうき	耕起
こうき	耕輝
こうき	耕己
こうき	耕樹
こうき	耕生
こうき	考基
こうき	考希
こうき	考毅
こうき	考記
こうき	考貴
こうき	考軌
こうき	考輝
こうき	考樹
こうき	航葵
こうき	航企
こうき	航伎
こうき	航喜
こうき	航基
こうき	航岐
こうき	航希
こうき	航揮
こうき	航旗
こうき	航毅
こうき	航気
こうき	航祈
こうき	航季
こうき	航稀
こうき	航紀
こうき	航規
こうき	航貴
こうき	航軌
こうき	航輝
こうき	航騎
こうき	航己
こうき	航行
こうき	航樹
こうき	航生
こうき	航来
こうき	航來
こうき	航絆
こうき	航綺
こうき	行輝
こうき	衡貴
こうき	貢基
こうき	貢生
こうき	鉱喜
こうき	鉱器
こうき	鉱希
こうき	鉱機
こうき	鉱稀
こうき	鉱貴
こうき	鉱起
こうき	鉱樹
こうき	鉱生
こうき	鉱綺
こうき	鋼希
こうき	鋼毅
こうき	鋼輝
こうき	項輝
こうき	香黄
こうき	香喜
こうき	香希
こうき	香紀
こうき	香貴
こうき	香輝
こうき	香生
こうき	高岐
こうき	高希
こうき	高季
こうき	高貴
こうき	高輝
こうき	高金
こうき	高樹
こうき	高暉
こうき	鴻希
こうき	鴻輝
こうき	鴻樹
こうき	鴻有喜
こうき	剛基
こうき	剛季
こうき	剛貴
こうき	剛輝
こうき	剛樹
こうき	剛生
こうき	剛暉
こうき	豪基
こうき	豪規
こうき	豪輝
こうき	豪騎
こうき	豪絆
こうき	皐葵
こうき	皐幹
こうき	皐希
こうき	皐季
こうき	皐稀
こうき	皐紀
こうき	皐貴
こうき	皐樹
こうき	皐生
こうき	皐暉
こうき	嵩喜
こうき	嵩希
こうき	嵩季
こうき	聖輝
こうき	筒井
こうき	虹葵
こうき	虹喜
こうき	虹希
こうき	虹気
こうき	虹季
こうき	虹稀
こうき	虹紀
こうき	虹貴
こうき	虹輝
こうき	虹樹
こうき	虹生
こうき	虹絆
こうき	虹熙
こうき	幌葵
こうき	幌希
こうき	幌輝
こうき	幌樹
こうき	岬樹
こうき	岬生
こうき	岬來
こうき	亘希
こうき	亘稀
こうき	亘紀
こうき	亘輝
こうき	亘桔
こうき	亘己
こうき	亘樹
こうき	亘生
こうき	亘暉
こうき	凰希
こうき	凰揮
こうき	凰紀
こうき	凰貴
こうき	凰輝
こうき	凰己
こうき	凰樹
こうき	凰生
こうき	凰暉
こうき	凰煌
こうき	廣稀
こうき	昊葵
こうき	昊伎
こうき	昊希
こうき	昊揮
こうき	昊毅
こうき	昊気
こうき	昊祈
こうき	昊季
こうき	昊稀
こうき	昊紀
こうき	昊貴
こうき	昊軌
こうき	昊騎
こうき	昊祇
こうき	昊己
こうき	昊幸
こうき	昊樹
こうき	昊生
こうき	昊来
こうき	昊來
こうき	昊暉
こうき	昴希
こうき	昴樹
こうき	晄幹
こうき	晄喜
こうき	晄希
こうき	晄気
こうき	晄稀
こうき	晄紀
こうき	晄輝
こうき	晄己
こうき	晄樹
こうき	晄生
こうき	晄大
こうき	晄暉
こうき	洸葵
こうき	洸乙
こうき	洸伎
こうき	洸喜
こうき	洸基
こうき	洸岐
こうき	洸希
こうき	洸揮
こうき	洸棋
こうき	洸毅
こうき	洸気
こうき	洸祈
こうき	洸季
こうき	洸稀
こうき	洸紀
こうき	洸貴
こうき	洸軌
こうき	洸輝
こうき	洸騎
こうき	洸己
こうき	洸碁
こうき	洸樹
こうき	洸生
こうき	洸其
こうき	洸利
こうき	洸來
こうき	洸暉
こうき	洸綺
こうき	洸熙
こうき	滉葵
こうき	滉喜
こうき	滉基
こうき	滉希
こうき	滉揮
こうき	滉季
こうき	滉稀
こうき	滉紀
こうき	滉規
こうき	滉貴
こうき	滉輝
こうき	滉己
こうき	滉公
こうき	滉樹
こうき	滉生
こうき	滉大
こうき	滉來
こうき	煌葵
こうき	煌海
こうき	煌喜
こうき	煌基
こうき	煌希
こうき	煌揮
こうき	煌毅
こうき	煌祈
こうき	煌季
こうき	煌稀
こうき	煌紀
こうき	煌記
こうき	煌貴
こうき	煌起
こうき	煌輝
こうき	煌騎
こうき	煌己
こうき	煌哉
こうき	煌樹
こうき	煌生
こうき	煌大
こうき	煌来
こうき	煌來
こうき	煌暉
こうき	煌絆
こうき	煌綺
こうき	煌熙
こうき	琥羽稀
こうき	琥羽輝
こうき	琥毅
こうき	琥貴
こうき	皓葵
こうき	皓幹
こうき	皓喜
こうき	皓基
こうき	皓希
こうき	皓揮
こうき	皓紀
こうき	皓貴
こうき	皓輝
こうき	皓己
こうき	皓樹
こうき	皓生
こうき	皓暉
こうじ	こうじ
こうじ	コウジ
こうじ	亨児
こうじ	亨次
こうじ	亨治
こうじ	亨二
こうじ	亨路
こうじ	教二
こうじ	興司
こうじ	興志
こうじ	興児
こうじ	興次
こうじ	興治
こうじ	興示
こうじ	興二
こうじ	興路
こうじ	虎次
こうじ	交児
こうじ	交次
こうじ	交治
こうじ	交二
こうじ	交路
こうじ	候路
こうじ	倖司
こうじ	倖士
こうじ	倖志
こうじ	倖資
こうじ	倖児
こうじ	倖次
こうじ	倖治
こうじ	倖二
こうじ	倖路
こうじ	光司
こうじ	光史
こうじ	光志
こうじ	光児
こうじ	光字
こうじ	光慈
こうじ	光次
こうじ	光治
こうじ	光示
こうじ	光二
こうじ	公司
こうじ	公史
こうじ	公嗣
こうじ	公士
こうじ	公似
こうじ	公侍
こうじ	公児
こうじ	公寺
こうじ	公慈
こうじ	公次
こうじ	公滋
こうじ	公治
こうじ	公示
こうじ	公二
こうじ	公路
こうじ	功司
こうじ	功史
こうじ	功士
こうじ	功志
こうじ	功至
こうじ	功児
こうじ	功次
こうじ	功治
こうじ	功二
こうじ	功路
こうじ	効次
こうじ	厚司
こうじ	厚児
こうじ	厚次
こうじ	厚治
こうじ	厚二
こうじ	好司
こうじ	好志
こうじ	好事
こうじ	好児
こうじ	好次
こうじ	好治
こうじ	好二
こうじ	好路
こうじ	孔嗣
こうじ	孔二
こうじ	孝司
こうじ	孝史
こうじ	孝志
こうじ	孝寺
こうじ	孝次
こうじ	孝治
こうじ	孝二
こうじ	孝之
こうじ	孝路
こうじ	宏司
こうじ	宏史
こうじ	宏嗣
こうじ	宏次
こうじ	宏治
こうじ	宏二
こうじ	宏路
こうじ	工事
こうじ	工児
こうじ	工字
こうじ	工慈
こうじ	工次
こうじ	工治
こうじ	工二
こうじ	工路
こうじ	巧士
こうじ	幸司
こうじ	幸史
こうじ	幸嗣
こうじ	幸士
こうじ	幸志
こうじ	幸資
こうじ	幸寺
こうじ	幸慈
こうじ	幸時
こうじ	幸次
こうじ	幸治
こうじ	幸仁
こうじ	幸二
こうじ	幸路
こうじ	広司
こうじ	広志
こうじ	広至
こうじ	広児
こうじ	広次
こうじ	広治
こうじ	広知
こうじ	広二
こうじ	広路
こうじ	康司
こうじ	康史
こうじ	康嗣
こうじ	康士
こうじ	康志
こうじ	康児
こうじ	康慈
こうじ	康次
こうじ	康治
こうじ	康示
こうじ	康仁
こうじ	康二
こうじ	康路
こうじ	弘司
こうじ	弘史
こうじ	弘志
こうじ	弘至
こうじ	弘児
こうじ	弘次
こうじ	弘治
こうじ	弘二
こうじ	恒司
こうじ	恒史
こうじ	恒志
こうじ	恒至
こうじ	恒次
こうじ	恒治
こうじ	恒二
こうじ	昂司
こうじ	昂士
こうじ	昂慈
こうじ	昂滋
こうじ	晃司
こうじ	晃史
こうじ	晃嗣
こうじ	晃士
こうじ	晃志
こうじ	晃至
こうじ	晃児
こうじ	晃次
こうじ	晃治
こうじ	晃二
こうじ	晃路
こうじ	更至
こうじ	更児
こうじ	更次
こうじ	更自
こうじ	更二
こうじ	更路
こうじ	校児
こうじ	校次
こうじ	校治
こうじ	校二
こうじ	校路
こうじ	江司
こうじ	江史
こうじ	江志
こうじ	江次
こうじ	江路
こうじ	洪二
こうじ	浩司
こうじ	浩史
こうじ	浩嗣
こうじ	浩志
こうじ	浩至
こうじ	浩児
こうじ	浩慈
こうじ	浩次
こうじ	浩滋
こうじ	浩治
こうじ	浩爾
こうじ	浩仁
こうじ	浩二
こうじ	浩弐
こうじ	浩路
こうじ	港児
こうじ	港字
こうじ	港次
こうじ	港治
こうじ	港示
こうじ	港二
こうじ	港路
こうじ	甲司
こうじ	甲児
こうじ	甲次
こうじ	甲治
こうじ	甲二
こうじ	甲路
こうじ	皇司
こうじ	皇士
こうじ	皇師
こうじ	皇児
こうじ	皇慈
こうじ	皇次
こうじ	皇治
こうじ	皇二
こうじ	皇路
こうじ	紅慈
こうじ	紘司
こうじ	紘史
こうじ	紘士
こうじ	紘治
こうじ	紘二
こうじ	綱二
こうじ	耕司
こうじ	耕史
こうじ	耕嗣
こうじ	耕士
こうじ	耕始
こうじ	耕志
こうじ	耕至
こうじ	耕児
こうじ	耕字
こうじ	耕慈
こうじ	耕次
こうじ	耕治
こうじ	耕示
こうじ	耕二
こうじ	耕路
こうじ	考司
こうじ	考史
こうじ	考志
こうじ	考二
こうじ	航ニ
こうじ	航司
こうじ	航史
こうじ	航士
こうじ	航志
こうじ	航児
こうじ	航字
こうじ	航次
こうじ	航治
こうじ	航二
こうじ	航路
こうじ	行二
こうじ	講児
こうじ	講次
こうじ	講治
こうじ	講二
こうじ	講路
こうじ	貢司
こうじ	鉱次
こうじ	鋼司
こうじ	鋼児
こうじ	鋼次
こうじ	鋼治
こうじ	鋼二
こうじ	鋼路
こうじ	項司
こうじ	項史
こうじ	項志
こうじ	項治
こうじ	香史
こうじ	香児
こうじ	香字
こうじ	香慈
こうじ	香次
こうじ	香治
こうじ	香爾
こうじ	香二
こうじ	香路
こうじ	高司
こうじ	高侍
こうじ	高児
こうじ	高次
こうじ	高滋
こうじ	高治
こうじ	高二
こうじ	高路
こうじ	鴻嗣
こうじ	剛司
こうじ	剛志
こうじ	剛児
こうじ	剛次
こうじ	剛治
こうじ	剛二
こうじ	剛路
こうじ	皐司
こうじ	小宇児
こうじ	小宇次
こうじ	小宇治
こうじ	小宇二
こうじ	小宇路
こうじ	小路
こうじ	虹司
こうじ	虹二
こうじ	亘司
こうじ	亘史
こうじ	凰司
こうじ	昊志
こうじ	昊治
こうじ	昊二
こうじ	晄士
こうじ	晄志
こうじ	洽司
こうじ	洽次
こうじ	洽治
こうじ	洸司
こうじ	洸士
こうじ	洸志
こうじ	洸児
こうじ	洸次
こうじ	洸滋
こうじ	洸治
こうじ	洸二
こうじ	滉司
こうじ	滉児
こうじ	滉次
こうじ	滉治
こうじ	滉二
こうじ	滉路
こうじ	煌史
こうじ	煌侍
こうじ	煌慈
こうじ	煌滋
こうじ	煌治
こうじ	煌仁
こうじ	皓司
こうじ	皓児
こうじ	皓慈
こうじ	皓次
こうじ	皓治
こうじ	皓二
こうじ	皓路
こうじゅ	光寿
こうじゅ	光樹
こうじゅ	公寿
こうじゅ	功樹
こうじゅ	孝樹
こうじゅ	宏寿
こうじゅ	幸寿
こうじゅ	康朱
こうじゅ	康寿
こうじゅ	恒樹
こうじゅ	昂樹
こうじゅ	晃樹
こうじゅ	浩寿
こうじゅ	行寿
こうじゅ	貢壽
こうじゅ	皐樹
こうじゅ	凰寿
こうじゅ	昊樹
こうじゅ	煌珠
こうじゅ	煌寿
こうは	倖羽
こうは	光羽
こうは	光映
こうは	光晴
こうは	光覇
こうは	光芭
こうは	光葉
こうは	功晴
こうは	功葉
こうは	幸晴
こうは	幸波
こうは	康羽
こうは	洪波
こうは	紅覇
こうは	紅波
こうは	紅葉
こうは	紘羽
こうは	航覇
こうは	航波
こうは	項羽
こうは	皐葉
こうは	虹羽
こうは	虹晴
こうは	凰羽
こうは	昊羽
こうは	昊晴
こうは	昊芭
こうは	昊葉
こうは	滉波
こうは	煌羽
こうは	煌晴
こうは	煌巴
こうは	煌波
こうは	煌葉
こころ	快
こころ	虎々朗
こころ	志路
こころ	心秀
こころ	琥心
こすも	コスモ
こすも	越盛
こすも	越百
こすも	己主百
こはく	黄珀
こはく	乎珀
こはく	古白
こはく	弧百
こはく	湖白
こはく	湖珀
こはく	胡伯
こはく	胡葉口
こはく	胡珀
こはく	虎羽空
こはく	虎巴久
こはく	虎巴玖
こはく	虎伯
こはく	虎博
こはく	虎拍
こはく	虎白
こはく	虎舶
こはく	虎珀
こはく	誇拍
こはく	誇白
こはく	誇百
こはく	鼓博
こはく	鼓拍
こはく	瑚伯
こはく	瑚博
こはく	瑚白
こはく	瑚舶
こはく	瑚珀
こはく	倖拍
こはく	倖白
こはく	倖迫
こはく	光博
こはく	光白
こはく	光珀
こはく	孝珀
こはく	幸白
こはく	幸珀
こはく	弘珀
こはく	皇珀
こはく	剛泊
こはく	剛迫
こはく	冴覇
こはく	冴白
こはく	皐白
こはく	皐珀
こはく	子珀
こはく	小博
こはく	小白
こはく	小箔
こはく	小珀
こはく	心伯
こはく	心博
こはく	心珀
こはく	虹珀
こはく	沃珀
こはく	来白
こはく	来珀
こはく	恋白
こはく	來拍
こはく	來迫
こはく	來珀
こはく	凰伯
こはく	凰白
こはく	凰珀
こはく	煌覇
こはく	煌珀
こはく	琥
こはく	琥羽玖
こはく	琥羽空
こはく	琥巴玖
こはく	琥巴來
こはく	琥覇玖
こはく	琥伯
こはく	琥博
こはく	琥拍
こはく	琥白
こはく	琥白玖
こはく	琥箔
こはく	琥舶
こはく	琥葉玖
こはく	琥珀
さかえ	さか枝
さかえ	栄衛
さかえ	昌
さむ	夏夢
さむ	佐夢
さむ	左夢
さむ	沙武
さむ	沙夢
さむ	咲夢
さむ	作夢
さむ	桜夢
さむ	紗夢
さんご	サンゴ
さんご	三吾
さんご	傘五
さんご	参吾
さんご	山吾
さんご	燦吾
さんご	珊吾
さんご	珊悟
さんご	讃悟
さんご	賛悟
しいな	司衣治
しいな	雫稲
しお	志旺
しお	志大
しお	志雄
しお	獅旺
しおん	シオン
しおん	梓園
しおん	梓温
しおん	梓臣
しおん	梓煌
しおん	海音
しおん	海響
しおん	祇薗
しおん	祇音
しおん	祇臣
しおん	湖音
しおん	幸恩
しおん	幸温
しおん	幸音
しおん	司苑
しおん	司遠
しおん	司恩
しおん	司温
しおん	司穏
しおん	司音
しおん	史隠
しおん	史煌
しおん	嗣苑
しおん	嗣温
しおん	嗣穏
しおん	士苑
しおん	士遠
しおん	士温
しおん	士穏
しおん	士音
しおん	士御
しおん	士勇武
しおん	士力武
しおん	子遠
しおん	子穏
しおん	子音
しおん	子臣
しおん	師溫
しおん	師苑
しおん	師恩
しおん	師温
しおん	師音
しおん	志隠
しおん	志薗
しおん	志翁
しおん	志勇武
しおん	志力武
しおん	思穏
しおん	支温
しおん	枝温
しおん	氏音
しおん	獅恩
しおん	獅温
しおん	獅穏
しおん	獅御
しおん	獅凰
しおん	糸恩
しおん	紫溫
しおん	紫御
しおん	至苑
しおん	至温
しおん	至穏
しおん	至御
しおん	詞苑
しおん	詞恩
しおん	諮苑
しおん	諮恩
しおん	諮音
しおん	賜穏
しおん	侍恩
しおん	侍音
しおん	慈音
しおん	滋音
しおん	汐苑
しおん	汐恩
しおん	汐夢
しおん	識恩
しおん	識音
しおん	雫恩
しおん	雫温
しおん	偲温
しおん	偲穏
しおん	錫音
しおん	朱遠
しおん	将恩
しおん	将穏
しおん	将音
しおん	笑溫
しおん	信恩
しおん	信温
しおん	信穏
しおん	心臣
しおん	深温
しおん	真恩
しおん	神音
しおん	是恩
しおん	是温
しおん	是穏
しおん	清恩
しおん	聖苑
しおん	聖音
しおん	知温
しおん	知穏
しおん	椎音
しおん	之温
しおん	柊恩
しおん	柊温
しおん	碧
しおん	恣恩
しおん	恣音
しおん	栞溫
しおん	栞園
しおん	栞苑
しおん	栞遠
しおん	翔恩
しき	此紀
しき	司季
しき	司樹
しき	司暉
しき	史基
しき	史稀
しき	史紀
しき	史貴
しき	史輝
しき	史己
しき	史樹
しき	史暉
しき	嗣喜
しき	嗣稀
しき	嗣輝
しき	嗣己
しき	嗣生
しき	士喜
しき	士揮
しき	士毅
しき	士貴
しき	士輝
しき	士騎
しき	士樹
しき	士生
しき	士暉
しき	士煌
しき	士絆
しき	始希
しき	姿生
しき	子規
しき	市季
しき	師希
しき	志基
しき	志旗
しき	志毅
しき	志稀
しき	志規
しき	志記
しき	志軌
しき	志輝
しき	志騎
しき	志祇
しき	志己
しき	志章
しき	志清
しき	志來
しき	志暉
しき	志綺
しき	志熙
しき	思喜
しき	支葵
しき	獅葵
しき	獅喜
しき	獅毅
しき	獅稀
しき	獅紀
しき	獅貴
しき	獅起
しき	獅輝
しき	獅騎
しき	獅己
しき	獅樹
しき	獅生
しき	獅來
しき	獅煌
しき	祉希
しき	糸葵
しき	糸軌
しき	糸騎
しき	糸樹
しき	糸生
しき	紫乙
しき	紫伎
しき	紫寄
しき	紫岐
しき	紫揮
しき	紫期
しき	紫気
しき	紫輝
しき	紫騎
しき	紫宜
しき	紫吉
しき	紫杵
しき	紫居
しき	紫玖
しき	紫芸
しき	紫樹
しき	紫章
しき	紫清
しき	紫聖
しき	紫聴
しき	紫聞
しき	紫利
しき	紫暉
しき	紫煌
しき	紫綺
しき	紫麒
しき	至希
しき	至軌
しき	至騎
しき	詩基
しき	詩気
しき	詩祈
しき	詩紀
しき	詩記
しき	詩貴
しき	詩軌
しき	詩輝
しき	詩騎
しき	詩暉
しき	資喜
しき	資貴
しき	資樹
しき	慈生
しき	時葵
しき	時希
しき	時季
しき	時暉
しき	時綺
しき	識貴
しき	偲来
しき	若樹
しき	織葵
しき	織喜
しき	織毅
しき	織稀
しき	織輝
しき	織己
しき	信貴
しき	新暉
しき	芯輝
しき	知軌
しき	恣生
しずき	穏希
しずき	穏紀
しずき	穏輝
しずき	穏來
しずき	閑木
しずき	志寿希
しずき	雫喜
しずき	雫輝
しずき	雫来
しずき	雫來
しずき	雫暉
しずき	静喜
しずき	静基
しずき	静揮
しずき	静毅
しずき	静紀
しずき	静貴
しずき	静輝
しずき	静幸
しずき	寧揮
しずき	寧祈
しずき	靖基
しずき	倭輝
しずき	惺希
しずき	惺大
しずき	靜義
しずき	靜樹
しずき	靜來
しずく	史珠久
しずく	志寿紅
しずく	紫雫
しずる	玄琉
しずる	詩弦
しずる	雫硫
しづき	梓槻
しづき	司槻
しづき	師月
しづき	志づき
しづき	志槻
しづき	志都樹
しづき	獅月
しづき	紫槻
しづき	詩槻
しづき	識月
しづき	瞬月
しづき	新月
しづき	清月
しのぶ	毅
しのぶ	司延
しのぶ	司伸
しのぶ	司信
しのぶ	司宣
しのぶ	司忍
しのぶ	司乃武
しのぶ	史延
しのぶ	史信
しのぶ	史之武
しのぶ	史之舞
しのぶ	史靖
しのぶ	嗣延
しのぶ	嗣信
しのぶ	四伸
しのぶ	四信
しのぶ	四暢
しのぶ	士延
しのぶ	士伸
しのぶ	士信
しのぶ	士宣
しのぶ	士暢
しのぶ	士乃武
しのぶ	士之武
しのぶ	士埜武
しのぶ	士能武
しのぶ	師之武
しのぶ	志の武
しのぶ	志延
しのぶ	志樹
しのぶ	志将
しのぶ	志宣
しのぶ	志展
しのぶ	志乃夫
しのぶ	志乃武
しのぶ	志乃部
しのぶ	志之武
しのぶ	志之歩
しのぶ	志能武
しのぶ	志能舞
しのぶ	志野武
しのぶ	志遥
しのぶ	獅乃武
しのぶ	糸樹
しのぶ	至延
しのぶ	至伸
しのぶ	至信
しのぶ	至宣
しのぶ	詞之武
しのぶ	詩樹
しのぶ	詩伸
しのぶ	詩信
しのぶ	詩之武
しのぶ	資信
しのぶ	資之武
しのぶ	篠舞
しのぶ	偲寛
しのぶ	偲歩
しのぶ	守将
しのぶ	信
しのぶ	真伸
しのぶ	忍武
しゅら	守羅
しゅら	朱空
しゅら	朱良
しゅら	殊羅
しゅら	修羅
しゅら	秀羅
しゅら	鐘羅
しゅら	柊愛
しゅり	守吏
しゅり	守理
しゅり	守俐
しゅり	朱琉
しゅり	朱倫
しゅり	朱黎
しゅり	珠離
しゅり	首里
しゅり	周吏
しゅり	秀吏
しゅり	柊浬
しゅり	柊璃
しゅり	柊琉
しゅん	しゅん
しゅん	朱武
しゅん	珠武
しゅん	俊
しゅん	峻
しゅん	春
しゅん	瞬
しゅん	竣
しゅん	舜
しゅん	駿
しゅん	准
しゅん	旬
しゅん	楯
しゅん	淳
しゅん	準
しゅん	純
しゅん	遵
しゅん	順
しゅん	惇
しゅん	馴
しゅん	隼
しゅん	洵
しゅん	詢
しゅんり	しゅんり
しゅんり	俊吏
しゅんり	俊理
しゅんり	俊俐
しゅんり	峻利
しゅんり	峻吏
しゅんり	峻凛
しゅんり	春利
しゅんり	春李
しゅんり	春龍
しゅんり	瞬理
しゅんり	竣吏
しゅんり	舜莉
しゅんり	駿吏
しゅんり	駿理
しゅんり	駿俐
しゅんり	旬俐
しゅんり	隼利
しゅんり	隼吏
しゅんり	隼李
しゅんり	隼理
しゅんり	詢李
しん	しん
しん	シン
しん	子武
しん	伸
しん	信
しん	審
しん	心
しん	慎
しん	新
しん	晋
しん	森
しん	榛
しん	深
しん	申
しん	真
しん	神
しん	秦
しん	紳
しん	臣
しん	芯
しん	親
しん	進
しん	震
しん	清
しん	請
しん	大
しん	辰
しん	津
しん	賑
しん	槙
しん	愼
しん	晨
しん	眞
しん	槇
じゅき	じゅき
じゅき	珠希
じゅき	珠紀
じゅき	寿葵
じゅき	寿喜
じゅき	寿嬉
じゅき	寿希
じゅき	寿旗
じゅき	寿季
じゅき	寿紀
じゅき	寿輝
じゅき	寿騎
じゅき	寿樹
じゅき	寿來
じゅき	寿綺
じゅき	授輝
じゅき	樹希
じゅき	樹季
じゅき	樹輝
じゅき	樹幸
じゅき	樹生
じゅき	樹來
じゅきあ	珠輝空
じゅきあ	寿喜空
じゅきあ	寿樹亜
じゅきあ	樹希愛
じゅきあ	樹輝亜
じゅきあ	樹輝愛
じゅきあ	純希亜
じゅきあ	隼樹愛
じゅのん	じゅのん
じゅら	樹螺
すい	沙維
すい	主維
すい	澄一
すい	澄生
すい	素壱
すい	椎
すい	透生
すかい	すかい
すかい	空
すかい	空快
すかい	空海
すかい	結快
すかい	結海
すかい	結凱
すかい	好海
すかい	好空
すかい	皇海
すかい	子快
すかい	子海
すかい	朱魁
すかい	珠快
すかい	寿海
すかい	洲改
すかい	須佳伊
すかい	須加一
すかい	須加唯
すかい	須改
すかい	澄快
すかい	澄魁
すかい	澄凱
すかい	青空
すかい	素加一
すかい	素加唯
すかい	素可一
すかい	素可唯
すかい	透海
すなお	温
すなお	侃
すなお	砂男
すなお	質
すなお	主尚
すなお	寿直
すなお	淳生
すなお	淳夫
すなお	順
すなお	須尚
すなお	須直
すなお	須奈男
すなお	須奈雄
すなお	須那男
すなお	須那雄
すなお	澄真
すなお	是
すなお	政
すなお	清順
すなお	素夫
すなお	忠
すなお	直男
すなお	悌
すなお	朴
すなお	廉
せい	せい
せい	犀
せい	省
せい	世
せい	世伊
せい	世依
せい	世偉
せい	世衣
せい	世一
せい	世生
せい	世唯
せい	瀬伊
せい	瀬威
せい	瀬衣
せい	瀬一
せい	瀬生
せい	勢
せい	勢衣
せい	征
せい	成
せい	成惟
せい	成壱
せい	成生
せい	成泉
せい	成唯
せい	政
せい	整
せい	星
せい	晴
せい	正
せい	清
せい	清葦
せい	清維
せい	清生
せい	生
せい	盛
せい	精
せい	聖
せい	誠
せい	誓
せい	醒
せい	青
せい	静
せい	靖
せい	惺
せい	晟
せい	晟生
せい	笙
せいら	星嵐
せいら	盛羅
せいら	盛良
せいら	惺一空
せな	瀨菜
せな	瀨奈
せな	施渚
せな	施那
せな	施凪
せな	施勿
せな	汐凪
せな	汐流
せな	世な
せな	世渚
せな	世生
せな	瀬生
せな	瀬乃
せな	瀬鳴
せな	瀬和
せな	畝名
せな	畝和
せな	是成
せな	勢七
せな	勢成
せな	勢奈
せな	勢名
せな	勢梛
せな	征那
せな	成永
せな	成和
せな	星央
せな	星生
せな	星薙
せな	星鳴
せな	星也
せな	星来
せな	星來
せな	星絆
せな	晴七
せな	晴渚
せな	晴成
せな	晴也
せな	晴梛
せな	清成
せな	盛那
せな	聖永
せな	聖渚
せな	聖捺
せな	聖和
せな	誠那
せな	誠凪
せな	誓那
せな	醒奈
せな	醒凪
せな	醒和
せな	醒梛
せな	青渚
せな	青波
せな	静流
せな	千成
せな	千凪
せな	扇成
せな	靖奈
せな	頼南
せな	惺央
せな	晟己
せな	晟七
せな	晟就
せな	晟成
せな	晟那
せな	晟凪
せら	茜良
せら	世頼
せら	成來
せら	誠空
せれん	成蓮
せれん	星怜
せれん	清漣
せれん	清蓮
せれん	聖廉
せれん	聖漣
せれん	聖蓮
せれん	惺恋
せん	先
せん	宣
せん	専
せん	戦
せん	撰
せん	潜
せん	旋
せん	線
せん	羨
せん	船
せん	閃
せん	禅
せんじゅ	千壽
せんじゅ	泉樹
せんり	茜哩
せんり	茜理
せんり	茜裡
せんり	仙哩
せんり	仙李
せんり	千哩
せんり	千利
せんり	千吏
せんり	宣李
せんり	宣璃
せんり	宣里
せんり	扇利
せんり	泉浬
せんり	泉理
せんり	泉俐
せんり	洗里
せんり	旋理
せんり	旋里
せんり	旋凛
せんり	閃李
せんり	閃理
せんり	閃凛
せんり	善利
せんり	善吏
せんり	善李
せんり	善莉
せんり	亘利
せんり	亘李
そあ	希心
そあ	素歩
そあ	壮和
そあ	奏蒼
そあ	奏和
そあ	爽娃
そあ	爽空
そあ	蒼綾
そあら	天空
そう	そう
そう	空羽
そう	空優
そう	宗
そう	十優
そう	奨
そう	捷
そう	梢
そう	湘
そう	崇
そう	染生
そう	曾
そう	曽
そう	素右
そう	素宇
そう	素生
そう	素優
そう	素侑
そう	蘇宇
そう	創
そう	創宇
そう	創生
そう	双
そう	叢
そう	壮
そう	壮生
そう	奏
そう	奏宇
そう	奏羽
そう	奏生
そう	奏優
そう	爽
そう	爽宇
そう	爽羽
そう	爽雨
そう	宋
そう	惣
そう	想
そう	想宇
そう	想羽
そう	想雨
そう	想海
そう	想生
そう	想優
そう	想侑
そう	操
そう	早
そう	曹
そう	燥
そう	相
そう	総
そう	綜
そう	聡
そう	草
そう	荘
そう	蒼
そう	蒼羽
そう	蒼生
そう	蒼友
そう	蒼颯
そう	装
そう	走
そう	送
そう	霜
そう	蔵
そう	宙優
そう	湊
そう	湊宇
そう	湊卯
そう	湊生
そう	壯
そう	漱
そう	漱宇
そう	笙
そう	莊
そう	藏
そう	颯
そう	颯優
そうは	そうは
そうは	宗波
そうは	創芭
そうは	壮波
そうは	奏羽
そうは	奏晴
そうは	奏珀
そうは	想羽
そうは	蒼羽
そうは	蒼生
そうは	蒼波
そうは	蒼葉
そうは	湊羽
そうは	颯羽
そうは	颯晴
そうら	奏羅
そうら	爽来
そうら	蒼楽
そうら	湊羅
そうら	颯空
そうら	颯良
そうわ	そうわ
そうわ	空我
そうわ	繰和
そうわ	宗和
そうわ	創羽
そうわ	壮我
そうわ	壮倭
そうわ	壮和
そうわ	奏羽
そうわ	奏我
そうわ	奏和
そうわ	爽羽
そうわ	爽和
そうわ	宋和
そうわ	聡倭
そうわ	聡和
そうわ	蒼羽
そうわ	蒼環
そうわ	蒼渉
そうわ	蒼和
そうわ	湊羽
そうわ	湊環
そうわ	湊輪
そうわ	湊和
そうわ	壯和
そうわ	莊和
そうわ	颯羽
そうわ	颯和
そな	素南
そな	奏凪
そなた	逸名太
そなた	該丈
そなた	供丈
そなた	具丈
そなた	空颯
そなた	詮丈
そなた	膳丈
そなた	奏空
そなた	奏統
そなた	奏翔
そなた	想那多
そなた	想那汰
そなた	想那泰
そなた	想名太
そなた	想和多
そなた	想和太
そなた	大空
そなた	備丈
そなた	翔
そら	逸良
そら	希望
そら	輝空
そら	空笑
そら	空天
そら	空翔
そら	十空
そら	初楽
そら	初羅
そら	初良
そら	将良
そら	塑来
そら	塑良
そら	曾楽
そら	曾良
そら	礎良
そら	素笑
そら	素等
そら	蘇楽
そら	蘇等
そら	蘇良
そら	遡良
そら	創楽
そら	創良
そら	壮良
そら	奏羅
そら	奏嵐
そら	奏樂
そら	想等
そら	想麗
そら	蒼
そら	蒼宙
そら	蒼来
そら	蒼良
そら	蒼浪
そら	蒼昊
そら	大雲
そら	宙羅
そら	宙良
そら	天宇
そら	天空
そら	天翔
そら	湊羅
そら	湊来
そら	湊嵐
そら	湊良
そら	湊來
そら	昊楽
そら	昊良
そら	昊穹
そら	翔天
そら	翔飛
そら	颯
そらち	空千
そらち	宙知
そらち	天地
そらは	そらは
そらは	空晴
そらは	空巴
そらは	昊晴
そわ	そわ
そわ	空羽
そわ	空和
そわ	素和
そわ	遡和
そわ	奏笑
そわ	奏輪
そわ	想環
たか	タカ
たか	威
たか	宇
たか	王
たか	学
たか	岳
たか	貴
たか	丘
たか	享
たか	恭
たか	教
たか	空
たか	敬
たか	賢
たか	公
たか	昂
たか	高
たか	剛
たか	皐
たか	尚
たか	臣
たか	崇
たか	嵩
たか	多架
たか	多芳
たか	太佳
たか	太香
たか	卓
たか	天
たか	宝
たか	峰
たか	鳳
たか	茂
たか	誉
たか	陸
たか	隆
たか	良
たか	陵
たか	朗
たか	和
たけみ	岳海
たけみ	岳観
たけみ	岳実
たけみ	岳南
たけみ	岳巳
たけみ	岳弥
たけみ	建臣
たけみ	建美
たけみ	剛海
たけみ	剛己
たけみ	剛巳
たけみ	丈美
たけみ	竹見
たけみ	武海
たけみ	武見
たけみ	武己
たけみ	武実
たけみ	武巳
たけみ	猛美
たけみ	猛巳
たけみ	雄己
たまお	球央
たまお	玉於
たまお	玉夫
たまお	玉雄
たまお	珠雄
たまお	瑞男
たまお	太真央
たまお	太真緒
たまき	珂希
たまき	環暉
たまき	球貴
たまき	玉稀
たまき	玉置
たまき	玉綺
たまき	圭葵
たまき	賜己
たまき	珠桔
たまき	瑞桔
たまき	多真貴
たまき	太槙
たまき	碧杏
たまき	碧喜
たまき	碧季
たまき	碧稀
たまき	碧記
たまき	碧貴
たまき	碧輝
たまき	碧桔
たまき	碧己
たまき	碧樹
たまき	碧来
たまき	碧暉
たまき	碧綺
たまき	琳月
たまき	玲稀
たまき	玲綺
たまき	琥生
だい	だい
だい	太
だい	太維
だい	太衣
だい	太唯
だい	打意
だい	泰
だい	大
だい	大偉
だい	大維
だい	大一
だい	大莞
だい	大生
だい	大唯
だい	第
だい	奈
だい	梛伊
だい	橙
だいあ	だいあ
だいあ	星愛
だいあ	太亜
だいあ	太藍
だいあ	泰亜
だいあ	大亜
だいあ	大葵
だいあ	大偉亜
だいあ	大雅
だいあ	大空
だいあ	大吾
だいあ	大碧
だいあ	大明
だいあ	大藍
だいあ	奈愛
だいあ	奈吾
だいあ	乃愛
だいあ	乃安
だいあ	乃空
だいあ	乃吾
だいあ	乃昂
だいあ	乃充
だいあ	乃明
ちかい	義偉
ちかい	千海
ちかい	智海
ちかげ	愛夏
ちかげ	愛戲
ちかげ	慈夏
ちかげ	治景
ちかげ	新樺
ちかげ	親芥
ちかげ	千蔭
ちかぜ	知風
ちかぜ	智風
ちせ	知畝
ちせ	直世
ちせい	ちせい
ちせい	千惺
ちせい	知正
ちせい	地成
ちせい	智成
ちせい	智晴
ちせい	智生
ちせい	智盛
ちせい	智誠
ちせい	致正
ちせい	祐生
ちはや	茅羽矢
ちはや	茅快
ちはや	茅迅
ちはや	茅晴弥
ちはや	茅晴矢
ちはや	茅巴矢
ちはや	茅隼
ちはや	治早
ちはや	治速
ちはや	治隼
ちはや	誓隼
ちはや	誓颯
ちはや	千逸
ちはや	千栄也
ちはや	千捷
ちはや	千迅
ちはや	千晴矢
ちはや	千生弥
ちはや	千馳
ちはや	千覇也
ちはや	千波也
ちはや	千波矢
ちはや	千葉夜
ちはや	知羽哉
ちはや	知羽八
ちはや	知羽也
ちはや	知羽弥
ちはや	知羽矢
ちはや	知快
ちはや	知春也
ちはや	知刃矢
ちはや	知晴也
ちはや	知晴矢
ちはや	知生弥
ちはや	知巴矢
ちはや	知波矢
ちはや	知勇
ちはや	地駿
ちはや	智逸
ちはや	智羽也
ちはや	智羽矢
ちはや	智敬
ちはや	智捷
ちはや	智晴也
ちはや	智晴矢
ちはや	智巴哉
ちはや	智巴也
ちはや	智巴矢
ちはや	智勇
ちはや	智葉矢
ちはや	稚羽矢
ちはや	致早
ちはや	致速
ちはや	馳駿
ちはや	馳隼
ちはや	馳颯
ちはや	祐剣
ちはや	祐早
ちはや	祐勇
ちはや	祐颯
ちはや	莉隼
ちはる	一桜
ちはる	千栄
ちはる	知永
ちはる	知玄
ちはる	知知
ちはる	知日
ちはる	知波瑠
ちはる	地晴
ちはる	地悠
ちはる	智玄
ちはる	智治
ちはる	智全
ちはる	智大
ちはる	智脩
ちはる	道玄
ちはる	祐喜
ちはる	祐玄
ちはる	祐桜
ちひろ	一寛
ちひろ	市蒼
ちひろ	千祐
ちひろ	千栄
ちひろ	千玄
ちひろ	千大
ちひろ	千埜
ちひろ	千豊
ちひろ	千宥
ちひろ	千陽路
ちひろ	千翼
ちひろ	千熙
ちひろ	地央
ちひろ	地宏
ちひろ	地紘
ちひろ	地大
ちひろ	地宥
ちひろ	地祐
ちひろ	地洋
つかさ	官
つかさ	恭冴
つかさ	恭颯
つかさ	工
つかさ	宰
つかさ	采
つかさ	使差
つかさ	司佐
つかさ	司嵯
つかさ	司瑳
つかさ	司冴
つかさ	司朔
つかさ	司皐
つかさ	司早
つかさ	師
つかさ	次一沙
つかさ	次笠
つかさ	主
つかさ	宗
つかさ	掌
つかさ	職
つかさ	積重
つかさ	束冴
つかさ	長
つかさ	津佳左
つかさ	津夏佐
つかさ	津夏早
つかさ	津果佐
つかさ	津歌早
つかさ	津河紗
つかさ	通佳咲
つかさ	通海咲
つかさ	塚佐
つかさ	塚沙
つかさ	塚砂
つかさ	塚早
つかさ	紬嵩
つかさ	鶴佳佐
つかさ	都可査
つかさ	都可勇
つかさ	都夏紗
つかさ	都果早
つかさ	都架紗
つかさ	都歌冴
つかさ	都河左
つかさ	都賀佐
つかさ	都重
つかさ	都勝佐
つかさ	都嵩
つかさ	統咲
つかさ	弊裂
つかさ	墓砂
つかさ	吏颯
つかさ	僚
つかさ	僚紗
つかさ	寮
つかさ	良颯
つかさ	緑栄
つかさ	摑沙
つかさ	摑冴
つくし	愛士
つくし	作詩
つくし	作心
つくし	尽志
つくし	創士
つくし	造志
つくし	筑志
つくし	筑孜
つくし	都詩
つくし	皓知
つくも	創守
つくも	創然
つくも	津雲
つくも	都雲
つづみ	鼓巳
つばさ	子羽紗
つばさ	次葉佐
つばさ	津ばさ
つばさ	津羽沙
つばさ	津場佐
つばさ	津巴沙
つばさ	津芭冴
つばさ	津葉佐
つばさ	津葉小
つばさ	鶴羽早
つばさ	天羽
つばさ	都羽佐
つばさ	都羽紗
つばさ	都羽爽
つばさ	都羽総
つばさ	都羽理
つばさ	都場佐
つばさ	都巴佐
つばさ	都巴沙
つばさ	都波紗
つばさ	都葉佐
つばさ	都葉冴
つばさ	都葉紗
つばさ	飛夢
つばさ	飛翼
つばさ	飛翔
つばさ	翼羽
つばさ	翼冴
つばさ	翼爽
つばさ	翼翔
つばさ	翼颯
つばさ	翔
つばさ	翔夢
てる	てる
てる	旭
てる	瑛
てる	央
てる	輝
てる	輝流
てる	輝琉
てる	輝瑠
てる	光
てる	晃
てる	昭
てる	照
てる	照琉
てる	晴
てる	明
てる	曜
てる	耀
てる	陽
てる	晟
てる	暉
てる	煌
てる	皓
てるみ	輝己
てるみ	輝巳
てるみ	輝彌
てるみ	光巳
てるみ	照三
てるみ	照味
てるみ	耀海
てるみ	暉実
てるみ	暉仁
てん	てん
てん	大宙
てん	辿
てん	佃
てん	典
てん	天
てん	天夢
てん	展
てん	纏
てん	点
てん	殿
てん	槙
てん	槇
てん	塡
てんし	天志
てんし	殿使
てんし	殿子
てんし	翼士
てんり	辿李
てんり	典李
てんり	天浬
てんり	天吏
てんり	天裡
てんり	天厘
てんり	殿李
とあ	音明
とあ	叶逢
とあ	叶空
とあ	叶翔
とあ	虎愛
とあ	虎空
とあ	士阿
とあ	士愛
とあ	士逢
とあ	士蒼
とあ	疾空
とあ	十葵
とあ	十安
とあ	十吾
とあ	十碧
とあ	純空
とあ	人吾
とあ	仁亜
とあ	仁蒼
とあ	仁暖
とあ	説亜
とあ	説愛
とあ	跳空
とあ	兎和
とあ	堵空
とあ	塗愛
とあ	徒亜
とあ	徒安
とあ	徒明
とあ	斗阿
とあ	斗逢
とあ	斗葵
とあ	斗絢
とあ	斗吾
とあ	斗蒼
とあ	斗碧
とあ	斗明
とあ	杜亜
とあ	杜葵
とあ	杜空
とあ	杜碧
とあ	杜麻
とあ	杜和
とあ	登亜
とあ	登空
とあ	都安
とあ	都吾
とあ	都碧
とあ	冬愛
とあ	祷亜
とあ	透空
とあ	飛亜
とあ	飛充
とあ	百亜
とあ	敏空
とあ	富空
とあ	友空
とあ	利亜
とあ	橙吾
とあ	翔阿
とあ	翔逢
とあ	翔葵
とあ	翔央
とあ	翔雅
とあ	翔開
とあ	翔吾
とあ	翔秋
とあ	翔上
とあ	翔蒼
とあ	翔有
とあ	翔和
とあ	翔亞
とあ	詢和
とい	とい
とい	十依
とい	十惟
とい	十維
とい	仁衣
とい	仁唯
とい	図維
とい	斗偉
とい	斗夷
とい	斗惟
とい	斗維
とい	斗生
とい	斗唯
とい	登惟
とい	登衣
とい	都偉
とい	冬維
とい	飛衣
とい	飛生
とい	翔依
とい	翔威
とい	翔惟
とい	翔壱
とい	翔生
とい	翔泉
とし	敏
とし	とし
とし	英
とし	鋭
とし	穏
とし	喜
とし	季
とし	紀
とし	亨
とし	暁
とし	慧
とし	才
とし	寿
とし	秋
とし	十士
とし	十詩
とし	俊
とし	舜
とし	駿
とし	順
とし	章
とし	信
とし	迅
とし	澄志
とし	星
とし	聡
とし	知
とし	斗士
とし	斗志
とし	斗紫
とし	杜士
とし	登仕
とし	登史
とし	登士
とし	登市
とし	登師
とし	登志
とし	登支
とし	登肢
とし	登至
とし	登之
とし	途慈
とし	都司
とし	都史
とし	都志
とし	度士
とし	燈志
とし	年
とし	隼
とし	飛士
とし	稔
とし	利
とし	利士
とし	理
とし	暦
とし	禄
とし	壽
とし	翔梓
とし	翔士
とし	翔志
とし	翔獅
としみ	淑己
としみ	淑巳
としみ	俊己
としみ	俊巳
としみ	駿実
としみ	惇心
としみ	年海
としみ	年己
としみ	敏海
としみ	敏見
としみ	敏己
としみ	敏巳
としみ	利己
としみ	利三
としみ	利実
としみ	利巳
とも	栄
とも	音茂
とも	皆
とも	叶
とも	寛
とも	幹
とも	義
とも	興
とも	元
とも	誠
とも	曹
とも	大
とも	禎
とも	斗望
とも	斗茂
とも	杜萌
とも	翔桃
とも	翔茂
とわ	永環
とわ	永湧
とわ	詠愛
とわ	乙羽
とわ	乙我
とわ	乙輪
とわ	音我
とわ	音環
とわ	音湧
とわ	音輪
とわ	兜倭
とわ	虎羽
とわ	虎和
とわ	采我
とわ	士倭
とわ	士和
とわ	士翔
とわ	時和
とわ	十生
とわ	十湧
とわ	人羽
とわ	人我
とわ	人環
とわ	人吾
とわ	人輪
とわ	仁環
とわ	仁吾
とわ	仁湧
とわ	仁輪
とわ	仁倭
とわ	征我
とわ	征和
とわ	説羽
とわ	説和
とわ	太吾
とわ	大羽
とわ	大志
とわ	塗和
とわ	徒環
とわ	徒和
とわ	斗王
とわ	斗我
とわ	斗吾
とわ	斗湧
とわ	斗輪
とわ	斗倭
とわ	斗翔
とわ	杜湧
とわ	登吾
とわ	登倭
とわ	途和
とわ	都王
とわ	都吾
とわ	都弁
とわ	都湧
とわ	土和
とわ	東羽
とわ	東環
とわ	東輪
とわ	灯羽
とわ	灯和
とわ	燈羽
とわ	透環
とわ	鳶翔
とわ	泊和
とわ	飛八
とわ	飛弁
とわ	飛輪
とわ	飛翔
とわ	百羽
とわ	敏和
とわ	富羽
とわ	富弁
とわ	豊王
とわ	門我
とわ	友輪
とわ	利羽
とわ	利和
とわ	橙我
とわ	翔王
とわ	翔我
なお	侃
なお	公
なお	七於
なお	七保
なお	七麻
なお	修
なお	奈夫
なお	凪旺
なお	凪臣
なお	凪青
なお	凪大
なお	凪男
なお	凪穂
なお	凪勇
なお	凪雄
なお	凪良
なお	凪朗
なお	南旺
なお	南渚
なお	南朋
なお	南朗
なお	和寛
なお	和保
なお	和穂
なぎ	永義
なぎ	夏樹
なぎ	成義
なぎ	奈岐
なぎ	那技
なぎ	那義
なぎ	凪伎
なぎ	凪毅
なぎ	凪季
なぎ	凪稀
なぎ	凪規
なぎ	凪貴
なぎ	凪義
なぎ	凪樹
なぎ	凪生
なぎ	銘芸
なぎ	和宜
なぎ	和義
なぎ	梛希
なぎ	梛義
なぎさ	渚幸
なぎさ	渚総
なぎさ	渚勇
なぎさ	七岐佐
なぎさ	七岐嵯
なぎさ	渚幸
なぎさ	渚嵯
なぎさ	渚差
なぎさ	渚査
なぎさ	渚瑳
なぎさ	渚爽
なぎさ	渚総
なぎさ	渚茶
なぎさ	渚勇
なぎさ	渚理
なぎさ	成義沙
なぎさ	汀皐
なぎさ	奈岐佐
なぎさ	那義佐
なぎさ	凪幸
なぎさ	凪些
なぎさ	凪嵯
なぎさ	凪左
なぎさ	凪差
なぎさ	凪査
なぎさ	凪作
なぎさ	凪総
なぎさ	凪朝
なぎさ	凪勇
なぎさ	凪理
なぎさ	凪颯
なぎさ	薙幸
なぎさ	薙総
なぎさ	和佐
なぎさ	和瑳
なぎさ	和総
なぎさ	和颯
なぎさ	梛幸
なぎさ	梛嵯
なぎさ	梛砂
なぎさ	梛皐
なぎさ	梛総
なぎさ	梛聡
なぎさ	梛勇
なぎさ	梛理
なぎさ	梛惺
なごむ	那幸武
なごむ	那幸夢
なごむ	和幸武
なごむ	和幸夢
なごむ	和武
なごむ	和舞
なごむ	和睦
なさ	那砂
なつ	永継
なつ	永都
なつ	夏柘
なつ	己都
なつ	成津
なつ	奈柘
なつ	那都
なつ	那通
なつ	那斗
なつ	凪司
なつ	凪通
なつ	凪柘
なつ	薙都
なつ	捺詰
なつ	捺継
なつ	捺紬
なつ	捺都
なつ	南都
なつ	波柘
なつ	和都
なつ	梛詰
なつ	梛継
なつ	梛月
なつ	梛通
なつ	梛柘
なつ	梛斗
なつき	夏幹
なつき	夏基
なつき	夏旗
なつき	夏毅
なつき	夏気
なつき	夏祈
なつき	夏規
なつき	夏起
なつき	夏軌
なつき	夏騎
なつき	夏鬼
なつき	夏桔
なつき	夏暁
なつき	夏示
なつき	夏章
なつき	夏熙
なつき	懐輝
なつき	菜津貴
なつき	菜津暉
なつき	菜都毅
なつき	菜都規
なつき	菜都輝
なつき	七都生
なつき	成槻
なつき	成都希
なつき	眺月
なつき	奈都生
なつき	那津貴
なつき	那津樹
なつき	那兎貴
なつき	那都輝
なつき	凪槻
なつき	凪斗毅
なつき	捺幹
なつき	捺伎
なつき	捺基
なつき	捺旗
なつき	捺桔
なつき	捺玖
なつき	捺木
なつき	捺綺
なつき	南津貴
なつき	南都季
なつき	楠月
なつき	納月
なつき	無月
なつき	名津樹
なつき	和調
なつき	和槻
なつき	梛津暉
なつひ	夏灯
ななせ	七成
ななせ	七誠
ななせ	成七世
ななせ	奈七星
ななせ	凪々瀬
ななせ	凪々星
ななせ	南々世
なり	育
なり	克
なり	哉
なり	慈
なり	柔
なり	成
なり	晴
なり	徳
なり	也
なり	令
なり	礼
なる	為
なる	茄瑠
なる	功
なる	七留
なる	樹瑠
なる	渚琉
なる	匠
なる	誠
なる	登
なる	徳
なる	凪流
なる	捺琉
なる	南流
なる	波流
なる	稔
なる	名留
なる	和琉
なる	和瑠
なる	梛流
なるみ	匠海
なるみ	匠弥
なるみ	成幹
なるみ	成巨
なるみ	成己
なるみ	誠海
なるみ	誠己
なるみ	誠実
なるみ	誠巳
なるみ	稔生
なるみ	鳴弥
にき	似樹
にき	仁生
にき	仁来
にき	仁暉
にき	二樹
にき	弐岐
にき	弐希
にき	弐騎
にき	弐玖
にき	弐来
にき	類貴
にじ	似時
にじ	仁慈
にじ	二児
にじ	二字
にじ	二次
にじ	二治
にじ	二地
にちか	仁哉
にちか	仁千佳
にちか	仁知香
にちか	仁稚蘭
にちか	二哉
にちか	二智夏
にちか	二稚加
にちか	二稚嘉
にちか	二稚夏
にちか	虹誓
にちか	日海
にちか	日哉
にの	仁之
ねお	ねお
ねお	音於
ねお	音旺
ねお	音乙
ねお	音雄
ねお	音零
ねお	願愛
ねお	子央
ねお	新
ねお	祢生
ねお	寧於
ねお	寧王
ねお	寧力
ねお	寧凰
ねお	福生
ねお	嶺央
ねお	嶺生
ねお	煉起
ねお	練央
ねおん	輝音
ねおん	子音
ねおん	祢苑
ねおん	寧園
のぞみ	希子
のぞみ	希深
のぞみ	希真
のぞみ	希壬
のぞみ	希湊
のぞみ	希洋
のぞみ	望己
のぞみ	望子
のぞみ	望真
のぞみ	望道
のぞみ	望洋
のぞみ	望良
のり	玄
のり	実
のり	周
のり	則
のり	知
のり	哲
のり	統
のり	徳
のり	範
のり	文
のり	法
のり	望理
のり	雄
のり	律
のり	緑
はおと	羽乙
はおと	羽織斗
はおと	巴音
はおと	波緒斗
はおん	はおん
はおん	巴温
はおん	波音
はおん	芭温
はおん	芭音
はく	はく
はく	羽久
はく	羽恭
はく	羽玖
はく	羽駆
はく	羽駈
はく	羽駒
はく	羽空
はく	羽功
はく	羽紅
はく	羽来
はく	羽來
はく	羽徠
はく	羽琥
はく	栄空
はく	栄功
はく	華琥
はく	牙琥
はく	春玖
はく	春空
はく	春紅
はく	晴丘
はく	晴久
はく	晴宮
はく	晴玖
はく	晴駆
はく	晴空
はく	晴公
はく	晴孔
はく	晴紅
はく	晴来
はく	晴來
はく	晴徠
はく	晴琥
はく	巴紅
はく	巴來
はく	覇
はく	覇空
はく	覇來
はく	覇琥
はく	杷玖
はく	杷來
はく	波久
はく	波玖
はく	波空
はく	波紅
はく	波琥
はく	琶琥
はく	破空
はく	芭駆
はく	芭孔
はく	芭紅
はく	伯
はく	伯久
はく	伯玖
はく	伯空
はく	伯孔
はく	伯来
はく	伯琥
はく	博
はく	博久
はく	拍
はく	柏
はく	泊
はく	白
はく	白久
はく	白玖
はく	白空
はく	白琥
はく	箔
はく	舶
はく	薄
はく	迫
はく	百
はく	芙琥
はく	朴
はく	葉丘
はく	葉久
はく	葉玖
はく	葉空
はく	葉功
はく	葉紅
はく	葉來
はく	葉琥
はく	遥空
はく	蓮來
はく	珀
はく	珀久
はく	珀玖
はく	珀空
はく	珀来
はつき	羽槻
はつき	華月
はつき	初葵
はつき	初喜
はつき	初揮
はつき	初輝
はつき	初月
はつき	初暉
はつき	覇月
はつき	波槻
はつき	芭月
はつき	芭槻
はつき	肇希
はつき	肇紀
はつき	肇貴
はつき	肇月
はつき	肇槻
はつき	八希
はつき	八起
はつき	八輝
はつき	八月
はつき	八槻
はつき	発葵
はつき	発揮
はつき	発紀
はつき	葉築樹
はつき	蓮月
はつき	珀月
はやみ	逸実
はやみ	快実
はやみ	初陽臣
はやみ	早水
はやみ	早巳
はやみ	速
はやみ	隼水
はやみ	隼美
はやみ	颯三
はやみ	颯実
はやみ	颯水
はる	羽海
はる	羽児
はる	羽溜
はる	羽隆
はる	羽塁
はる	羽惺
はる	栄流
はる	栄琉
はる	栄瑠
はる	永
はる	花涙
はる	華児
はる	開
はる	元
はる	玄
はる	合
はる	始
はる	歯流
はる	時
はる	春児
はる	昭
はる	刃流
はる	晴輝
はる	晴隆
はる	生留
はる	青空
はる	馳流
はる	馳琉
はる	張溜
はる	跳流
はる	東
はる	覇
はる	覇流
はる	覇琉
はる	覇留
はる	波溜
はる	波籠
はる	派瑠
はる	伯流
はる	伯琉
はる	伯瑠
はる	八瑠
はる	敏
はる	孟
はる	冶
はる	悠琉
はる	葉海
はる	葉輝
はる	葉響
はる	遥大
はる	遥琉
はる	流
はる	和晴
はる	晏
はる	榮琉
はる	榮瑠
はる	颯琉
はる	遙留
はるか	永翔
はるか	治加
はるか	晴一
はるか	晴河
はるか	青海
はるか	青空
はるか	大翔
はるか	暖嘉
はるか	暖日
はるか	宙
はるか	波琉果
はるか	悠河
はるか	悠翔
はるか	葉留加
はるか	葉留花
はるか	葉瑠佳
はるか	葉瑠加
はるか	遥哉
はるか	陽火
はるか	陽珂
はるか	流嘉
はるか	遼河
はるか	遼空
はるか	遼翔
はるか	櫻華
はるか	颯斗
はるか	遙嘉
はるか	遙賀
はるか	遙哉
はるか	遙楓
はるか	遙芳
はるせ	絢成
はるせ	春成
はるせ	春星
はるせ	春生
はるせ	春瑠世
はるせ	榛世
はるせ	榛成
はるせ	晴瀬
はるせ	晴成
はるせ	暖瀬
はるせ	暖成
はるせ	暖星
はるせ	波留世
はるせ	悠瀬
はるせ	悠成
はるせ	悠星
はるせ	悠生
はるせ	悠晟
はるせ	遥瀬
はるせ	遥成
はるせ	遥星
はるせ	遥惺
はるせ	陽瀬
はるせ	陽成
はるせ	陽晴
はるせ	陽生
はるせ	陽聖
はるせ	陽青
はるせ	遙瀬
はるひ	栄光
はるひ	栄飛
はるひ	栄陽
はるひ	喜一
はるひ	喜陽
はるひ	啓陽
はるひ	元陽
はるひ	治緋
はるひ	春火
はるひ	春光
はるひ	晴一
はるひ	晴冴
はるひ	晴燈
はるひ	晴裕
はるひ	大斐
はるひ	暖啓
はるひ	暖陳
はるひ	暖燈
はるひ	暖飛
はるひ	暖氷
はるひ	日陽
はるひ	覇陽
はるひ	悠一
はるひ	悠冴
はるひ	悠飛
はるひ	悠柊
はるひ	悠桧
はるひ	悠暉
はるひ	遥一
はるひ	遥光
はるひ	遥冴
はるひ	遥燈
はるひ	遥比
はるひ	陽一
はるひ	陽昆
はるひ	遼燈
はるひ	遼日
はるひ	令陽
はるひ	晏緋
はるひ	榮柊
はるひ	櫻陽
はるひ	脩光
はるみ	桜心
はるみ	桜生
はるみ	桜弥
はるみ	治海
はるみ	治己
はるみ	治巳
はるみ	治弥
はるみ	春洋
はるみ	榛己
はるみ	榛巳
はるみ	晴光
はるみ	晴深
はるみ	暖心
はるみ	悠目
はるみ	遥光
はるみ	陽湊
はるみ	遼海
はるみ	遙巳
はれ	羽伶
はれ	映玲
はれ	晴令
はれ	晴零
はれ	晴黎
はれ	覇玲
はれ	波麗
ひいらぎ	柊季
ひかり	希望
ひかり	光星
ひかり	光律
ひかり	光凌
ひかり	日翔利
ひかり	飛雁
ひかり	陽科理
ひかり	陽香俐
ひかり	陽日理
ひかり	陽日俐
ひかり	熙律
ひかる	一嘉琉
ひかる	一嘉瑠
ひかる	瑛
ひかる	輝琉
ひかる	光蕗
ひかる	光隆
ひかる	光塁
ひかる	晃琉
ひかる	惹夏流
ひかる	照
ひかる	閃
ひかる	閃光
ひかる	太陽
ひかる	弾夏流
ひかる	抽夏流
ひかる	日佳瑠
ひかる	日夏流
ひかる	日夏琉
ひかる	日夏留
ひかる	日翔琉
ひかる	飛佳琉
ひかる	飛夏琉
ひかる	飛駆
ひかる	耀
ひかる	陽佳琉
ひかる	陽加琉
ひかる	陽夏流
ひかる	陽夏琉
ひかる	陽華琉
ひかる	陽光
ひかる	流星
ひかる	晄琉
ひかる	晄塁
ひかる	暉流
ひかる	煌
ひかる	絆輝
ひかる	熙
ひさき	永暉
ひさき	央喜
ひさき	央基
ひさき	喜葵
ひさき	喜生
ひさき	喜暉
ひさき	久喜
ひさき	久期
ひさき	久稀
ひさき	久輝
ひさき	久己
ひさき	久樹
ひさき	久木
ひさき	向輝
ひさき	寿葵
ひさき	寿稀
ひさき	寿起
ひさき	寿輝
ひさき	寿來
ひさき	尚希
ひさき	尚生
ひさき	長稀
ひさき	灯咲
ひさき	緋皐樹
ひさき	飛咲
ひさき	悠幹
ひさき	悠喜
ひさき	悠希
ひさき	悠稀
ひさき	悠輝
ひさき	悠生
ひさき	悠暉
ひさき	陽希
ひさき	陽向
ひさき	陽生
ひじり	聖利
ひじり	聖吏
ひじり	聖理
ひじり	飛士利
ひづき	柊槻
ひづる	緋敦
ひづる	飛弦
ひとは	一颯
ひなか	雛榎
ひなき	陽輝
ひなき	陽樹
ひなき	陽生
ひなき	陽絆
ひなせ	陽世
ひなせ	陽南世
ひなせ	陽南瀬
ひなせ	陽名世
ひなせ	陽名瀬
ひなり	一晴
ひなり	冴成
ひなり	柊成
ひなり	柊晴
ひなり	陽哉
ひびき	韻生
ひびき	響基
ひびき	響揮
ひびき	響毅
ひびき	響軌
ひびき	響騎
ひびき	響義
ひびき	響玖
ひびき	響城
ひびき	響大
ひびき	燈比揮
ひびき	日々伎
ひびき	日々祈
ひびき	日々稀
ひびき	日々記
ひびき	日々軌
ひびき	日々暉
ひびき	日比喜
ひびき	日比樹
ひびき	比々希
ひびき	比々紀
ひびき	比日樹
ひびき	飛未輝
ひびき	陽々季
ひびき	陽々稀
ひびき	陽々紀
ひびき	陽々軌
ひびき	陽々樹
ひびき	陽々生
ひびき	陽々来
ひびき	陽々暉
ひびき	陽響
ひびき	陽樹
ひびき	陽美季
ひびき	陽美記
ひろ	寬
ひろ	一呂
ひろ	一路
ひろ	迂
ひろ	丑
ひろ	栄
ひろ	衛
ひろ	演
ひろ	賀
ひろ	解
ひろ	恢
ひろ	外
ひろ	拡
ひろ	郭
ひろ	完
ひろ	官
ひろ	簡
ひろ	緩
ひろ	巨
ひろ	勲
ひろ	啓呂
ひろ	敬
ひろ	厳
ひろ	玄
ひろ	戸
ひろ	梧
ひろ	光
ひろ	光呂
ひろ	公
ひろ	厚
ひろ	口
ひろ	康
ひろ	洪
ひろ	衡
ひろ	郊
ひろ	鉱
ひろ	豪
ひろ	混
ひろ	四
ひろ	周
ひろ	宗
ひろ	拾
ひろ	衆
ひろ	潤
ひろ	助
ひろ	祥
ひろ	丈
ひろ	仁
ひろ	碩
ひろ	先
ひろ	宣
ひろ	祖
ひろ	測
ひろ	孫
ひろ	太
ひろ	泰
ひろ	大陽
ひろ	拓
ひろ	達
ひろ	谷
ひろ	坦
ひろ	展
ひろ	転
ひろ	都
ひろ	燈侶
ひろ	燈亮
ひろ	洞
ひろ	篤
ひろ	日路
ひろ	漠
ひろ	氾
ひろ	汎
ひろ	披
ひろ	比蕗
ひろ	比路
ひろ	緋侶
ひろ	緋路
ひろ	飛芦
ひろ	飛炉
ひろ	飛路
ひろ	柊
ひろ	彦
ひろ	普
ひろ	聞
ひろ	豊
ひろ	勃
ひろ	明
ひろ	門
ひろ	野
ひろ	弥
ひろ	宥
ひろ	容
ひろ	陽侶
ひろ	陽亮
ひろ	陽良
ひろ	陽炉
ひろ	陽路
ひろ	陽露
ひろ	陽論
ひろ	昊
ひろ	皓
ひろみ	祐良
ひろみ	一二三
ひろみ	栄海
ひろみ	衛海
ひろみ	央海
ひろみ	寛海
ひろみ	寛己
ひろみ	寛三
ひろみ	寛実
ひろみ	寛巳
ひろみ	啓海
ひろみ	啓観
ひろみ	啓味
ひろみ	景海
ひろみ	玄海
ひろみ	光海
ひろみ	公海
ひろみ	公巳
ひろみ	宏己
ひろみ	宏三
ひろみ	宏生
ひろみ	宏巳
ひろみ	宏實
ひろみ	広三
ひろみ	広太
ひろみ	広巳
ひろみ	広弥
ひろみ	弘巳
ひろみ	弘已
ひろみ	浩海
ひろみ	浩己
ひろみ	浩三
ひろみ	浩満
ひろみ	浩巳
ひろみ	紘己
ひろみ	紘弥
ひろみ	丈美
ひろみ	碩弥
ひろみ	蒼海
ひろみ	蒼心
ひろみ	蒼生
ひろみ	蒼未
ひろみ	泰観
ひろみ	泰三
ひろみ	大己
ひろみ	大三
ひろみ	大実
ひろみ	大美
ひろみ	拓心
ひろみ	拓味
ひろみ	宙海
ひろみ	宙心
ひろみ	宙未
ひろみ	宙巳
ひろみ	篤海
ひろみ	博巨
ひろみ	博己
ひろみ	博三
ひろみ	博味
ひろみ	博洋
ひろみ	博實
ひろみ	比呂実
ひろみ	明海
ひろみ	宥海
ひろみ	宥心
ひろみ	祐海
ひろみ	裕三
ひろみ	裕視
ひろみ	裕望
ひろみ	洋海
ひろみ	洋実
ひろみ	洋未
ひろみ	廣見
ひろみ	廣三
ひろみ	廣実
ひろみ	廣味
ひろみ	洸海
ひろみ	滉海
ひろみ	滉巳
ひろみ	皓深
ふう	歩憂
ふく	吹
ふく	夫玖
ふく	冨久
ふく	芙来
ふく	芙來
ふく	風玖
ふく	風空
ふく	福久
ふく	福九
ふく	歩久
ふく	歩玖
ふく	歩功
ふじ	二士
ふじ	二二
ふじ	不二
ふじ	富司
ふじ	富治
ふじ	芙爾
ふじ	風士
ふじ	風道
ふじ	歩士
ほし	星翔
ほし	保志
ほし	歩史
ほし	歩嗣
ほし	歩士
ほし	歩志
ほし	歩詩
ほし	穂詩
ほたる	笑大
ほたる	星大流
ほまれ	秀希
ほまれ	秀稀
ほまれ	保満玲
ほまれ	歩実玲
ほまれ	輔希
ほまれ	輔真玲
ほまれ	穂満玲
ほまれ	誉令
ほまれ	誉伶
ほまれ	穗希
まあさ	万咲
まおん	真穏
まこと	マコト
まこと	愛優人
まこと	一
まこと	雅琴
まこと	学
まこと	款
まこと	実琴
まこと	実采
まこと	実士
まこと	実仁
まこと	周
まこと	周采
まこと	充
まこと	純人
まこと	信琴
まこと	信人
まこと	慎
まこと	真慧
まこと	真古登
まこと	真呼人
まこと	真己登
まこと	真虎斗
まこと	真瑚
まこと	真士
まこと	真事
まこと	真十
まこと	真信
まこと	真心人
まこと	真人
まこと	真仁
まこと	真誠
まこと	真大
まこと	真斗
まこと	真杜
まこと	真登
まこと	真飛
まこと	真和
まこと	正
まこと	正誠
まこと	精
まこと	誠都
まこと	誠央
まこと	誠虎
まこと	誠士
まこと	誠心
まこと	誠人
まこと	誠仁
まこと	誠斗
まこと	誠登
まこと	誠都
まこと	誠翔
まこと	節
まこと	忠
まこと	諦
まこと	惇
まこと	任
まこと	馬胡都
まこと	睦士
まこと	麻己斗
まこと	麻思
まこと	麻事
まこと	麻殊
まこと	万詞
まこと	命
まこと	理
まこと	亮人
まこと	良
まこと	實
まこと	摯
まこと	洵人
まこと	眞己斗
まこと	眞采
まこと	眞士
まこと	眞事
まこと	眞寿
まこと	眞人
まこと	眞斗
まこと	眞登
まこと	眞都
まこと	茉信
まさ	一
まさ	幹
まさ	匡
まさ	傑
まさ	賢
まさ	公
まさ	才
まさ	勝
まさ	将
まさ	信
まさ	真
まさ	真嵯
まさ	真左
まさ	真差
まさ	真査
まさ	真沙
まさ	仁
まさ	征
まさ	政
まさ	正
まさ	聖
まさ	誠
まさ	斉
まさ	壮
まさ	直勇
まさ	麻佐
まさ	麻砂
まさ	柾
まさ	雄
まさ	諒
まさ	和
まさ	將
まさ	應
まさ	晟
まさ	眞
まさみ	允実
まさみ	雅己
まさみ	雅三
まさみ	雅深
まさみ	雅巳
まさみ	匡省
まさみ	剛海
まさみ	勝己
まさみ	勝巳
まさみ	将己
まさみ	将実
まさみ	将巳
まさみ	昌己
まさみ	昌三
まさみ	昌南
まさみ	譲閲
まさみ	真見
まさみ	真己
まさみ	征実
まさみ	征巳
まさみ	政己
まさみ	政三
まさみ	政巳
まさみ	正幹
まさみ	正己
まさみ	正三
まさみ	正視
まさみ	正身
まさみ	正水
まさみ	正巳
まさみ	正已
まさみ	誠巳
まさみ	柾実
まさみ	優己
まさみ	優光
まさみ	優真
まさみ	眞佐己
ますみ	益海
ますみ	益己
ますみ	益実
ますみ	益巳
ますみ	升己
ますみ	升巳
ますみ	真朱美
ますみ	真順美
ますみ	澄
ますみ	誠純
ますみ	増海
ますみ	増見
ますみ	増実
ますみ	増巳
ますみ	増實
ますみ	万砂美
ますみ	万寿三
ますみ	万栖
まとい	真翔偉
まなつ	末那津
まひる	舞日瑠
まひろ	益景
まひろ	益大
まひろ	雅拓
まひろ	希寛
まひろ	希宏
まひろ	希弘
まひろ	希紘
まひろ	希大
まひろ	希拓
まひろ	希博
まひろ	希洸
まひろ	希皓
まひろ	稀央
まひろ	稀寛
まひろ	稀宏
まひろ	稀広
まひろ	稀弘
まひろ	稀紘
まひろ	稀大
まひろ	稀優
まひろ	稀裕
まひろ	稀廣
まひろ	稀洸
まひろ	稀滉
まひろ	蒔央
まひろ	蒔玄
まひろ	蒔大
まひろ	蒔宙
まひろ	実敬
まひろ	守啓
まひろ	守敬
まひろ	守宏
まひろ	守紘
まひろ	守宙
まひろ	真勲
まひろ	真敬
まひろ	真玄
まひろ	真浩
まひろ	真助
まひろ	真恕
まひろ	真仁
まひろ	真泰
まひろ	真拓
まひろ	真日路
まひろ	真明
まひろ	真佑
まひろ	真祐
まひろ	真廣
まひろ	真熙
まひろ	正紘
まひろ	正泰
まひろ	誠紘
まひろ	誠大
まひろ	誠宙
まひろ	大滉
まひろ	直央
まひろ	直寛
まひろ	直啓
まひろ	直敬
まひろ	直光
まひろ	直宏
まひろ	直広
まひろ	直大
まひろ	直洸
まひろ	馬広
まひろ	馬弘
まひろ	馬紘
まひろ	馬大
まひろ	舞啓
まひろ	舞祐
まひろ	摩尋
まひろ	摩大
まひろ	摩拓
まひろ	摩明
まひろ	磨央
まひろ	磨嘉
まひろ	磨啓
まひろ	磨玄
まひろ	磨広
まひろ	磨弘
まひろ	磨紘
まひろ	磨大
まひろ	磨拓
まひろ	磨優
まひろ	磨祐
まひろ	磨裕
まひろ	磨洋
まひろ	磨廣
まひろ	磨滉
まひろ	麻勲
まひろ	麻啓
まひろ	麻鉱
まひろ	麻大
まひろ	麻拓
まひろ	麻祐
まひろ	麻皓
まひろ	末紘
まひろ	末滉
まひろ	麿寛
まひろ	万啓
まひろ	万鉱
まひろ	万丈
まひろ	万碩
まひろ	万洋
まひろ	万礼
まひろ	万廣
まひろ	万熙
まひろ	満大
まひろ	満宙
まひろ	優光
まひろ	優宙
まひろ	優洋
まひろ	實紘
まひろ	實優
まひろ	眞敬
まひろ	眞玄
まひろ	眞宏
まひろ	眞浩
まひろ	眞宗
まひろ	眞大
まひろ	眞拓
まひろ	眞比呂
まひろ	眞祐
まひろ	眞洋
まひろ	眞廣
まひろ	眞昊
まひろ	眞洸
まひろ	眞滉
まひろ	眞皓
まひろ	茉碑呂
まひろ	茉啓
まひろ	茉滉
みおう	海王
みおと	みおと
みおと	海央途
みおと	海央翔
みおと	海音
みおと	海吟
みおと	海大斗
みおと	海和都
みおと	海和翔
みおと	己音
みおと	光吟
みおと	深音
みおと	仁乙
みおと	美旺士
みおと	美桜斗
みおと	望音
みおと	弥音
みおと	澪兜
みおと	澪采
みおと	澪人
みおと	澪斗
みおと	澪登
みおと	澪土
みおと	澪刀
みおと	澪翔
みづき	海都希
みづき	三綺
みづき	史津己
みづき	充希
みづき	生月
みづき	巳津起
みづき	巳都樹
みづき	湊月
みづき	澪月
みなみ	皆波
みなみ	挙己
みなみ	南己
みなみ	南巳
みなみ	未七海
みなみ	未渚実
みなみ	湊己
みなみ	眞波
みのり	胤典
みのり	海慶
みのり	海則
みのり	海法
みのり	三実
みのり	三法
みのり	史賀
みのり	史恭
みのり	実德
みのり	実希
みのり	実慶
みのり	実士
みのり	実則
みのり	実範
みのり	充則
みのり	心矩
みのり	親実
みのり	仁紀
みのり	壬則
みのり	泉徳
みのり	美寛
みのり	美実
みのり	望令
みのり	未乗
みのり	未徳
みのり	稔織
みのり	稔哩
みのり	稔琉
みらい	海雷
みらい	海蕾
みらい	幹頼
みらい	観来
みらい	観來
みらい	光頼
みらい	光來
みらい	三礼
みらい	実頼
みらい	充頼
みらい	充萊
みらい	申来
みらい	申雷
みらい	美良生
みらい	望萊
みらい	満雷
みらい	未頼
みらい	未良衣
みらい	魅来
みらい	巳礼
みらい	湊來
みらい	明日
みらい	明来
みらい	弥頼
みらん	海嵐
みらん	海欄
みらん	光嵐
みらん	深藍
みらん	望嵐
みらん	未嵐
みらん	弥覧
みろく	海陸
みろく	三陸
みろく	三六
みろく	三六九
みろく	実禄
みろく	充禄
みろく	心陸
みろく	心禄
みろく	深禄
みろく	身六
みろく	壬陸
みろく	壬禄
みろく	水六
みろく	美呂紅
みろく	美六
みろく	望禄
みろく	満禄
みろく	未陸
みろく	魅陸
みろく	魅侶玖
みろく	魅呂玖
みろく	魅呂紅
みろく	魅六
みろく	魅禄
みろく	魅録
みろく	巳禄
みろく	巳録
みろく	弥鹿
みろく	弥侶紅
みろく	弥緑
みろく	弥呂玖
みろく	弥六
みろく	弥麓
みろく	彌六
むぎ	六義
むつ	輯
むつ	夢詰
むつき	ム月
むつき	向月
むつき	睦黄
むつき	睦幹
むつき	睦基
むつき	睦祈
むつき	睦起
むつき	睦騎
むつき	睦宜
むつき	睦義
むつき	睦興
むつき	睦公
むつき	睦其
むつき	睦大
むつき	睦槻
むつき	睦來
むつき	睦暉
むつき	睦絆
むつき	無月
むつき	陸葵
むつき	陸揮
むつき	陸稀
むつき	陸義
むつき	陸月
むつき	陸己
むつき	陸樹
むつき	陸生
むつき	陸來
むつき	陸奧樹
むつき	陸絆
むつき	六葵
むつき	六希
むつき	六貴
めぐむ	德
めぐむ	恩武
めぐむ	芽
めぐむ	芽武
めぐむ	恵武
めぐむ	恵務
めぐむ	恵六
めぐむ	仁武
めぐむ	仁六
めぐむ	徳
めぐむ	龍
もと	基
もと	元
もと	源
もと	朔
もと	守人
もと	初
もと	征
もと	礎
もと	素
もと	太
もと	智
もと	統
もと	要
ゆあん	結夢
ゆあん	夢庵
ゆあん	夢行
ゆあん	癒安
ゆあん	癒庵
ゆあん	癒晏
ゆあん	唯晏
ゆあん	優行
ゆあん	優晏
ゆあん	勇行
ゆあん	悠安
ゆあん	悠庵
ゆあん	悠按
ゆあん	悠案
ゆあん	悠行
ゆあん	悠晏
ゆあん	柚庵
ゆあん	由安
ゆあん	由庵
ゆあん	遊安
ゆあん	遊庵
ゆあん	遊按
ゆあん	遊晏
ゆあん	雄杏
ゆあん	雄行
ゆあん	侑晏
ゆう	祐
ゆう	惟羽
ゆう	弓雨
ゆう	結心
ゆう	結祐
ゆう	湯宇
ゆう	湯羽
ゆう	湯生
ゆう	夢宇
ゆう	夢海
ゆう	夢樹
ゆう	夢生
ゆう	愉宇
ゆう	癒優
ゆう	唯生
ゆう	唯佑
ゆう	唯憂
ゆう	佑生
ゆう	佑有
ゆう	優樹
ゆう	優佑
ゆう	勇宇
ゆう	勇羽
ゆう	勇佑
ゆう	友宇
ゆう	友生
ゆう	友佑
ゆう	友有
ゆう	宥優
ゆう	悠佑
ゆう	悠優
ゆう	有海
ゆう	有生
ゆう	有佑
ゆう	有憂
ゆう	有祐
ゆう	祐生
ゆう	裕右
ゆう	裕雨
ゆう	裕海
ゆう	裕胡
ゆう	裕生
ゆう	裕優
ゆう	遊羽
ゆう	遊生
ゆう	雄宇
ゆう	雄有
ゆう	融
ゆう	夕侑
ゆう	侑宇
ゆう	侑於
ゆう	侑海
ゆう	侑胡
ゆう	喩羽
ゆうさ	結作
ゆうさ	尤彩
ゆうさ	佑沙
ゆうさ	優采
ゆうさ	勇佐
ゆうさ	勇冴
ゆうさ	悠然
ゆうひ	郁飛
ゆうひ	郁柊
ゆうひ	熊斐
ゆうひ	結光
ゆうひ	結燈
ゆうひ	結波
ゆうひ	結飛
ゆうひ	結枇
ゆうひ	諭宇陽
ゆうひ	佑広
ゆうひ	佑燈
ゆうひ	佑斐
ゆうひ	佑飛
ゆうひ	優生陽
ゆうひ	優斐
ゆうひ	優秘
ゆうひ	優桧
ゆうひ	勇一
ゆうひ	勇光
ゆうひ	勇飛
ゆうひ	友斐
ゆうひ	友飛
ゆうひ	宥飛
ゆうひ	宥陽
ゆうひ	悠光
ゆうひ	悠広
ゆうひ	悠冴
ゆうひ	悠博
ゆうひ	悠斐
ゆうひ	悠飛
ゆうひ	悠柊
ゆうひ	悠桧
ゆうひ	有冴
ゆうひ	有斐
ゆうひ	有飛
ゆうひ	柚緋
ゆうひ	湧日
ゆうひ	湧飛
ゆうひ	湧陽
ゆうひ	由宇陽
ゆうひ	由羽飛
ゆうひ	由光
ゆうひ	由波
ゆうひ	由斐
ゆうひ	由緋
ゆうひ	由侑陽
ゆうひ	祐冴
ゆうひ	祐飛
ゆうひ	裕燈
ゆうひ	裕日
ゆうひ	裕飛
ゆうひ	邑柊
ゆうひ	雄灯
ゆうひ	雄燈
ゆうひ	雄日
ゆうひ	雄彼
ゆうひ	雄斐
ゆうひ	夕宇燈
ゆうひ	夕柊
ゆうひ	侑光
ゆうひ	侑広
ゆうひ	侑緋
ゆうひ	侑飛
ゆうひ	侑枇
ゆうひ	侑毘
ゆうひ	侑柊
ゆうひ	釉飛
ゆうほ	優浦
ゆうほ	勇帆
ゆうほ	勇歩
ゆうほ	勇穂
ゆうほ	友秀
ゆうほ	悠宝
ゆうほ	有保
ゆうほ	有歩
ゆうほ	湧帆
ゆうほ	祐蒲
ゆうほ	祐保
ゆうほ	祐圃
ゆうほ	祐歩
ゆうほ	祐甫
ゆうほ	祐補
ゆうほ	祐哺
ゆうほ	遊帆
ゆうほ	雄帆
ゆうほ	侑蒲
ゆうほ	侑帆
ゆうほ	侑保
ゆうほ	侑甫
ゆうら	佑良
ゆうら	優羽良
ゆうら	優等
ゆうら	勇良
ゆうら	友羅
ゆうら	悠楽
ゆうら	悠羅
ゆうら	悠来
ゆうら	悠嵐
ゆうら	悠蘭
ゆうら	悠良
ゆうら	祐良
ゆうら	遊楽
ゆうら	遊宙
ゆうら	雄羅
ゆうら	侑楽
ゆうり	祐吏
ゆうり	祐李
ゆうり	祐理
ゆうり	祐里
ゆうり	祐稟
ゆうり	ゆう李
ゆうり	郁吏
ゆうり	郁李
ゆうり	結羽利
ゆうり	結羽吏
ゆうり	結心李
ゆうり	結梁
ゆうり	結侑俐
ゆうり	結黎
ゆうり	尤理
ゆうり	佑浬
ゆうり	佑優莉
ゆうり	佑憂璃
ゆうり	佑利
ゆうり	佑裡
ゆうり	佑陸
ゆうり	佑琉
ゆうり	佑凌
ゆうり	佑厘
ゆうり	優羽吏
ゆうり	優羽李
ゆうり	優羽梨
ゆうり	優生吏
ゆうり	優生俐
ゆうり	優陸
ゆうり	優龍
ゆうり	優力
ゆうり	優厘
ゆうり	優綸
ゆうり	勇吏
ゆうり	勇李
ゆうり	勇梨
ゆうり	勇理
ゆうり	勇璃
ゆうり	勇令
ゆうり	勇俐
ゆうり	勇凛
ゆうり	友亥
ゆうり	友宇凜
ゆうり	友栗
ゆうり	友裡
ゆうり	友陸
ゆうり	友律
ゆうり	友力
ゆうり	友黎
ゆうり	宥李
ゆうり	宥俐
ゆうり	宥凛
ゆうり	悠宇里
ゆうり	悠羽利
ゆうり	悠羽吏
ゆうり	悠羽李
ゆうり	悠羽俐
ゆうり	悠生俐
ゆうり	悠裡
ゆうり	悠陸
ゆうり	悠旅
ゆうり	悠凌
ゆうり	悠良
ゆうり	悠力
ゆうり	悠倫
ゆうり	悠厘
ゆうり	憂吏
ゆうり	憂李
ゆうり	憂理
ゆうり	有羽李
ゆうり	有羽里
ゆうり	有浬
ゆうり	有織
ゆうり	有哩
ゆうり	有旅
ゆうり	有麗
ゆうり	柚樹
ゆうり	柚織
ゆうり	柚利
ゆうり	柚理
ゆうり	柚稟
ゆうり	湧利
ゆうり	湧吏
ゆうり	湧李
ゆうり	湧裡
ゆうり	湧里
ゆうり	湧俐
ゆうり	湧凛
ゆうり	湧莉
ゆうり	由宇利
ゆうり	由哩
ゆうり	祐陸
ゆうり	遊利
ゆうり	遊梨
ゆうり	遊理
ゆうり	遊里
ゆうり	遊凛
ゆうり	雄浬
ゆうり	雄利
ゆうり	雄李
ゆうり	雄梨
ゆうり	雄理
ゆうり	雄倫
ゆうり	雄琳
ゆうり	雄俐
ゆうり	雄莉
ゆうり	夕利
ゆうり	夕吏
ゆうり	夕李
ゆうり	夕麗
ゆうり	夕俐
ゆうり	侑宇理
ゆうり	侑宇莉
ゆうり	侑浬
ゆうり	侑裡
ゆうり	侑立
ゆうり	侑旅
ゆうり	侑凌
ゆうり	侑良
ゆうり	侑陵
ゆうり	侑厘
ゆうわ	結生羽
ゆうわ	結湧
ゆうわ	佑環
ゆうわ	優環
ゆうわ	優葉
ゆうわ	勇羽
ゆうわ	勇環
ゆうわ	勇和
ゆうわ	友環
ゆうわ	悠笑
ゆうわ	悠湧
ゆうわ	悠和
ゆうわ	柚羽
ゆうわ	柚和
ゆうわ	由和
ゆうわ	祐羽
ゆうわ	裕和
ゆうわ	雄和
ゆうわ	迪羽
ゆうわ	迪和
ゆきじ	ゆきじ
ゆきじ	維志
ゆきじ	敬志
ゆきじ	幸児
ゆきじ	幸次
ゆきじ	幸滋
ゆきじ	幸治
ゆきじ	幸示
ゆきじ	幸二
ゆきじ	行次
ゆきじ	行二
ゆきじ	至慈
ゆきじ	雪二
ゆきじ	千慈
ゆきじ	之司
ゆきじ	來志
ゆきじ	諧侍
ゆきじ	逞慈
ゆずき	ゆず稀
ゆずき	ゆず樹
ゆずき	弓月
ゆずき	結珠稀
ゆずき	結珠輝
ゆずき	結寿輝
ゆずき	結寿来
ゆずき	譲毅
ゆずき	譲貴
ゆずき	譲樹
ゆずき	譲生
ゆずき	譲暉
ゆずき	禅己
ゆずき	禅樹
ゆずき	優月希
ゆずき	優朱稀
ゆずき	優寿希
ゆずき	優寿輝
ゆずき	悠珠希
ゆずき	悠珠樹
ゆずき	悠寿稀
ゆずき	悠寿輝
ゆずき	柚黄
ゆずき	柚岐
ゆずき	柚軌
ゆずき	柚騎
ゆずき	柚章
ゆずき	柚大
ゆずき	柚利
ゆずき	湧珠樹
ゆずき	由珠樹
ゆずき	祐珠希
ゆずき	祐珠樹
ゆずき	裕貴
ゆずき	夕珠希
ゆずき	橙生
ゆずき	讓輝
ゆづる	祐弦
ゆづる	弓鶴
ゆづる	弦
ゆづる	諭弦
ゆづる	唯弦
ゆづる	佑弦
ゆづる	優絃
ゆづる	勇弦
ゆづる	勇鶴
ゆづる	友絃
ゆづる	悠弦
ゆづる	悠絃
ゆづる	悠鶴
ゆづる	有絃
ゆづる	柚絃
ゆづる	祐弦
ゆづる	祐絃
ゆづる	祐鶴
ゆづる	裕弦
ゆづる	裕絃
ゆづる	裕都瑠
ゆづる	雄弦
ゆづる	夕絃
ゆづる	侑弦
ゆめじ	夢士
ゆめじ	夢至
ゆめじ	夢次
ゆめじ	夢滋
ゆめじ	夢治
ゆめじ	夢二
よう	影
よう	永
よう	泳
よう	瑛
よう	詠
よう	八
よう	夜羽
よう	誉優
よう	誉憂
よう	庸
よう	庸羽
よう	揚
よう	擁
よう	様
よう	耀生
よう	耀優
よう	葉海
よう	要
よう	要羽
よう	踊
よう	陽宇
よう	陽生
よう	養
よう	應
よう	搖
よう	瑶宇
よう	瑶生
よう	謠
よう	頌
よう	遙
よし	よし
よし	愛
よし	芦
よし	惟
よし	允
よし	悦
よし	佳
よし	佳志
よし	嘉
よし	快
よし	凱
よし	玩
よし	喜
よし	嬉
よし	儀
よし	義
よし	吉
よし	圭
よし	慶
よし	賢
よし	好
よし	孝
よし	巧
よし	幸
よし	克
よし	祉
よし	至
よし	慈
よし	治
よし	実
よし	淑
よし	勝
よし	祥
よし	仁
よし	世士
よし	世志
よし	静
よし	善
よし	善志
よし	繕
よし	禎
よし	徳
よし	能
よし	美
よし	彦
よし	彬
よし	福
よし	芳
よし	夜詩
よし	由
よし	余思
よし	与志
よし	与慈
よし	理
よし	良
よし	良士
よし	禄
よし	與四
よし	逞
らい	らい
らい	楽生
らい	光
らい	瀬
らい	羅依
らい	羅偉
らい	羅維
らい	羅衣
らい	羅生
らい	来
らい	来移
らい	来癒
らい	来李
らい	頼
らい	雷
らい	良伊
らい	良偉
らい	良威
らい	良惟
らい	良衣
らい	良生
らい	礼
らい	麗以
らい	麗偉
らい	來
らい	來以
らい	來依
らい	來衣
らい	徠
らい	徠維
らい	禮
らい	蕾
らい	萊
らいか	頼可
らいか	頼嘉
らいか	雷火
らいか	雷海
らいか	礼河
らいか	礼哉
らいか	徠夏
らいか	徠叶
らいか	徠芳
らいか	徠和
らいか	萊芳
らいち	楽市
らいち	羅一
らいち	羅已智
らいち	来壱
らいち	来地
らいち	来智
らいち	頼知
らいち	雷一
らいち	雷市
らいち	雷知
らいち	雷地
らいち	雷智
らいち	良依知
らいち	礼知
らいち	礼智
らいち	來一
らいち	來壱
らいち	來知
らいち	來智
らいち	徠茅
らいち	徠智
らいち	蕾一
らいち	蕾市
らいち	蕾智
らいち	萊一
らいち	萊茅
らいむ	月夢
らいむ	奏夢
らいむ	来舞
らいむ	来睦
らいむ	頼武
らいむ	頼夢
らいむ	頼矛
らいむ	雷武
らいむ	礼睦
らいむ	礼夢
らいむ	來武
らいむ	來舞
らいむ	徠睦
らいら	雷羅
らいら	蕾羅
らいり	羅唯龍
らいり	来李
らいり	雷里
らいり	雷令
らいり	雷凛
らいり	礼理
らいり	礼凛
らいり	礼莉
らいり	來吏
らいり	來李
らいり	來理
らいる	瀬琉
らいる	羅維琉
らいる	頼琉
らいる	雷琉
らいる	雷麟
らいる	礼琉
らいる	來瑠
らいる	徠衣琉
らいる	徠琉
らいる	萊流
らいる	萊琉
らいる	萊留
らいる	萊瑠
りある	理吾隆
りあん	利庵
りあん	利行
りあん	利晏
りあん	吏晏
りあん	李庵
りあん	李晏
りあん	璃庵
りあん	琉杏
りあん	凌杏
りあん	俐安
りあん	俐庵
りあん	凛晏
りお	浬愛
りお	浬弦
りお	鯉生
りお	利緖
りお	利王
りお	利恩
りお	利皇
りお	利勇
りお	利雄
りお	利和
りお	吏旺
りお	吏王
りお	吏翁
りお	吏皇
りお	吏臣
りお	吏生
りお	吏伯
りお	吏負
りお	吏雄
りお	吏郎
りお	吏和
りお	李王
りお	李皇
りお	李大
りお	李男
りお	李夫
りお	李雄
りお	李零
りお	梨夫
りお	梨雄
りお	理旺
りお	理皇
りお	理士
りお	理壮
りお	理男
りお	理伯
りお	理勇
りお	理雄
りお	理朗
りお	璃阿
りお	璃王
りお	璃皇
りお	璃士
りお	璃臣
りお	璃大
りお	璃夫
りお	璃碧
りお	璃雄
りお	璃陽
りお	璃煌
りお	里王
りお	里雄
りお	陸王
りお	律央
りお	律和
りお	琉央
りお	琉皇
りお	琉大
りお	琉和
りお	龍旺
りお	龍桜
りお	龍生
りお	凌央
りお	凌桜
りお	凌陽
りお	凌和
りお	涼央
りお	涼音
りお	涼生
りお	稜央
りお	倫音
りお	倫緒
りお	琳凰
りお	麟音
りお	麗王
りお	麗鳳
りお	麗零
りお	麗和
りお	俐於
りお	俐旺
りお	俐王
りお	俐御
りお	俐皇
りお	俐百
りお	俐鳳
りお	俐勇
りお	俐雄
りお	俐陽
りお	俐郎
りお	俐和
りお	凛士
りお	凛大
りお	凛勇
りお	莉王
りお	莉弦
りお	莉士
りお	莉将
りお	莉推
りお	莉青
りお	莉勇
りお	莉雄
りお	黎音
りお	凜王
りお	凜大
りお	凜勇
りお	凜雄
りおん	偉恩
りおん	聖央
りおん	利園
りおん	利遠
りおん	利央
りおん	利恩
りおん	利温
りおん	利穏
りおん	吏遠
りおん	吏温
りおん	吏臣
りおん	梨溫
りおん	理穏
りおん	理御
りおん	理臣
りおん	璃遠
りおん	里遠
りおん	里恩
りおん	律音
りおん	琉苑
りおん	琉遠
りおん	琉穏
りおん	龍恩
りおん	龍音
りおん	凌音
りおん	諒音
りおん	陵恩
りおん	力音
りおん	琳央
りおん	琳温
りおん	怜穏
りおん	麗恩
りおん	俐遠
りおん	俐温
りおん	俐穏
りおん	俐臣
りおん	凛遠
りおん	凛臣
りおん	凛星
りおん	莉星
りおん	黎音
りずむ	音楽
りずむ	李須夢
りずむ	理澄
りつ	亥継
りつ	亥津
りつ	亥都
りつ	浬亜
りつ	浬次
りつ	浬尽
りつ	浬槻
りつ	浬鶴
りつ	浬斗
りつ	織柘
りつ	哩嗣
りつ	椋月
りつ	椋紬
りつ	椋斗
りつ	利継
りつ	利嗣
りつ	利尽
りつ	利通
りつ	利柘
りつ	利斗
りつ	吏都
りつ	吏亜
りつ	吏継
りつ	吏弦
りつ	吏嗣
りつ	吏悉
りつ	吏尽
りつ	吏繕
りつ	吏柘
りつ	吏斗
りつ	吏紡
りつ	吏律
りつ	吏連
りつ	吏亞
りつ	李亜
りつ	李継
りつ	李次
りつ	李悉
りつ	李積
りつ	李通
りつ	李斗
りつ	李律
りつ	梨柘
りつ	理都
りつ	理継
りつ	理月
りつ	理嗣
りつ	理尽
りつ	理築
りつ	理通
りつ	理柘
りつ	理斗
りつ	理連
りつ	璃月
りつ	璃次
りつ	璃通
りつ	璃柘
りつ	璃斗
りつ	裡継
りつ	裡尽
りつ	裡津
りつ	里継
りつ	里嗣
りつ	里通
りつ	里柘
りつ	里斗
りつ	律月
りつ	律弦
りつ	律図
りつ	律槻
りつ	律紬
りつ	律斗
りつ	律紡
りつ	立津
りつ	立都
りつ	流都
りつ	稜継
りつ	稜悉
りつ	稜都
りつ	俐亜
りつ	俐継
りつ	俐月
りつ	俐弦
りつ	俐嗣
りつ	俐尽
りつ	俐積
りつ	俐通
りつ	俐柘
りつ	俐斗
りつ	俐附
りつ	俐律
りつ	凛継
りつ	凛通
りつ	凛斗
りつ	慄
りつ	稟都
りつ	莉都
りつ	莉継
りつ	莉嗣
りつ	莉悉
りつ	莉通
りつ	莉柘
りつ	莉斗
りつ	黎斗
りつ	凜都
りと	亥兜
りと	浬音
りと	浬兜
りと	浬士
りと	浬斗
りと	浬杜
りと	浬都
りと	浬翔
りと	哩十
りと	哩人
りと	哩徒
りと	哩斗
りと	哩都
りと	有翔
りと	利士
りと	利人
りと	利仁
りと	利太
りと	利徒
りと	利斗
りと	利杜
りと	利登
りと	利飛
りと	利翔
りと	吏音
りと	吏叶
りと	吏采
りと	吏疾
りと	吏人
りと	吏徒
りと	吏斗
りと	吏渡
りと	吏登
りと	吏冬
りと	吏飛
りと	吏利
りと	吏翔
りと	李都
りと	李戸
りと	李士
りと	李釈
りと	李十
りと	李人
りと	李仁
りと	李徒
りと	李斗
りと	李杜
りと	李登
りと	李冬
りと	李燈
りと	李飛
りと	李橙
りと	李翔
りと	梨戸
りと	梨人
りと	梨達
りと	梨杜
りと	梨登
りと	梨把
りと	梨飛
りと	梨百
りと	理音
りと	理采
りと	理士
りと	理十
りと	理人
りと	理兎
りと	理徒
りと	理斗
りと	理登
りと	理途
りと	理土
りと	理刀
りと	理把
りと	理飛
りと	理敏
りと	理橙
りと	璃虎
りと	璃士
りと	璃人
りと	璃仁
りと	璃登
りと	璃土
りと	璃冬
りと	璃泊
りと	璃飛
りと	璃百
りと	璃与
りと	璃留
りと	璃橙
りと	璃翔
りと	裏兎
りと	裡乙
りと	裡士
りと	裡斗
りと	裡杜
りと	裡都
りと	裡土
りと	里士
りと	里人
りと	里説
りと	里登
りと	里燈
りと	里百
りと	里富
りと	里橙
りと	里翔
りと	陸士
りと	陸斗
りと	流翔
りと	琉人
りと	琉仁
りと	琉斗
りと	琉翔
りと	旅人
りと	亮智
りと	凌人
りと	凌仁
りと	凌翔
りと	稜土
りと	力与
りと	瑠人
りと	怜士
りと	鈴飛
りと	麗音
りと	麗仁
りと	麗徒
りと	麗斗
りと	麗杜
りと	麗冬
りと	麗翔
りと	俐音
りと	俐士
りと	俐十
りと	俐人
りと	俐仁
りと	俐杜
りと	俐登
りと	俐冬
りと	俐把
りと	俐飛
りと	俐翔
りと	凛戸
りと	凛士
りと	凛十
りと	凛人
りと	凛仁
りと	凛斗
りと	凛杜
りと	凛登
りと	凛土
りと	凛冬
りと	凛飛
りと	凛門
りと	凛翔
りと	莉士
りと	莉十
りと	莉人
りと	莉兎
りと	莉徒
りと	莉杜
りと	莉冬
りと	莉飛
りと	莉豊
りと	莉門
りと	黎音
りと	黎采
りと	黎人
りと	黎兎
りと	黎斗
りと	黎登
りと	黎都
りと	黎飛
りと	黎翔
りと	凜士
りと	凜人
りと	凜仁
りと	凜斗
りと	凜都
りと	凜飛
りと	凜翔
りょう	綾海
りょう	綾生
りょう	綾佑
りょう	漁
りょう	享
りょう	梨陽
りょう	理陽
りょう	竜
りょう	龍生
りょう	侶右
りょう	侶烏
りょう	侶羽
りょう	侶雨
りょう	侶卯
りょう	侶鵜
りょう	侶樹
りょう	侶生
りょう	侶兎
りょう	侶優
りょう	侶有
りょう	旅宇
りょう	旅羽
りょう	旅雨
りょう	旅卯
りょう	旅兎
りょう	亮羽
りょう	亮生
りょう	亮佑
りょう	凌宇
りょう	凌羽
りょう	凌海
りょう	凌生
りょう	涼羽
りょう	涼央
りょう	涼生
りょう	猟
りょう	稜羽
りょう	稜央
りょう	稜生
りょう	良生
りょう	諒央
りょう	諒有
りょう	遼羽
りょう	遼生
りょう	量
りょう	陵生
りょう	領
りょう	嶺生
りょう	怜生
りょう	霊
りょう	呂兎
りょう	凉生
りょう	凛陽
りょう	崚宇
りょう	崚羽
りょう	崚生
りょう	燎生
りん	璃武
りん	隣
るあ	琉安
るあ	琉吾
るあ	琉充
るあ	留吾
るあ	隆吾
るい	類
るい	海
るい	月星
るい	光斐
るい	蕗緯
るい	劉偉
るい	劉惟
るい	流伊
るい	流偉
るい	流夷
るい	流威
るい	流意
るい	流維
るい	流亥
るい	流一
るい	流壱
るい	流光
るい	流行
るい	流泉
るい	琉
るい	琉葦
るい	琉位
るい	琉偉
るい	琉夷
るい	琉威
るい	琉意
るい	琉椅
るい	琉異
るい	琉緯
るい	琉井
るい	琉亥
るい	琉一
るい	琉壱
るい	琉云
るい	琉居
るい	琉五
るい	琉行
るい	琉色
るい	琉泉
るい	琉鋳
るい	琉猪
るい	琉道
るい	琉斐
るい	琉要
るい	琉倭
るい	琉已
るい	留位
るい	留偉
るい	留夷
るい	留委
るい	留威
るい	留一
るい	留壱
るい	隆伊
るい	隆偉
るい	隆夷
るい	隆惟
るい	隆一
るい	隆生
るい	瑠位
るい	瑠囲
るい	瑠威
るい	瑠意
るい	瑠為
るい	瑠緯
るい	瑠井
るい	瑠郁
るい	瑠壱
るい	瑠云
るい	瑠行
るい	瑠斐
るい	瑠已
るい	塁斗
るい	塁唯
るう	流
るう	流雨
るう	流優
るう	琉生
るう	琉優
るう	琉友
るう	琉有
るう	琉侑
るう	瑠生
るか	瀧翔
るか	劉架
るか	流可
るか	流海
るか	流環
るか	流翔
るか	琉河
るか	琉火
るか	琉駕
るか	琉莞
るか	琉駆
るか	琉圭
るか	琉哉
るか	琉日
るか	琉珈
るか	留海
るか	隆嘉
るか	隆夏
るか	隆叶
るか	瑠菓
るか	瑠駕
るか	瑠克
るか	塁翔
れい	令維
れい	伶伊
れい	伶偉
れい	伶惟
れい	伶為
れい	伶已
れい	怜以
れい	怜伊
れい	怜偉
れい	怜威
れい	怜好
れい	怜已
れい	玲伊
れい	玲委
れい	玲威
れい	玲惟
れい	玲椅
れい	玲為
れい	玲緯
れい	玲亥
れい	玲一
れい	玲行
れい	玲泉
れい	玲要
れい	玲倭
れい	玲已
れい	麗威
れい	麗唯
れい	蓮生
れい	莉青
れん	練
れん	レン
れん	鎌
れん	琉
れん	伶武
れん	怜々
れん	怜武
れん	玲武
れん	漣楓
れん	練
れん	蓮楓
れん	蓮夢
れん	錬
れん	澪
わかさ	若狭
わかさ	若狹
わかさ	稚桜
