あいか	愛雅
あいか	愛叶
あいか	愛輝
あいか	愛蘭
あいか	愛和
あいか	愛絆
あいか	愛翔
あいか	葵花
あいか	和奏
あいこ	愛恋
あいこ	和子
あいこ	和心
あいさ	愛佐
あいさ	愛沙
あいさ	愛咲
あいさ	愛桜
あいさ	和沙
あいさ	和咲
あいさ	和紗
あいしゃ	愛沙
あいな	愛永
あいな	愛樹
あいな	愛生
あいな	愛和
あいな	愛絆
あいな	美南
あいね	愛音
あいね	愛希
あいね	和音
あいね	和子
あいの	愛音
あいの	藍希
あいの	和希
あいは	愛絆
あいは	葵羽
あいみ	愛真
あいみ	愛生
あいみ	美海
あいみ	望美
あいみ	和美
あいみ	和未
あいら	愛
あいら	愛音
あいら	愛輝
あいら	愛空
あいら	愛咲
あいら	愛桜
あいら	愛来
あいら	愛蘭
あいら	相良
あいり	愛月
あいり	愛織
あいり	愛怜
あいる	愛月
あいる	愛夢
あいる	愛琉
あいる	愛路
あいる	愛絆
あいる	藍月
あおか	葵花
あおか	蒼海
あおか	碧海
あおな	葵和
あおな	青波
あおな	蒼波
あおな	蒼和
あおね	葵音
あおね	青音
あおね	蒼希
あおね	碧音
あおの	碧泉
あおは	葵羽
あおは	葵花
あおは	葵晴
あおは	葵巴
あおは	葵波
あおは	葵葉
あおは	青羽
あおは	青波
あおは	青芭
あおは	青葉
あおは	蒼羽
あおは	蒼晴
あおは	蒼生
あおは	蒼波
あおは	蒼芭
あおは	蒼葉
あおは	碧羽
あおは	碧巴
あおは	碧波
あおは	碧芭
あおは	碧葉
あおみ	葵海
あおみ	蒼海
あおみ	碧海
あおり	愛織
あかね	茜
あかね	光
あかね	紅音
あかね	紅葉
あかね	朱李
あかね	秋音
あかり	茜里
あかり	茜莉
あかり	映
あかり	希星
あかり	月
あかり	光
あかり	光里
あかり	光莉
あかり	彩
あかり	朱
あかり	朱浬
あかり	朱利
あかり	朱李
あかり	朱理
あかり	朱璃
あかり	朱里
あかり	朱俐
あかり	朱凛
あかり	朱莉
あかり	澄空
あかり	星
あかり	星夏
あかり	星空
あかり	太陽
あかり	灯
あかり	燈
あかり	明
あかり	明空
あかり	耀
あかり	陽
あきえ	明咲
あきか	知佳
あきか	明佳
あきこ	晶
あきね	輝音
あきね	秋音
あきの	秋音
あきは	空羽
あきは	陽晴
あきほ	秋穂
あきみ	紀美
あきみ	昌美
あきみ	昭美
あきみ	成美
あきみ	明海
あきみ	和美
あけみ	朱
あげは	葵羽
あこ	亜恋
あこ	愛来
あこ	愛恋
あこ	杏恋
あこ	彩来
あこ	明来
あこ	和子
あこ	和心
あさか	旭日
あさか	朝日
あさか	麻嘉
あさな	愛真
あざみ	紫苑
あすな	亜沙
あすな	愛沙
あすは	飛羽
あすみ	愛紀
あずき	愛月
あずき	梓月
あずさ	梓
あずさ	杏桜
あずな	亜沙
あずな	愛沙
あずな	愛絆
あつみ	宏海
あつみ	春美
あつみ	淳生
あつみ	暖美
あづさ	梓
あのん	愛音
あのん	愛叶
あのん	愛希
あのん	葵音
あのん	綾希
あのん	雨音
あのん	空音
あのん	紅音
あのん	彩音
あのん	青音
あのん	碧音
あのん	和音
あみ	亜珠
あみ	愛
あみ	葵海
あみ	雅美
あみ	彩生
あみ	碧海
あみ	明海
あみ	明夢
あみ	和心
あみり	杏璃
あめり	天寧
あめり	天李
あめり	天璃
あめり	天里
あめり	天莉
あやか	恵叶
あやか	彩
あやか	彩日
あやか	彩風
あやか	朱加
あやさ	空優
あやさ	彩桜
あやせ	彩生
あやせ	綺星
あやな	彩
あやな	彩音
あやな	彩樹
あやな	彩生
あやな	彩来
あやな	彩和
あやな	采愛
あやな	采和
あやね	愛音
あやね	葵音
あやね	綾音
あやね	英音
あやね	恵音
あやね	彩音
あやね	彩希
あやね	史音
あやね	理音
あやの	彩音
あやの	彩希
あやほ	綺星
あやみ	彩生
あやみ	理美
あやめ	采愛
あやめ	理愛
あやり	朱理
あやり	朱莉
あやり	礼璃
あゆい	歩生
あゆう	葵優
あゆう	空優
あゆな	歩来
あゆね	歩音
あゆは	歩羽
あゆみ	步
あゆみ	渉
あゆみ	歩
あゆみ	歩生
あゆみ	歩夢
あゆめ	亜夢
あゆめ	愛夢
あゆめ	歩夢
あゆら	歩来
ありあ	蒼空
ありか	歩
ありか	有翔
ありさ	愛
ありさ	愛咲
ありさ	愛桜
ありさ	有桜
ありす	光珠
ありな	愛生
ありみ	益美
ありん	有凛
あるな	亜月
あるな	愛月
あんじゅ	愛慈
あんじゅ	愛樹
あんじゅ	杏
あんず	杏
あんな	愛月
あんな	愛和
あんな	杏
あんな	杏梨
あんな	夢
あんね	杏
いくえ	生衣
いくみ	郁
いくむ	育
いちか	伊央
いちか	依央
いちか	依慈
いちか	依真
いちか	惟央
いちか	維央
いちか	一海
いちか	一輝
いちか	一慶
いちか	一芭
いちか	一翔
いちか	逸佳
いちか	泉実
いちか	都加
いちか	都和
いちか	唯央
いちこ	一心
いちご	苺
いちは	一晴
いちは	一芭
いちは	一葉
いちほ	一帆
いちほ	一歩
いちほ	一穂
いちよう	一葉
いっき	一嬉
いつみ	愛
いつみ	伊津美
いつみ	一実
いつみ	一美
いつみ	一望
いつみ	一未
いつみ	五三
いつみ	五巳
いつみ	樹実
いづみ	伊津美
いづみ	出美
いづみ	泉
いよ	一世
いよ	一葉
いよ	音陽
いよ	弥
いろは	紅羽
いろは	紅葉
いろは	彩生
いろは	彩蓮
いろは	采
いろは	采羽
うい	愛音
うい	羽音
うい	海生
うい	詩生
うい	初
うい	初音
うい	生衣
うい	優生
うい	憂
うい	侑生
ういな	愛生
うたね	詩音
うたの	優楽
うたは	詩生
うづき	愛月
うづき	羽月
うづき	海月
うの	愛音
うの	羽音
うぶ	初
うぶ	生
うみほ	海帆
うらら	羽音
うらら	心良
うらら	麗
うらん	愛蘭
うらん	海蘭
うらん	樹蘭
うらん	美藍
うらん	美蘭
うるみ	潤
うるみ	麗
えいか	瑛海
えいみ	瑛海
えいり	央里
えな	永愛
えな	永和
えな	恵愛
えな	恵樹
えま	愛真
えま	依真
えま	永愛
えみ	瑛海
えみ	恵生
えみ	咲
えみか	咲日
えむ	愛夢
えむ	恵夢
えり	衣理
えり	衣里
えり	絵梨
えり	絵理
えり	絵璃
えり	絵里
えりん	絵梨
えりん	麗愛
える	愛琉
える	愛路
える	衣瑠
える	映瑠
える	瑛琉
える	英琉
える	英瑠
える	詠瑠
えれな	愛月
えれん	愛月
えれん	愛恋
えれん	愛蓮
えれん	愛連
えれん	永愛
おうか	桜架
おうか	桜蘭
おうか	桜翔
おとあ	音亜
おとあ	音愛
おとあ	音空
おとか	乙和
おとね	乙音
おとね	桜音
おとは	音羽
おとは	音生
おとは	音陽
おとめ	音愛
おとわ	乙和
おとわ	音羽
おとわ	音和
おりえ	織
かいよう	開陽
かえら	楓愛
かおり	郁
かおり	佳織
かおり	加織
かおり	嘉織
かおり	夏織
かおり	花織
かおり	馨
かおり	薫
かおり	香
かおり	香織
かおり	香梨
かおり	香里
かおり	芳
かこ	夏来
かこ	夏來
かすみ	一純
かすみ	一澄
かすみ	一美
かすみ	佳純
かすみ	佳澄
かすみ	花澄
かすみ	香住
かすみ	香純
かすみ	香澄
かすみ	春海
かすみ	春美
かすみ	春巳
かずえ	和衣
かずこ	和子
かなえ	叶
かなえ	叶愛
かなえ	夢
かなね	愛音
かなね	叶音
かなね	奏音
かなは	叶羽
かなは	奏羽
かなほ	奏歩
かなみ	叶海
かなみ	叶夢
かなり	叶愛
かなん	可南
かなん	叶夢
かなん	香奈
かなん	奏音
かの	佳音
かの	叶
かの	奏音
かのは	叶羽
かのん	愛絆
かのん	音羽
かのん	佳音
かのん	加音
かのん	可南
かのん	海音
かのん	叶愛
かのん	叶音
かのん	叶夢
かのん	輝音
かのん	空音
かのん	圭音
かのん	香音
かのん	桜音
かのん	心温
かのん	奏音
かのん	和音
かのん	栞音
かのん	翔音
かほ	一帆
かほ	一穂
かほ	加穂
かほ	海帆
かほ	奏歩
かほ	風帆
かほ	芳
かほ	和帆
かほ	和美
かほ	和歩
かほ	和穂
かほり	薫
かほり	香里
かや	夏陽
かや	茅
かや	草
かよ	佳依
かよ	加依
かよ	華依
かよ	華陽
かりん	海鈴
かりん	海凛
かりん	海凜
かりん	香梨
かれん	愛恋
かれん	叶愛
かれん	星空
かんな	叶愛
かんな	香奈
かんな	奏
きあら	絆愛
きえ	葵依
きえ	葵衣
きえ	希愛
きき	葵生
きき	希生
きき	季生
きき	彩樹
きき	樹希
きき	樹季
きき	樹紀
きき	樹生
きき	絆希
きく	希空
きく	菊
きく	樹来
きく	生空
きこ	希光
きさ	芽
きさ	萌
きさ	萠
きさき	妃
きせい	綺星
きの	希音
きほ	希星
きほ	玖歩
きほ	綺星
きみ	葵海
きみ	希海
きみ	希実
きみ	希美
きみ	紀美
きみ	輝海
きみ	輝美
きみ	公
きみ	樹実
きみ	来未
きょうか	叶奏
きょうこ	杏恋
きよか	汐夏
きよか	聖夏
きよな	汐夏
きよな	清奈
きよな	清那
きよな	清凪
きよな	聖夏
きよな	聖菜
きよな	聖七
きよな	聖奈
きよね	聖
きよみ	健美
きよみ	澄
きよみ	雪
きよみ	碧海
きよら	心良
きよら	澄空
きよら	清羅
きよら	聖
きよら	聖羅
きよら	聖良
きより	希愛
きより	希和
きらら	希星
きらら	稀月
きらら	輝
きらら	輝美
きらら	燦
きらら	翠
きらら	星空
きらら	煌
きらら	綺
きらら	綺星
くみ	雲海
くみ	功美
くみ	来未
くみ	綸
くらら	桜蘭
くれあ	來空
くれあ	絆愛
くれは	紅羽
くれは	紅葉
くれは	来羽
くれは	來羽
けいか	佳叶
けいな	恵愛
けいな	瑞月
こうみ	光海
こうみ	光美
こうみ	功美
こうみ	宏美
ここあ	彩
ここあ	心温
ここあ	心綺
ここな	心來
ここな	優
ここね	愛音
ここね	心温
ここね	心音
ここの	九
ここは	葉
ことな	采和
ことね	詞音
ことね	詩音
ことね	信音
ことね	心音
ことね	奏音
ことね	理音
ことの	詩音
ことは	采羽
ことぶき	寿
ことほ	寿
ことみ	紀美
ことみ	寿美
ことり	紀里
ことり	理織
このか	杏桜
このか	喜
このか	希春
このか	希悠
このか	希遥
このか	希陽
このか	湖羽
このか	胡羽
このか	胡桃
このか	瑚羽
このか	光美
このか	好
このか	紅羽
このか	子温
このか	心温
このか	心音
このか	虹羽
このか	日和
このか	陽
このか	来羽
このか	来華
このか	琉
このか	來羽
このか	琥
このか	琥羽
さい	彩
さい	彩生
さい	采
さい	菜
さいか	彩日
さいか	彩風
さえ	冴
さえ	咲
さえ	桜衣
さえら	彩蘭
さお	彩音
さお	彩桜
さお	彩和
さお	桜音
さおり	彩織
さおり	里織
さきか	咲日
さくら	花
さくら	彩桜
さくら	咲
さくら	桜
さくら	桜生
さくら	桜舞
さくら	桜羅
さくら	桜蘭
さくら	桜良
さくら	秋桜
さくら	春
さくら	春華
さくら	千桜
さくら	櫻
ささ	楽
ささ	彩桜
さち	倖
さち	幸
さち	祥
さち	福
さち	祐
さち	禄
さつき	五月
さつき	彩希
さつき	皐
さつき	颯来
さとえ	怜依
さとな	聖菜
さとな	聖那
さとね	慧音
さとね	里音
さとみ	理美
さとり	覚
さとり	智
さなみ	真海
さなみ	真美
さほ	佐美
さや	沙陽
さや	彩
さや	咲陽
さや	桜陽
さや	紗
さや	紗陽
さや	清
さや	爽
さやか	快
さやか	彩
さやか	晶
さやか	晴
さやか	清
さやか	爽
さやか	涼
さやか	颯
さやな	清奈
さやな	清那
さやな	清凪
さやね	彩音
さゆ	冴
さゆき	彩生
さよ	咲陽
さよ	桜良
さよ	紗陽
さより	彩和
さより	桜依
さら	愛
さら	幸空
さら	彩
さら	彩桜
さら	彩生
さら	彩来
さら	彩蘭
さら	桜羅
さら	桜蘭
さら	桜良
さら	新
さら	爽楽
さら	爽良
さら	颯来
さら	颯良
さらん	愛
さらん	愛蘭
さらん	彩蘭
さらん	桜蘭
さり	桜里
さり	桜莉
さわ	彩和
さわ	采和
さわ	皐
さわ	爽
しえる	雫月
しおか	汐夏
しおな	汐夏
しおね	詩音
しおね	汐音
しおね	織音
しおね	潮音
しおね	栞音
しおり	糸織
しおり	織
しおり	栞
しずか	穏
しずか	希
しずか	玄
しずか	静
しずか	禅
しずか	惺
しずな	惺南
しずな	惺梛
しずね	雫音
しずね	寧音
しづく	紫月
しづく	詩月
しのん	梓音
しのん	志音
しのん	紫音
しのん	詩音
しのん	汐音
しのん	心温
しのん	星音
しほ	汐
しほり	栞
しま	梓真
しま	梓眞
しま	志麻
しゅい	珠衣
しゅい	珠唯
しゅか	朱加
しゅか	春華
しゅな	珠己
しゅな	珠梨
しゅんか	春華
しょうこ	星来
しょうこ	青空
しょうな	聖那
しんじゅ	真珠
しんじゅ	真寿
しんじゅ	真樹
じゅえり	希理
じゅじゅ	珠樹
じゅじゅ	寿樹
じゅな	珠己
じゅな	珠生
じゅな	樹和
じゅり	朱浬
じゅり	朱李
じゅり	朱理
じゅり	朱璃
じゅり	朱里
じゅり	朱俐
じゅり	朱凛
じゅり	朱莉
じゅり	珠利
じゅり	珠吏
じゅり	珠李
じゅり	珠梨
じゅり	珠理
じゅり	珠琉
じゅり	珠凛
じゅり	珠稟
じゅり	樹
じゅり	樹里
じゅり	樹琉
すず	紗
すず	涼
すず	鈴
すず	凉
すずか	涼
すずか	涼風
すずな	愛絆
すずね	涼音
すずみ	寿美
すずみ	涼
すみか	澄海
すみか	遥禾
すみか	遥風
すもも	李
せいか	瀬夏
せいか	星夏
せいか	星空
せいか	晴佳
せいか	晴夏
せいか	晴架
せいか	晴叶
せいか	晴香
せいか	聖夏
せいこ	星来
せいな	世菜
せいな	世奈
せいな	世那
せいな	世凪
せいな	世南
せいな	瀬菜
せいな	瀬奈
せいな	瀬那
せいな	瀬名
せいな	成那
せいな	成梛
せいな	星夏
せいな	星七
せいな	星樹
せいな	星渚
せいな	星成
せいな	星奈
せいな	星那
せいな	星凪
せいな	星南
せいな	星波
せいな	星名
せいな	星来
せいな	星流
せいな	星和
せいな	星梛
せいな	晴夏
せいな	晴菜
せいな	晴奈
せいな	晴那
せいな	晴凪
せいな	晴南
せいな	清奈
せいな	清那
せいな	清凪
せいな	聖夏
せいな	聖菜
せいな	聖心
せいな	聖奈
せいな	聖那
せいな	聖凪
せいな	醒那
せいな	青生
せいな	惺凪
せいな	惺南
せり	星里
せり	千璃
せり	千凛
せり	千莉
せれな	星南
せれな	蒼月
その	園
その	苑
その	奏音
そよ	奏良
そよ	蒼葉
そらね	空羽
そらね	空音
そらね	天音
そらね	碧音
そらの	空音
そらの	空希
たえ	糸
たえ	紗
たかこ	天子
たかこ	和子
たかね	天音
たかね	天祢
たまえ	珠衣
たまえ	珠枝
たまな	珠樹
たまみ	玖
たまみ	珠生
たまみ	珠美
たまみ	太真己
たまみ	太摩己
たまみ	太万己
たまみ	碧海
たまみ	碧波
たまよ	珠良
たみ	黎
ちあき	千影
ちあき	千聖
ちあき	千陽
ちあき	千璃
ちあき	智陽
ちえ	千種
ちえ	智
ちさ	愛桜
ちさ	一咲
ちさ	一紗
ちさ	千沙
ちさ	千桜
ちさ	千早
ちさ	知桜
ちさ	智早
ちさ	椿沙
ちさき	千祥
ちさと	千聖
ちさと	千都
ちさと	千里
ちさと	知聖
ちさと	智惺
ちすず	千鈴
ちず	千寿
ちず	千都
ちづ	千都
ちとせ	千寿
ちとせ	千都
ちな	千那
ちな	千凪
ちなみ	千洋
ちはな	知花
ちほ	一穂
ちほ	千星
ちほ	祐穂
ちゆ	千優
ちゆ	千悠
ちゆ	千祐
ちゆ	智悠
ちゆき	千喜
ちゆき	千祥
ちよ	千桜
ちよ	千世
ちよ	千陽
ちよ	知世
ちよ	智世
ちり	千浬
ちり	千理
ちり	千璃
ちり	千里
ちり	千凛
ちり	千莉
つぐみ	亜珠
つぐみ	益美
つぐみ	紀美
つぐみ	緒生
つばき	椿
つぼみ	芽
つぼみ	蕾
つむぎ	紬
つむぎ	紡
てぃな	星奈
てぃな	美月
てんね	天音
てんね	天寧
とうか	橙和
ともえ	登萌
ともえ	巴
ともか	大愛
ともか	知佳
ともか	知花
ともか	朝日
ともか	悠華
ともな	那奈
ともね	知音
ともは	朝葉
ともみ	誠実
ともみ	那未
ともみ	呂美
ともよ	知世
ともよ	智世
なえ	奈愛
なえ	那咲
なえ	凪咲
なおみ	治美
なおみ	真実
なおみ	正美
なこ	凪冴
なこ	和心
なち	捺
なちか	愛真
なちか	永愛
なちか	奈愛
なつえ	夏依
なつえ	夏衣
なつか	夏楓
なつこ	夏来
なつな	夏維
なつな	夏来
なつな	夏絆
なつは	夏生
なつほ	七星
なつみ	夏生
なつめ	捺
なつよ	夏陽
なつる	夏瑠
なつる	翔
なづき	菜月
なづき	奈月
なづき	奈津希
なづき	那月
なづき	凪月
なづき	南月
なづき	和月
なづき	梛月
なづな	捺生
ななえ	七星
ななか	奈央
ななね	七音
ななほ	七星
ななみ	七生
ななみ	南波
ななみ	和心
ななみ	和波
ななよ	菜々世
ななよ	七世
なのは	和葉
なのん	七音
なのん	凪音
なのん	波音
なほ	七星
なほ	尚
なほ	奈保
なほ	那星
なほ	和帆
なほ	和歩
なほ	和穂
なりみ	成海
なりみ	成実
なりみ	成美
なりみ	鳴美
にいな	仁愛
にか	仁和
にか	日花
にか	日和
にこ	莞
にこ	咲
にこ	虹
にこ	日香
にこ	和
にこ	和心
にな	仁愛
にな	仁和
にな	日菜
ねい	音生
ねい	寧
ねい	寧生
ねいな	寧和
ねね	愛音
ねね	希音
ねね	初音
ねね	祢音
ねね	寧音
ねね	寧希
のあ	愛空
のあ	永愛
のあ	音愛
のあ	音羽
のあ	音空
のあ	叶愛
のあ	希亜
のあ	希愛
のあ	希海
のあ	希空
のあ	希宙
のあ	希明
のあ	空
のあ	空愛
のあ	望海
のあ	和音
のあん	叶愛
のあん	希愛
のえる	聖
のえる	聖生
のえる	天使
のどか	温
のどか	穏
のどか	和
のどか	和奏
のの	楽
のの	希愛
のの	希望
のの	暖
のりか	知佳
のりこ	天子
はすね	蓮音
はずき	葉月
はつね	初音
はつね	葉音
はつほ	一歩
はづき	羽月
はづき	花月
はづき	華月
はづき	初季
はづき	晴月
はづき	生月
はづき	葉月
はな	瑛
はな	英
はな	花
はな	華
はな	晴夏
はな	晴菜
はな	晴奈
はな	晴那
はな	晴凪
はな	晴南
はな	芭
はな	芳
はな	葉生
はなえ	花依
はなえ	花衣
はなえ	華依
はなえ	華衣
はなこ	花衣
はなね	英音
はなび	華陽
はなよ	花依
はなよ	華陽
はの	葉音
はのん	羽音
はのん	彩音
はのん	波音
はのん	葉音
はやか	颯海
はゆ	葉優
はゆみ	羽
はゆる	映
はゆる	映流
はるあ	青空
はるえ	華依
はるこ	天子
はるこ	悠杏
はるな	羽月
はるな	桜成
はるな	桜生
はるな	春陽
はるな	榛
はるな	晴夏
はるな	晴菜
はるな	晴奈
はるな	晴那
はるな	晴凪
はるな	晴南
はるな	東和
はるな	日菜
はるな	美南
はるな	美来
はるな	悠夏
はるな	陽月
はるな	陽奈
はるな	遼夏
はるね	桜音
はるね	美音
はるほ	暖穂
はるほ	悠帆
はるほ	悠歩
はるよ	春世
はるよ	晴世
はるよ	陽世
はるる	華琉
はるる	華瑠
はるる	春流
はるる	春琉
はるる	春留
はるる	春瑠
はるる	晴流
はるる	晴琉
はるる	晴留
はるる	晴瑠
はるる	美月
はるる	悠流
はるる	悠瑠
はるる	遥留
はんな	英
はんな	花
はんな	華
はんな	絆愛
ひいろ	柊呂
ひいろ	陽葵
ひおり	一織
ひさの	弥乃
ひさみ	寿美
ひでほ	愛生
ひでほ	未
ひとえ	仁愛
ひとみ	一見
ひとみ	一実
ひとみ	一心
ひとみ	一水
ひとみ	一生
ひとみ	一美
ひとみ	一未
ひとみ	潤
ひとみ	仁
ひとみ	瞳
ひとみ	陽美
ひなこ	陽香
ひなこ	陽心
ひなつ	聖夏
ひなつ	日夏
ひなつ	陽夏
ひなの	日菜
ひなの	陽希
ひなみ	陽海
ひなみ	陽実
ひなみ	陽心
ひなみ	陽美
ひばり	陽晴
ひばり	麗
ひまり	愛葵
ひまり	日和
ひまり	陽
ひまり	陽葵
ひまわり	太陽
ひまわり	陽葵
ひみ	陽海
ひみ	陽美
ひめ	妃
ひめ	姫
ひめか	杏梨
ひよ	陽世
ひより	希音
ひより	晴
ひより	日歌
ひより	日和
ひより	飛和
ひより	陽
ひより	陽葵
ひより	凛和
ひらり	姫
ひらり	舞
ひろこ	天子
ひろこ	裕己
ふうあ	楓愛
ふうな	楓愛
ふうわ	楓羽
ふうわ	風羽
ふき	吹
ふき	芙生
ふき	蕗
ふき	歩希
ふき	歩季
ふみか	文月
ふゆ	冬
ふゆ	那
ふゆ	風優
ふゆ	歩結
ふゆめ	歩夢
ふわり	雲
ふわり	舞
ふわり	歩羽
べにお	紅音
ほしな	星夏
ほしな	星七
ほしな	星多
ほしな	星奈
ほしな	星那
ほしな	星南
ほしな	星名
ほなみ	星南
ほなみ	星波
ほのか	暖
ほのか	穂
ほのか	和奏
ほのか	洸
ほのり	穂紀
ほのり	穂里
まあや	真采
まあや	真礼
まあや	万純
まあや	茉采
まい	桜舞
まい	蒔
まい	舞
まい	麻依
まい	夢
まい	麗依
まい	苺
まいか	舞夏
まいな	舞夏
まいね	舞音
まいや	眞弥
まう	愛生
まう	真海
まう	舞
まう	茉優
まえ	舞
まおり	愛織
まさな	真夏
ましろ	真珠
まじゅ	真珠
まじゅ	真寿
まじゅ	真樹
まじゅ	麻寿
まじゅ	麻樹
まじゅ	万樹
まち	茉
まどか	愛
まどか	彩
まどか	望
まどか	和
まなえ	愛永
まなか	愛央
まなか	愛雅
まなか	愛叶
まなか	愛蘭
まなか	愛和
まなか	愛翔
まなか	心
まなか	真央
まなか	真嘉
まなか	真海
まなか	真心
まなか	真翔
まなか	茉央
まなみ	愛
まなみ	愛真
まなみ	愛生
まなみ	真海
まなみ	真己
まなみ	真実
まなみ	真珠
まなみ	真心
まなみ	真波
まなみ	真美
まなみ	南波
まなみ	麻比
まのん	愛音
まのん	真音
まのん	舞音
まのん	万音
まひな	希陽
まひな	真陽
まみ	雅美
まみ	蒔実
まみ	真海
まみ	真己
まみ	真実
まみ	真珠
まみ	真心
まみ	真美
まみ	真巳
まみ	真弥
まみ	万美
まみ	万弥
まみ	眞弥
まみ	茉弥
まや	希優
まや	真弥
まや	麻陽
まや	万弥
まや	眞弥
まや	茉弥
まゆ	真優
まゆ	真裕
まゆ	麻裕
まゆ	万優
まゆ	万裕
まゆ	満優
まゆ	優
まゆ	眞優
まゆ	眞裕
まゆ	茉祐
まゆ	茉優
まゆ	茉祐
まゆ	茉裕
まゆう	真優
まゆう	万優
まゆう	万裕
まゆう	友優
まゆう	茉優
まゆう	茉祐
まよ	真陽
まよ	麻依
まよ	万葉
まり	克
まり	実里
まり	莉
まりあ	愛
まりあ	聖
まりあ	莉愛
まりん	葵海
まりん	夏
まりん	海
まりん	海音
まりん	海波
まりん	海鈴
まりん	海凛
まりん	海凜
まりん	稀梨
まりん	真海
まりん	真珠
まりん	蒼海
まりん	波音
まりん	舞音
まりん	碧海
まろん	愛夢
まろん	栗
みあ	海亜
みあ	海空
みあ	美愛
みあ	美藍
みあい	美愛
みあい	美藍
みあり	美愛
みあん	海杏
みい	海音
みい	海生
みい	珠衣
みい	美
みい	美愛
みい	美音
みいな	美愛
みいな	未奈
みう	愛生
みう	華
みう	海空
みう	海生
みう	珠生
みう	南生
みう	美愛
みう	美音
みう	美海
みう	碧海
みう	望海
みうな	美海
みうみ	美海
みえ	美愛
みえ	朋
みおね	澪音
みおり	泉織
みおん	海音
みおん	実音
みおん	心温
みおん	心穏
みおん	心音
みおん	美音
みおん	美響
みおん	澪音
みか	海蘭
みか	瑳
みか	心輝
みか	聖夏
みか	美愛
みか	美海
みか	美蘭
みか	明佳
みき	海生
みき	海来
みき	海來
みき	幹
みき	光希
みき	光紀
みき	光樹
みき	実紀
みき	実来
みき	珠希
みき	珠季
みき	珠貴
みき	珠輝
みき	珠樹
みき	樹
みき	心輝
みき	心綺
みき	瑞樹
みき	泉利
みき	泉李
みき	美響
みき	美来
みき	未来
みき	未來
みく	愛空
みく	海空
みく	海来
みく	海來
みく	光来
みく	三來
みく	実来
みく	実來
みく	初音
みく	心來
みく	美来
みく	美來
みく	望来
みく	望來
みく	未来
みく	未來
みく	未徠
みく	明来
みく	弥来
みく	弥來
みくり	未来
みくり	未來
みくる	愛来
みくる	海來
みくる	光来
みくる	実来
みくる	実來
みくる	心來
みくる	美来
みくる	美來
みくる	望来
みくる	望來
みくる	望徠
みくる	未来
みくる	未來
みくる	弥来
みくる	弥來
みこ	実来
みこ	実來
みこ	美己
みこ	美來
みこ	望來
みこ	未来
みこ	未來
みこ	弥來
みこと	光理
みこと	真琴
みこと	真采
みこと	尊
みこと	満寿
みこと	未来翔
みこと	命
みさ	仁彩
みさ	明桜
みさき	彩桜
みさき	咲
みさと	海里
みさと	京
みさと	光里
みさと	実里
みさと	泉里
みすず	海鈴
みずき	瑞
みずき	瑞季
みずき	瑞月
みずき	瑞樹
みずき	瑞生
みずき	聖
みずき	泉巳
みずき	美月
みずき	美津希
みずき	望
みずほ	泉帆
みそら	海空
みそら	生空
みそら	都空
みそら	碧空
みそら	穹
みち	紀
みち	亨
みち	享
みち	径
みち	慶
みち	玄
みち	光
みち	充
みち	恕
みち	宙
みち	途
みち	芳
みち	満
みち	理
みち	倫
みち	路
みちか	海央
みちか	仁愛
みちか	美愛
みちる	光
みちる	光留
みちる	光瑠
みちる	充
みちる	満
みつみ	光海
みつみ	光美
みと	海音
みと	桜音
みと	実音
みと	心音
みと	南音
みと	美音
みと	望都
みどり	翠
みどり	碧
みどり	緑
みね	海音
みね	実音
みね	心音
みね	美音
みね	峯
みね	嶺
みのん	海音
みのん	実音
みのん	美音
みはる	光美
みはる	光流
みはる	史温
みはる	珠美
みはる	心温
みひろ	海央
みひろ	海洋
みひろ	美央
みほ	海帆
みみ	光美
みみ	美海
みみ	望未
みや	愛
みや	雅
みや	都
みやこ	京
みやこ	都
みやび	雅
みやび	雅実
みやび	雅美
みやび	美
みゅう	海
みゆ	音羽
みゆ	希優
みゆ	結
みゆ	心
みゆ	美愛
みゆ	満優
みゆ	由
みゆう	幸羽
みゆう	仁悠
みゆう	満優
みゆき	幸
みゆき	未来
みよ	光美
みり	海李
みり	海理
みり	海璃
みり	海里
みり	海凛
みり	海莉
みり	光李
みり	光梨
みり	光理
みり	光里
みり	光凛
みり	光莉
みり	桜莉
みり	実理
みり	実里
みり	実俐
みり	実莉
みり	珠李
みり	珠梨
みり	泉里
みり	里
みる	光流
みる	光留
みる	珠琉
みる	心月
みるく	未来
みれい	海礼
みれい	海麗
みれい	海莉
みれい	実莉
みれい	珠礼
みれい	美來
みれい	未来
みれい	麗生
みわ	愛和
みわ	実波
みわ	神
みわ	美愛
みわ	美波
みわ	弥波
むつみ	睦
むつみ	睦己
むつみ	睦生
むつみ	和美
むむ	夢向
めい	愛
めい	愛郁
めい	愛音
めい	愛生
めい	愛来
めい	葵
めい	芽
めい	海唯
めい	恵生
めい	五月
めい	萌
めい	夢
めい	命
めい	明
めい	明彩
めい	明生
めい	鳴
めいあ	明空
めいか	明佳
めいか	明輝
めいか	明日
めいみ	明海
めいみ	明生
めいみ	鳴美
めぐみ	愛
めぐみ	恩
めぐみ	芽
めぐみ	恵
めぐみ	恵愛
めぐみ	恵生
めぐみ	慶
めぐみ	光
めぐみ	幸
めぐみ	慈
めぐみ	珠
めぐみ	珠美
めぐみ	仁
めぐみ	徳
めぐみ	穂
めぐみ	萌
めぐみ	惠
めぐみ	萠
めぐる	愛桜
めぐる	愛来
めぐる	愛琉
めぐる	逢
めぐる	環
めぐる	周
めぐる	明来
めぐる	輪
めばえ	萌
めぶき	芽吹
めみ	萌
める	愛
める	愛月
める	愛琉
める	愛路
めろん	愛音
もあ	百和
もえ	朋
もえ	萌
もえ	萠
もえみ	愛咲
もとみ	素美
もな	百和
もも	杏
もも	桜
もも	桃
もも	百
もも	李
ももあ	李愛
ももか	百和
ももな	百和
ももね	李音
ももは	李生
もゆ	萌
やえ	陽咲
やこ	弥来
やすか	愛蘭
やすは	叶羽
やや	陽々
やよい	三月
やよい	春
やわら	和
ゆあら	結蘭
ゆい	惟
ゆい	維
ゆい	結
ゆい	結禾
ゆい	結生
ゆい	夢
ゆい	唯
ゆい	優
ゆい	優杏
ゆい	優生
ゆい	悠生
ゆい	有李
ゆい	柚衣
ゆい	柚生
ゆい	柚李
ゆい	由
ゆい	由絃
ゆい	祐李
ゆい	侑生
ゆいか	維栞
ゆいか	結禾
ゆいか	結蘭
ゆいか	結和
ゆいな	結生
ゆいな	結陽
ゆいな	結和
ゆいな	優和
ゆいね	結音
ゆいね	結禾
ゆいね	悠禾
ゆいは	結羽
ゆいは	由羽
ゆいほ	結帆
ゆいほ	結歩
ゆいみ	結珠
ゆいみ	結生
ゆいり	結有
ゆいり	結利
ゆいり	結吏
ゆいり	結李
ゆいり	結梨
ゆいり	結理
ゆいり	結里
ゆいり	結俐
ゆいり	結凛
ゆいり	結莉
ゆいり	結凜
ゆいり	彩希
ゆいり	悠梨
ゆいり	由李
ゆいり	由理
ゆいり	由莉
ゆうあ	結杏
ゆうあ	結歩
ゆうあ	優安
ゆうあ	優杏
ゆうあ	優雨
ゆうあ	優空
ゆうあ	優歩
ゆうあ	優和
ゆうあ	悠杏
ゆうあ	悠海
ゆうあ	悠歩
ゆうあ	柚葵
ゆうあ	柚杏
ゆうあ	柚有
ゆうあ	由歩
ゆうあ	裕歩
ゆうあ	侑杏
ゆうか	結禾
ゆうか	結蘭
ゆうか	結和
ゆうか	佑日
ゆうか	優海
ゆうか	優日
ゆうか	優和
ゆうか	悠佳
ゆうか	悠加
ゆうか	悠可
ゆうか	悠夏
ゆうか	悠珂
ゆうか	悠禾
ゆうか	悠華
ゆうか	悠叶
ゆうか	悠圭
ゆうか	悠日
ゆうか	悠楓
ゆうか	悠風
ゆうか	夕日
ゆうか	侑日
ゆうこ	優杏
ゆうな	結生
ゆうな	結梨
ゆうな	結和
ゆうな	夢月
ゆうな	佑和
ゆうな	優海
ゆうな	優生
ゆうな	優梨
ゆうな	優和
ゆうな	勇那
ゆうな	友和
ゆうな	悠夏
ゆうな	悠生
ゆうな	祐和
ゆうな	夕和
ゆうな	侑生
ゆうな	侑梨
ゆうな	侑和
ゆうね	結音
ゆうね	佑羽
ゆうね	優羽
ゆうの	結音
ゆうは	結羽
ゆうは	結生
ゆうは	佑羽
ゆうは	優羽
ゆうは	優陽
ゆうは	悠羽
ゆうは	柚羽
ゆうは	由羽
ゆうは	祐羽
ゆうは	裕羽
ゆうは	侑羽
ゆうみ	結生
ゆうみ	佑海
ゆうみ	優海
ゆうみ	優光
ゆうみ	優珠
ゆうみ	優美
ゆうみ	悠海
ゆうみ	裕海
ゆうみ	裕実
ゆうみ	裕美
ゆうみ	裕巳
ゆうみ	侑海
ゆうゆ	結優
ゆうゆ	結友
ゆうゆ	優友
ゆうゆ	友優
ゆうゆ	由侑
ゆえ	華月
ゆえ	月
ゆか	夏
ゆか	結蘭
ゆか	結和
ゆか	優桜
ゆか	優和
ゆか	悠佳
ゆか	悠加
ゆか	悠可
ゆか	悠嘉
ゆか	悠夏
ゆか	悠珂
ゆか	悠華
ゆか	悠叶
ゆか	悠楓
ゆか	夕日
ゆかり	紫
ゆかり	由
ゆきあ	幸空
ゆきか	千翔
ゆきか	來果
ゆきな	倖生
ゆきな	千凪
ゆきな	透和
ゆきね	幸希
ゆきね	志音
ゆきの	志乃
ゆきの	千暖
ゆきは	幸羽
ゆきは	幸葉
ゆきは	雪羽
ゆきは	侑羽
ゆきほ	由歩
ゆきほ	侑歩
ゆきみ	千弥
ゆきみ	千洋
ゆさ	優桜
ゆずな	柚己
ゆずな	柚來
ゆずは	柚羽
ゆずは	柚生
ゆずほ	柚歩
ゆずゆ	柚友
ゆずゆ	柚有
ゆつき	夢月
ゆつき	唯月
ゆつき	柚月
ゆづき	惟月
ゆづき	水月
ゆづき	夢月
ゆづき	唯月
ゆづき	柚葵
ゆづき	柚希
ゆづき	柚季
ゆづき	柚稀
ゆづき	柚月
ゆづは	柚羽
ゆな	結音
ゆな	結生
ゆな	結梨
ゆな	結和
ゆな	夢
ゆな	佑和
ゆな	優海
ゆな	優生
ゆな	優梨
ゆな	優和
ゆな	勇那
ゆな	友和
ゆな	悠夏
ゆな	柚來
ゆな	祐和
ゆな	夕和
ゆな	侑和
ゆの	結音
ゆの	夢希
ゆの	柚希
ゆの	絆
ゆのあ	優杏
ゆのは	結羽
ゆのは	柚羽
ゆのん	結音
ゆほ	結帆
ゆほ	結歩
ゆほ	佑穂
ゆほ	優歩
ゆほ	優穂
ゆほ	悠帆
ゆほ	悠歩
ゆほ	悠穂
ゆほ	柚歩
ゆほ	由歩
ゆほ	祐帆
ゆほ	祐穂
ゆほ	裕帆
ゆほ	侑歩
ゆま	有真
ゆみ	弓
ゆみ	結珠
ゆみ	佑海
ゆみ	優海
ゆみ	優光
ゆみ	優美
ゆみ	勇美
ゆみ	悠海
ゆみ	悠光
ゆみ	裕海
ゆみ	裕己
ゆみ	裕実
ゆみ	裕美
ゆみ	裕巳
ゆみ	侑海
ゆめは	夢羽
ゆゆ	結優
ゆゆ	結友
ゆゆ	柚友
ゆゆ	由侑
ゆら	結羅
ゆら	結蘭
ゆら	結良
ゆら	優楽
ゆら	優空
ゆら	優桜
ゆら	優羅
ゆら	優良
ゆら	柚来
ゆら	柚來
ゆり	結利
ゆり	結吏
ゆり	結李
ゆり	結梨
ゆり	結理
ゆり	結里
ゆり	結凛
ゆり	結莉
ゆり	結凜
ゆり	佑李
ゆり	佑梨
ゆり	佑理
ゆり	佑里
ゆり	佑凛
ゆり	佑莉
ゆり	優利
ゆり	優吏
ゆり	優李
ゆり	優梨
ゆり	優理
ゆり	優璃
ゆり	優里
ゆり	優俐
ゆり	優凛
ゆり	優莉
ゆり	優凜
ゆり	勇利
ゆり	友吏
ゆり	友李
ゆり	友梨
ゆり	友理
ゆり	友璃
ゆり	友里
ゆり	友俐
ゆり	友凛
ゆり	悠浬
ゆり	悠利
ゆり	悠吏
ゆり	悠梨
ゆり	悠理
ゆり	悠璃
ゆり	悠里
ゆり	悠流
ゆり	悠凛
ゆり	悠莉
ゆり	有利
ゆり	有李
ゆり	有理
ゆり	有璃
ゆり	有里
ゆり	有凛
ゆり	有莉
ゆり	柚吏
ゆり	柚李
ゆり	柚璃
ゆり	柚里
ゆり	柚凛
ゆり	柚莉
ゆり	由
ゆり	由利
ゆり	由李
ゆり	由理
ゆり	由璃
ゆり	由里
ゆり	由莉
ゆり	祐李
ゆり	祐理
ゆり	祐璃
ゆり	祐里
ゆり	祐俐
ゆり	祐莉
ゆり	裕利
ゆり	裕梨
ゆり	裕理
ゆり	裕璃
ゆり	裕里
ゆり	裕莉
ゆり	夕梨
ゆり	夕理
ゆり	夕璃
ゆり	夕里
ゆり	夕莉
ゆり	侑李
ゆり	侑梨
ゆり	侑理
ゆり	侑璃
ゆり	侑里
ゆり	侑俐
ゆり	侑莉
ゆりは	結羽
ゆりん	結梨
ゆりん	結琳
ゆりん	結凛
ゆりん	結凜
ゆりん	優凛
ゆりん	優凜
ゆりん	友凛
ゆりん	柚凛
ゆりん	夕凛
ようか	陽夏
ようか	陽香
ようこ	陽光
ようこ	陽心
よしえ	佳依
よしえ	佳衣
よしえ	美愛
よしえ	美徳
よしか	温佳
よしか	佳叶
よしか	喜花
よしこ	和子
よしの	愛音
よしの	佳音
よしの	慶音
よしみ	嘉
よしみ	好
よしみ	成美
よしみ	美海
よしみ	美己
よつば	幸葉
よりこ	愛来
よりこ	和子
らな	星奈
らな	蘭
らぶ	愛
らぶ	愛夢
らみ	来夢
らむ	愛夢
らむ	夢
らむ	来夢
らむ	來夢
らむ	徠夢
らら	愛
らら	愛空
らら	愛桜
らら	愛来
らら	歌
らら	月
らら	詩
らら	星來
らら	來良
りあな	愛絆
りあな	絆愛
りあら	璃愛
りあら	琉愛
りい	彩生
りい	利生
りい	梨生
りい	理生
りい	玲衣
りい	凛生
りい	莉
りい	莉愛
りい	莉生
りいな	莉愛
りう	梨
りう	理愛
りう	璃生
りう	麗羽
りう	麗生
りう	莉生
りえ	理愛
りえ	莉苑
りおな	凛桜
りおね	凛音
りおね	凜音
りか	李和
りか	理翔
りか	里桜
りか	莉翔
りこ	莉杏
りさ	有桜
りさ	理桜
りさ	璃桜
りさ	里桜
りさ	凛桜
りさ	莉愛
りさ	莉桜
りさ	凜采
りせ	莉生
りな	李生
りな	李和
りな	梨杏
りな	梨生
りな	理愛
りな	璃和
りな	里和
りな	凛和
りな	莉央
りな	莉生
りな	莉和
りね	利音
りね	梨音
りね	理音
りね	璃音
りね	里音
りね	凛音
りね	莉音
りね	凜音
りの	桜音
りの	梨音
りの	璃音
りの	凛音
りの	莉音
りのあ	理愛
りのあ	璃愛
りのあ	凛愛
りのあ	莉愛
りのん	羽音
りのん	奏音
りのん	哩音
りのん	利音
りのん	吏音
りのん	李音
りのん	梨音
りのん	理温
りのん	理音
りのん	璃音
りのん	里音
りのん	琳音
りのん	凛音
りのん	莉音
りのん	凜音
りぶ	莉生
りほ	梨穂
りほ	理美
りほ	璃歩
りほ	莉穂
りま	璃麻
りま	里麻
りみ	利美
りみ	理美
りみ	琉海
りゅうか	流嘉
りゅうか	流夏
りゅうか	流果
りゅうか	流歌
りゅうか	流花
りゅうか	流華
りゅうか	流香
りゅうか	琉嘉
りゅうか	琉禾
りゅうか	琉花
りゅうか	琉華
りゅうか	琉海
りゅうか	琉香
りゅうか	琉風
りゅうか	瑠夏
りゅうか	瑠香
りゅうか	瑠蘭
りゅうな	琉花
りょうか	涼風
りょうか	遼佳
りょうか	遼加
りょうか	遼花
りょうか	遼香
りよ	梨陽
りら	凛桜
りら	莉愛
りり	優莉
りり	有俐
りり	理織
りりあ	凛愛
りりあ	莉愛
りりい	莉愛
りる	愛琉
りる	凛月
りる	莉月
りわ	李和
りわ	璃和
りわ	里和
りわ	麗羽
りわ	凛和
りわ	莉和
りんか	梨月
りんか	凛和
りんな	凛愛
りんな	凛和
りんね	綾音
りんね	梨音
りんね	琳音
りんね	凛音
りんね	凜音
るいか	琉花
るいか	瑠花
るいか	瑠香
るうあ	琉愛
るうな	琉海
るうな	瑠夏
るうな	瑠海
るな	夏月
るな	月
るな	美月
るな	流愛
るな	琉愛
るな	琉夏
るな	琉生
るな	琉和
るな	留生
るな	瑠
るな	瑠愛
るな	瑠夏
るな	瑠和
るね	輝音
るね	琉音
るの	光希
るの	琉音
るのあ	琉愛
るのあ	瑠愛
るのん	琉音
るり	光里
るり	璃
るり	瑠
るるな	琉愛
るん	楽
るん	恋空
れあ	希
れあ	希愛
れあ	麗愛
れあ	恋空
れあん	莉杏
れいあ	麗愛
れいあ	莉愛
れいあ	莉杏
れいか	令和
れいさ	莉颯
れいな	令和
れいな	玲樹
れいな	麗愛
れいな	莉愛
れいな	莉月
れいな	莉和
れいね	澪音
れいは	麗羽
れいは	麗生
れいみ	莉生
れいら	麗愛
れいら	恋空
れいら	莉愛
れいら	莉桜
れいん	玲
れいん	澪音
れな	令和
れな	伶生
れな	玲生
れな	麗愛
れの	玲希
れのあ	玲葵
れのあ	麗愛
れのあ	莉愛
れら	麗愛
わかな	羽哉
わかな	和奏
わこ	環来
わこ	和子
わこ	和心
