あいすけ	愛育
あきかず	空知
あきかず	日和
あきちか	空知
あきちか	璃和
あきてる	旭輝
あきてる	明輝
あきとも	空知
あきとも	日知
あきはる	明陽
あきひさ	明央
あきひろ	輝優
あきまさ	輝優
あきみつ	陽光
あきや	明陽
あきよし	瑛良
あきよし	秋良
あきよし	昭良
あきよし	晶良
あきよし	彬良
あきよし	明佳
あきよし	明良
あきよし	亮良
あすと	未来翔
あすと	明日翔
あたる	央
あたる	在
あたる	真
あたる	直
あたる	陽
あたる	陽琉
あつお	淳生
あつと	真都
あつのり	淳紀
あつのり	敦規
あつふみ	敦史
あつむ	温
あつむ	伍
あつむ	淳
あつむ	侑
あゆう	歩宇
あゆう	歩佑
ありと	有翔
いくと	生斗
いさお	勲
いさお	公
いさお	功
いさお	徳
いさお	勇
いさむ	偉
いさむ	勲
いさむ	武
いさむ	満
いさむ	勇
いさむ	湧
いずき	稜基
いずき	稜稀
いずき	稜己
いずき	和輝
いずる	出
いたる	至
いたる	周
いたる	純
いたる	暢
いたる	流
いたる	諄
いちたか	一貴
いちや	一也
いっき	一葵
いっき	一喜
いっき	一希
いっき	一季
いっき	一稀
いっき	一紀
いっき	一貴
いっき	一輝
いっき	一樹
いっき	一綺
いっき	逸希
いっき	樹紀
いっき	粋
いっけい	一慶
いっと	一斗
いっと	一翔
うみや	海也
うりゅう	羽流
おうき	皇輝
おうき	桜生
おうき	大
おうすけ	央理
おうや	桜陽
おおが	大翔
おとき	乙稀
おとき	響輝
かいおう	海央
かいき	海生
かいち	海莉
かいよう	海洋
かいん	海音
かずうみ	一海
かずきよ	一聖
かずし	一心
かずたか	一貴
かずたか	和貴
かずてる	一輝
かずてる	和輝
かずと	一音
かずと	一斗
かずと	一歩
かずと	一翔
かずと	一颯
かずと	千都
かずと	千翔
かずと	和音
かずと	和杜
かずとし	一紀
かずとし	万寿
かずとし	和紀
かずなり	一也
かずのぶ	一樹
かずのぶ	一葉
かずのり	一紀
かずのり	一慶
かずのり	和紀
かずのり	和記
かずはる	一晴
かずはる	一遥
かずはる	千治
かずはる	千晴
かずひさ	千寿
かずひさ	和央
かずひさ	和弥
かずひろ	千寛
かずひろ	千宏
かずひろ	千博
かずひろ	千弥
かずひろ	千裕
かずひろ	万広
かずひろ	万尋
かずひろ	万博
かずひろ	雄大
かずまさ	一聖
かずむ	和夢
かずゆき	和幸
かつし	勝
かつよし	勝美
かぶと	甲
がい	亥
がく	楽
がく	樂
きしょう	希星
きしょう	希生
きしょう	季生
きしょう	輝生
きしょう	来翔
きずく	築
きせい	希星
きせい	希生
きせい	輝生
きせい	樹星
きょうせい	響生
きょうた	叶多
きよと	陽翔
くうと	空音
くりゅう	空琉
くりゅう	紅瑠
けいた	啓
けいた	恵樹
けんと	絢登
けんと	絢飛
げん	元
げん	弦
げん	玄
げん	絃
げん	言
こうが	空雅
こうすけ	幸空
こうせい	倖生
こうた	光海
こうや	宏弥
こうよう	紅葉
こうりゅう	光琉
こお	冴
ごう	郷
ごう	剛
さいき	彩希
さいき	彩生
さいと	哉翔
さいと	彩音
さいと	彩都
さく	幸空
さく	彩来
さく	采空
さく	咲
さく	朔
さく	桜
さく	生
さく	爽来
さく	櫻
さく	颯空
さくと	桜音
さくと	桜都
さくと	桜翔
さくや	開陽
さくや	咲陽
さくや	桜陽
さとき	仁葵
さとき	仁希
さとき	仁稀
さとし	叡
さとし	覚
さとし	教
さとし	郷
さとし	暁
さとし	啓
さとし	恵
さとし	慧
さとし	敬
さとし	憲
さとし	識
さとし	俊
さとし	聖
さとし	聡
さとし	知
さとし	智
さとし	敏
さとし	邑
さとし	理
さとし	里
さとし	了
さとし	諒
さとし	怜
さとし	俐
さとし	彗
さとし	惺
さとはる	智遥
さとる	羽
さとる	叡
さとる	覚
さとる	暁
さとる	啓
さとる	慧
さとる	吾
さとる	恒
さとる	鴻
さとる	済
さとる	識
さとる	竣
さとる	晶
さとる	照
さとる	聖
さとる	聡
さとる	知
さとる	智
さとる	渡
さとる	敏
さとる	優
さとる	憂
さとる	楊
さとる	利
さとる	理
さとる	了
さとる	梁
さとる	瞭
さとる	諒
さとる	領
さとる	輪
さとる	励
さとる	侑
さとる	彗
さとる	惺
さとる	惺琉
さとる	憬
さとる	脩
さとる	諄
さねやす	実恭
さねゆき	実恭
しげき	栄輝
しげき	慈稀
しげき	樹希
しげき	誉希
しげる	卯
しげる	栄
しげる	子
しげる	慈
しげる	樹
しげる	垂
しげる	成
しげる	蒼
しげる	林
しせい	史生
しせい	志生
しせい	詩生
しゅう	守
しゅう	珠
しゅう	珠生
しゅう	種
しゅう	寿
しゅう	周
しゅう	秋
しゅう	充
しゅう	将
しゅう	尚
しゅう	星
しゅう	柊
しゅう	優
しゅう	悠
しゅう	翔
しゅう	脩
しゅうき	柊月
しゅうさく	柊咲
しゅうと	周音
しゅうと	秋音
しゅうと	柊音
しゅうや	柊也
しゅんと	春翔
しゅんと	竣音
しゅんや	春弥
しゅんや	春陽
しょあ	翔空
しょう	咲
しょう	勝
しょう	匠
しょう	将
しょう	尚
しょう	彰
しょう	昌
しょう	昭
しょう	晶
しょう	渉
しょう	照
しょう	祥
しょう	章
しょう	証
しょう	政
しょう	星
しょう	正
しょう	清
しょう	生
しょう	聖
しょう	青
しょう	爽
しょう	葉
しょう	惺
しょう	晟
しょう	翔
しょう	翔羽
しょうあ	星空
しょうあ	翔亜
しょうあ	翔愛
しょうあ	翔空
しょうあ	翔明
しょうい	聖生
しょうおん	星音
しょうおん	翔音
しょうき	勝己
しょうき	尚樹
しょうき	星樹
しょうき	聖生
しょうご	聖心
しょうせい	星成
しょうた	星樹
しょうと	翔音
しょうや	咲陽
しょうよう	青葉
しよう	詩桜
しりゅう	士琉
しんかい	真海
しんき	心輝
しんき	心綺
しんき	真樹
しんげん	真言
しんすけ	真佐
しんた	新太
しんた	真大
しんと	心音
しんと	真都
しんと	真翔
しんば	真波
しんや	真弥
しんや	眞弥
じおん	士恩
じおん	志温
じおん	志穏
じおん	志音
じおん	紫音
じおん	慈恩
じおん	慈温
じおん	慈穏
じおん	時音
じゅん	絢
じゅん	淳
じゅん	潤
じゅん	純
じゅん	惇
じゅん	隼
じゅん	洵
じゅん	詢
じゅん	諄
じゅんき	絢稀
じゅんき	淳喜
じゅんき	淳希
じゅんき	淳紀
じゅんき	淳貴
じゅんき	淳輝
じゅんき	淳樹
じゅんき	純希
じゅんせい	淳生
じゅんと	淳貴
じょう	允
じょう	丈
じょう	情
じょう	穣
じょう	譲
じょう	澄
じょう	成
じょう	星
じょう	晴
じょう	誠
じょう	青
じょう	朝
じょう	佑
じょう	晟
じん	心
じん	真
じん	神
じん	臣
じん	人
じん	仁
じん	尋
じん	尽
じん	忍
じん	稔
すぐる	逸
すぐる	英
すぐる	克
すぐる	俊
すぐる	駿
すぐる	勝
すぐる	優
すすむ	步
すすむ	一
すすむ	右
すすむ	益
すすむ	享
すすむ	航
すすむ	行
すすむ	皐
すすむ	将
すすむ	歩
すすむ	侑
すばる	羽
すばる	昂
すばる	翼
せいあ	星空
せいあ	青空
せいあ	静空
せいき	世紀
せいき	星稀
せいき	星樹
せいき	聖來
せいご	晴心
せいしん	晴心
せいしん	聖心
せいじ	誠実
せいじゅ	星樹
せいた	星多
せいと	成都
せいと	星音
せいと	清永
せいは	星波
せいは	青羽
せいは	青生
せいは	青波
せいや	成弥
せいや	晴弥
せいや	青空
せいよう	晴陽
せいりゅう	成流
せいりゅう	晴流
せいりゅう	晴琉
せいりゅう	惺琉
せいん	晴心
せかい	宇宙
せかい	成海
せんと	千都
せんと	千翔
ぜん	泉
ぜん	禅
そうい	蒼惟
そうい	蒼生
そうが	奏芽
そうが	奏楽
そうが	奏翔
そうき	想來
そうき	蒼希
そうき	蒼輝
そうき	蒼月
そうき	蒼樹
そうき	蒼生
そうし	蒼志
そうし	蒼紫
そうし	蒼翔
そうじ	蒼志
そうじゅ	蒼樹
そうすけ	奏空
そうすけ	奏良
そうすけ	想空
そうすけ	蒼空
そうすけ	颯空
そうすけ	颯良
そうせい	奏生
そうせい	蒼晴
そうせい	蒼生
そうた	奏空
そうた	奏多
そうた	奏汰
そうた	蒼空
そうた	蒼樹
そうと	奏音
そうと	奏斗
そうと	奏翔
そうと	蒼都
そうと	蒼翔
そうる	心
そうる	奏瑠
そらき	空葵
そらき	空希
そらき	空輝
そらき	空来
そらき	昊輝
そらと	空音
そらと	蒼空
そらと	天翔
そらや	空哉
たい	成
たい	太
たい	汰
たい	泰
たい	大
たい	諦
たい	敦
たいかい	大海
たいが	虎
たいが	大海
たいが	大翔
たいき	敦基
たいき	敦希
たいき	敦貴
たいき	敦己
たいし	大翔
たいし	敦志
たいしょう	大翔
たいしん	太真
たいすけ	大空
たいと	大翔
たいよう	太陽
たいよう	大陽
たいら	成良
たかき	貴己
たかき	空輝
たかき	昂希
たかき	香樹
たかき	鳳希
たかき	誉希
たかし	貴
たかし	京
たかし	喬
たかし	恭
たかし	仰
たかし	敬
たかし	憲
たかし	孝
たかし	昂
たかし	剛
たかし	皐
たかし	充
たかし	俊
たかし	峻
たかし	竣
たかし	駿
たかし	尚
たかし	聖
たかし	誠
たかし	仙
たかし	尊
たかし	太陽
たかし	鷹
たかし	天
たかし	万
たかし	誉
たかし	隆
たかし	梁
たかし	穹
たかと	生斗
たかと	天翔
たかと	和杜
たかなり	陽成
たかはる	貴春
たかひろ	宇宙
たかひろ	万博
たかひろ	雄大
たかひろ	理大
たかやす	太陽
たから	貴羅
たから	空良
たから	聖
たから	誠良
たから	大空
たから	朗良
たく	樹来
たく	匠
たく	大空
たく	拓
たく	櫂
たくお	拓生
たくき	拓生
たくと	揮
たくと	奏音
たくみ	伎
たくみ	功
たくみ	匠
たくみ	匠美
たくみ	拓
たくみ	拓海
たくみ	拓生
たくみ	拓未
たけお	雄大
たけし	威
たけし	英
たけし	健
たけし	剛
たけし	嗣
たけし	士
たけし	丈
たけし	尊
たけし	大
たけし	竹
たけし	武
たけし	勇
たけし	雄
たけし	洸
たけと	雄飛
たけひろ	雄大
たけひろ	雄陽
たけまさ	雄大
たけよし	剛美
たけよし	武美
たける	威
たける	健
たける	剛
たける	尊
たける	武
たける	雄
たすく	祐
たすく	匡
たすく	伍
たすく	佐
たすく	賛
たすく	将
たすく	相
たすく	比
たすく	佑
たすく	祐
たすく	翼
たすく	亮
たすく	侑
ただお	直生
ただお	唯央
ただし	維
ただし	嘉
ただし	雅
ただし	覚
ただし	紀
ただし	規
ただし	義
ただし	匡
ただし	憲
ただし	将
ただし	真
ただし	仁
ただし	政
ただし	正
ただし	聡
ただし	旦
ただし	直
ただし	唯
ただし	理
ただし	律
ただひろ	理大
ただよし	一慶
ただよし	正美
たつ	健
たつ	幸
たつ	立
たつ	龍
たつお	樹生
たつき	幸希
たつき	樹
たつき	樹葵
たつき	樹希
たつき	樹季
たつき	樹紀
たつき	樹生
たつき	樹来
たつひさ	樹央
たつみ	樹
たつみ	樹実
たつみ	颯海
たつる	樹
たつる	立
たもつ	惟
たもつ	維
たもつ	寿
たもつ	将
たもつ	保
たもつ	方
たもつ	有
だいと	大翔
だいや	太陽
だいや	大陽
だん	旦
だん	暖
だん	南
ちかし	愛
ちかし	史
ちかし	周
ちかし	睦
ちかし	悠
ちかと	愛斗
ちかと	哉翔
ちから	気
ちから	主
つとむ	義
つとむ	勲
つとむ	薫
つとむ	功
つとむ	司
つとむ	惇
つとむ	敦
つとむ	敏
つとむ	励
つよし	威
つよし	幹
つよし	健
つよし	剛
てつ	鋼
てるお	輝央
てるお	輝音
てるお	輝生
てるかず	輝和
てるき	輝生
てるき	光希
てると	晴翔
てるとし	光利
てるまさ	輝優
てるやす	輝和
てるよし	照美
てんしょう	天翔
てんと	天翔
とうあ	永愛
とうあ	永空
とうあ	斗亜
とうあ	斗愛
とうあ	斗空
とうあ	橙空
とうい	叶海
とうじ	燈路
とうわ	永和
とうわ	十和
とうわ	斗環
とうわ	斗和
とうわ	登羽
とうわ	登和
とうわ	冬和
とうわ	透羽
とうわ	透和
とうわ	瞳和
とうわ	橙羽
とうわ	橙和
とおい	悠生
とおや	悠陽
とおや	遥弥
とおや	遥陽
とおる	亨
とおる	享
とおる	公
とおる	済
とおる	至
とおる	澄
とおる	太
とおる	泰
とおる	暢
とおる	透
とおる	博
とおる	明
とおる	龍
とおる	亮
とおる	亘
とき	季
とき	暁
とき	斎
とき	士葵
とき	時
とき	秋
とき	春
とき	信
とき	仁葵
とき	仁希
とき	仁稀
とき	仁輝
とき	仁樹
とき	世
とき	睦
とき	隆
とき	林
とき	怜
とき	朗
ときお	季於
ときお	季央
ときお	季生
ときと	時音
ときまさ	日雅
としあき	都明
としあき	理央
としお	季生
としお	利生
としおみ	利臣
としかず	星和
としき	穏季
としき	紀生
としき	寿喜
としき	寿希
としき	寿稀
としき	寿貴
としき	寿樹
としき	淳貴
としき	聖生
としき	利生
としたか	寿貴
としたか	勇貴
としのぶ	寿喜
としひろ	季央
としみつ	紀美
としみつ	寿美
としみつ	利美
としみつ	和美
とむ	叶夢
とむ	富
ともあき	智陽
ともあき	朝陽
ともあき	友陽
ともかず	友和
ともき	朝葵
ともき	朝喜
ともき	朝希
ともき	朝稀
ともき	朝輝
ともき	朝生
ともき	那葵
ともき	睦葵
ともき	睦喜
ともき	睦希
ともき	睦樹
ともき	睦生
ともき	和葵
ともき	和希
ともき	和季
ともき	和稀
ともき	和紀
ともき	和輝
ともき	和樹
ともさと	友理
ともたか	朝陽
ともつぐ	智世
ともてる	朝輝
ともなり	朝生
ともはる	大陽
ともはる	知治
ともはる	知春
ともはる	知晴
ともはる	知悠
ともはる	智春
ともはる	智晴
ともはる	智暖
ともはる	智悠
ともはる	智遥
ともはる	智陽
ともはる	智遼
ともはる	朝春
ともはる	朝陽
ともはる	友陽
ともひろ	友優
ともまさ	友優
ともみつ	朝光
ともや	大陽
ともや	智陽
ともや	友優
ともや	友陽
とよかず	豊和
とら	玄
とら	虎
とら	飛空
ないき	夢希
なおき	実紀
なおき	尚樹
なおき	真希
なおき	真樹
なおき	直
なおき	直生
なおき	凪生
なおし	尚
なおし	直
なおた	真大
なおたか	真貴
なおと	雫音
なおと	七音
なおと	真都
なおと	凪音
なおと	南音
なおと	波音
なおと	和音
ながれ	流
なぎと	凪音
なぎと	凪都
なつお	夏生
なつと	夏都
ななお	七緒
ななお	七生
ななと	七音
ななと	七都
ななと	奏翔
なみと	波音
なゆた	星
なるき	愛稀
なるき	成月
なると	愛斗
なると	成都
なると	鳴海
なるとし	愛紀
なるや	成弥
のぞむ	のぞみ
のぞむ	希
のぞむ	希海
のぞむ	希観
のぞむ	希光
のぞむ	希実
のぞむ	希充
のぞむ	希生
のぞむ	希美
のぞむ	希望
のぞむ	望
のぞむ	望海
のぞむ	望実
のぞむ	望水
のぞむ	望美
のぞむ	望未
のぶお	信夫
のぶよし	誠良
のぼる	昂
のぼる	升
のぼる	伸
のぼる	暢
のぼる	朝日
のぼる	登
のぼる	徳
のぼる	豊
のぼる	陽
のりお	紀生
のりかず	令和
のりと	詞音
はじめ	一
はじめ	基
はじめ	紀
はじめ	吉
はじめ	啓
はじめ	元
はじめ	玄
はじめ	哉
はじめ	朔
はじめ	始
はじめ	治
はじめ	春
はじめ	初
はじめ	新
はじめ	素
はじめ	大
はじめ	朝
はじめ	東
はじめ	萌
はやお	駿
はやて	隼
はやて	颯
はやと	快都
はやと	速
はやと	隼
はやと	勇利
はやと	颯
はやぶさ	隼
はるあき	春陽
はるあき	晴陽
はるあき	暖陽
はるあき	悠陽
はるあき	遼陽
はるい	悠生
はるうみ	春海
はるうみ	晴海
はるうみ	悠海
はるうみ	遥海
はるうみ	陽海
はるお	暖陽
はるお	悠生
はるお	陽生
はるかず	日和
はるかぜ	春風
はるかぜ	晴風
はるかぜ	遥風
はるかぜ	陽風
はるかぜ	遙風
はるき	栄輝
はるき	開
はるき	希
はるき	桜生
はるき	春
はるき	春己
はるき	春妃
はるき	晴己
はるき	青生
はるき	日希
はるき	明葵
はるき	明希
はるき	明稀
はるき	明輝
はるき	明生
はるき	明来
はるき	悠生
はるき	悠利
はるき	陽葵
はるき	陽希
はるき	陽月
はるき	陽生
はるき	流生
はるく	青空
はるし	治
はるし	春
はるし	晴
はるし	遥
はるしげ	陽成
はるた	桜詩
はるたか	青空
はるたか	大空
はると	絢登
はると	桜音
はると	桜翔
はると	時音
はると	治
はると	春叶
はると	春灯
はると	春燈
はると	春留
はると	春翔
はると	晴
はると	晴叶
はると	晴飛
はると	晴留
はると	晴翔
はると	青音
はると	大翔
はると	暖灯
はると	天翔
はると	日翔
はると	悠
はると	悠叶
はると	悠灯
はると	悠歩
はると	悠利
はると	遥叶
はると	遥飛
はると	遥留
はると	遥翔
はると	陽
はると	陽飛
はると	陽翔
はると	遼飛
はると	翔
はると	遙叶
はるとし	悠利
はるとも	悠燈
はるなり	陽成
はるなり	陽也
はるひこ	晴良
はるひこ	陽光
はるひさ	春弥
はるま	春実
はるま	晴
はるま	晴実
はるま	遥実
はるま	陽海
はるま	陽実
はるまさ	桜雅
はるみつ	陽光
はるや	春弥
はるや	春陽
はるや	晴弥
はるや	晴陽
はるや	暖
はるや	悠耶
はるや	悠陽
はるや	遥弥
はるや	遥陽
はるや	陽也
はるよし	治美
はるよし	春嘉
はるよし	春美
はるよし	晴美
はるよし	晴良
はるよし	知佳
はれる	晴
はれる	晴流
はれる	晴琉
はんじ	帆志
ばく	博
ばく	莫
ばく	麦
ひお	陽生
ひさあき	悠光
ひさあき	悠陽
ひさし	栄
ひさし	永
ひさし	央
ひさし	久
ひさし	九
ひさし	恒
ひさし	史
ひさし	寿
ひさし	十
ひさし	尚
ひさし	仁
ひさし	富
ひさし	弥
ひさし	悠
ひさたか	久貴
ひさつぐ	悠世
ひさと	永都
ひさと	央斗
ひさと	久遠
ひさと	悠利
ひさはる	悠陽
ひさや	悠陽
ひさよし	悠嘉
ひしょう	陽翔
ひで	栄
ひで	英
ひで	禾
ひで	薫
ひで	啓
ひで	寿
ひで	東
ひでかず	英一
ひでき	寿樹
ひでと	愛斗
ひでと	一斗
ひでと	一翔
ひでひと	英一
ひとき	一稀
ひとき	一輝
ひとき	一樹
ひとき	仁稀
ひとき	仁輝
ひとき	仁樹
ひとし	一
ひとし	雅
ひとし	結
ひとし	伍
ひとし	恒
ひとし	鴻
ひとし	斎
ひとし	寿
ひとし	将
ひとし	人
ひとし	仁
ひとし	彬
ひとし	陸
ひとし	倫
ひとし	和
ひなた	太陽
ひなた	優陽
ひなた	陽
ひなた	陽葵
ひなた	陽翔
ひなと	陽飛
ひなと	陽翔
ひのき	桧
ひゅうが	龍
ひらく	開
ひらく	啓
ひらく	拓
ひりゅう	陽琉
ひろあき	太陽
ひろあき	大陽
ひろうみ	宏海
ひろうみ	広海
ひろうみ	弘海
ひろうみ	大海
ひろかず	優和
ひろかず	祐和
ひろき	栄輝
ひろき	光希
ひろき	光輝
ひろき	弘己
ひろき	紘輝
ひろき	仁葵
ひろき	仁希
ひろき	仁樹
ひろき	蒼樹
ひろき	蒼生
ひろき	拓生
ひろき	優生
ひろき	裕己
ひろき	昊輝
ひろさと	裕吏
ひろし	宇宙
ひろし	央
ひろし	寛
ひろし	啓
ひろし	敬
ひろし	宏
ひろし	広
ひろし	康
ひろし	弘
ひろし	浩
ひろし	紘
ひろし	鴻
ひろし	史
ひろし	潤
ひろし	恕
ひろし	仁
ひろし	尋
ひろし	蒼紫
ひろし	太
ひろし	泰
ひろし	大
ひろし	拓
ひろし	宙
ひろし	博
ひろし	博巳
ひろし	普
ひろし	豊
ひろし	悠
ひろし	祐
ひろし	裕
ひろし	洋
ひろし	廣
ひろし	昊
ひろし	洸
ひろし	滉
ひろし	熙
ひろたか	蒼空
ひろたか	大空
ひろと	央斗
ひろと	央都
ひろと	啓登
ひろと	啓都
ひろと	敬登
ひろと	景斗
ひろと	蒼都
ひろと	蒼翔
ひろと	大空
ひろと	大翔
ひろと	比呂
ひろと	優利
ひろと	裕利
ひろと	雄大
ひろと	陽
ひろとし	裕利
ひろはる	裕陽
ひろみち	裕理
ひろむ	拡
ひろむ	啓
ひろむ	宏
ひろむ	弘
ひろむ	恕
ひろむ	伸
ひろむ	大
ひろむ	拓
ひろむ	博
ひろむ	悠
ひろむ	裕
ひろむ	洋
ひろむ	熙
ひろや	寛弥
ひろや	宏弥
ひろや	太陽
ひろや	大陽
ひろや	優陽
ひろや	祐陽
ひろや	裕陽
ひろやす	裕保
ひろよし	弘美
ひろよし	博美
ふうい	風生
ふうが	舞
ふうき	楓月
ふうき	風生
ふとし	太
ふとし	大
ふみあき	郁輝
ふみお	史生
ふみお	文生
ふみき	史希
ふみたか	文貴
ふみと	史
ふみと	史音
ふみはる	史温
ふみや	郁
ふみや	和弥
ふみやす	史穏
ほうせい	逢生
ほしき	星稀
ほしき	星樹
ほしと	星音
ほたか	歩貴
ほだか	空
まいと	舞音
まおと	真音
まおと	舞音
まさあき	優空
まさうみ	正海
まさお	真央
まさお	理生
まさお	理夫
まさかず	真寿
まさかず	優和
まさき	一輝
まさき	栄輝
まさき	勝己
まさき	尚樹
まさき	真希
まさき	真貴
まさき	真己
まさき	真樹
まさき	仁葵
まさき	仁希
まさき	仁輝
まさき	聖生
まさき	誠月
まさき	優生
まさき	理生
まさし	一
まさし	允
まさし	雅
まさし	匡
まさし	将
まさし	昌
まさし	真
まさし	仁
まさし	成
まさし	政
まさし	正
まさし	方
まさし	礼
まさし	禮
まさたか	真貴
まさたか	大空
まさたか	優空
まさちか	仁悠
まさてる	真陽
まさと	一斗
まさと	一翔
まさと	雅仁
まさと	真音
まさと	真大
まさと	真都
まさと	真翔
まさと	大翔
まさと	優利
まさと	理仁
まさと	理杜
まさと	理都
まさと	理翔
まさと	和音
まさと	晟
まさとし	真寿
まさとも	真大
まさとも	優友
まさはる	真陽
まさはる	仁悠
まさはる	優陽
まさはる	理陽
まさひと	雅仁
まさひと	理仁
まさひろ	真央
まさひろ	真寛
まさひろ	真啓
まさひろ	真宏
まさひろ	真広
まさひろ	真弘
まさひろ	真紘
まさひろ	真尋
まさひろ	真大
まさひろ	真博
まさひろ	真優
まさひろ	真裕
まさひろ	真洋
まさひろ	理央
まさひろ	眞啓
まさひろ	眞弘
まさひろ	眞優
まさみつ	雅美
まさみつ	政美
まさみつ	正美
まさみつ	優光
まさむね	真心
まさや	一也
まさや	真弥
まさよし	雅美
まさよし	将美
まさよし	昌美
まさよし	真嘉
まさよし	政美
まさよし	正美
まさよし	聖良
まさよし	優良
まさる	羽
まさる	叡
まさる	瑛
まさる	英
まさる	果
まさる	雅
まさる	覚
まさる	健
まさる	恒
まさる	甲
まさる	鴻
まさる	克
まさる	最
まさる	済
まさる	俊
まさる	竣
まさる	潤
まさる	勝
まさる	将
まさる	昌
まさる	晶
まさる	照
まさる	誠
まさる	増
まさる	多
まさる	大
まさる	暢
まさる	渡
まさる	万
まさる	優
まさる	憂
まさる	楊
まさる	理
まさる	了
まさる	梁
まさる	瞭
まさる	輪
まさる	励
まさる	侑
まさる	洸
まさる	諄
ましゅう	麻柊
まなき	愛希
まなき	愛稀
まなき	愛貴
まなき	愛輝
まなき	愛樹
まなき	真樹
まなと	愛永
まなと	愛音
まなと	愛叶
まなと	愛空
まなと	愛大
まなと	愛斗
まなと	愛登
まなと	愛都
まなと	愛翔
まなと	真音
まなと	真心
まなと	真大
まなと	真都
まなと	真翔
まなぶ	覚
まなぶ	渉
まなむ	愛夢
まなや	真弥
まもる	葵
まもる	憲
まもる	司
まもる	士
まもる	守
まもる	保
まもる	翼
みきお	樹央
みきお	樹生
みきと	未来翔
みくと	未来翔
みちお	理夫
みちお	陸央
みちと	理仁
みちと	理都
みちひと	理仁
みちひろ	理大
みつあき	光輝
みつき	海月
みつき	観月
みつき	光希
みつき	光紀
みつき	光輝
みつき	光月
みつき	光樹
みつき	光来
みつき	三月
みつき	実紀
みつき	実月
みつき	充月
みつき	心月
みつき	深月
みつき	水月
みつき	生月
みつき	誠月
みつき	美月
みつき	碧月
みつき	巳月
みつき	明葵
みつき	明希
みつき	明輝
みつき	弥月
みつき	弥來
みつてる	光輝
みつとし	光紀
みつとし	光利
みつのり	光紀
みつひさ	満寿
みつよし	光美
みつる	允
みつる	光
みつる	光流
みつる	光琉
みつる	光留
みつる	光瑠
みつる	在
みつる	充
みつる	十
みつる	暢
みつる	富
みつる	冨
みつる	満
みなと	奏音
みなと	南音
みなと	湊
みのる	季
みのる	実
みのる	秋
みのる	升
みのる	穣
みのる	成
みのる	登
みのる	農
みのる	穂
みのる	豊
みのる	稔
みのる	利
みんと	明飛
むう	夢羽
むく	椋
むねちか	志信
むねのり	至紀
めいと	明飛
もとい	幹
もとい	基
もとい	元
もとき	一葵
もとき	一輝
もとき	幹
もとき	基
もとき	志葵
もとき	志季
もとき	志紀
もとき	志樹
もとき	初樹
もとき	心輝
もとき	心綺
もとし	基
もとし	元
もとなお	素直
もとはる	一晴
もとはる	心温
もとむ	志
もとむ	素
もとむ	要
もとむ	亘
もり	杜
やすお	安央
やすお	安生
やすお	寧央
やすき	安生
やすき	穏
やすき	慈貴
やすき	保希
やすし	安
やすし	易
やすし	恭
やすし	康
やすし	寿
やすし	仁
やすし	静
やすし	泰
やすし	寧
やすし	保
やすし	和
やすと	愛斗
やすと	叶人
やすと	恵人
やすと	恵斗
やすと	慶斗
やすとし	安利
やすのり	安紀
やすひさ	安久
やまと	大翔
やまと	倭
やまと	和
ゆいき	結生
ゆいと	維央
ゆいと	結音
ゆいと	結弦
ゆいと	結絃
ゆいと	結寿
ゆいと	結友
ゆいと	優弦
ゆいと	友弦
ゆいと	由弦
ゆいと	由絃
ゆいと	夕弦
ゆうい	結生
ゆうい	優一
ゆうい	優生
ゆうい	悠生
ゆうい	侑生
ゆういち	優一
ゆうが	佑和
ゆうが	優和
ゆうが	悠嘉
ゆうき	結生
ゆうき	優
ゆうき	優生
ゆうき	勇貴
ゆうき	悠生
ゆうき	悠妃
ゆうき	有利
ゆうき	柚葵
ゆうき	柚喜
ゆうき	柚希
ゆうき	柚貴
ゆうき	柚輝
ゆうき	柚樹
ゆうき	柚暉
ゆうき	祐李
ゆうき	裕己
ゆうき	雄大
ゆうき	侑生
ゆうく	優空
ゆうげん	結弦
ゆうげん	結絃
ゆうげん	優弦
ゆうげん	友弦
ゆうげん	由弦
ゆうげん	夕弦
ゆうこう	優光
ゆうご	佑心
ゆうし	友士
ゆうしょう	悠生
ゆうしょう	有翔
ゆうしん	佑心
ゆうしん	有真
ゆうすけ	結友
ゆうすけ	優友
ゆうすけ	友佑
ゆうすけ	悠右
ゆうすけ	有理
ゆうせい	結生
ゆうせい	優生
ゆうせい	悠世
ゆうせい	悠生
ゆうせい	柚生
ゆうせい	侑生
ゆうそう	優想
ゆうた	佑多
ゆうた	佑汰
ゆうた	優汰
ゆうた	雄大
ゆうだい	優汰
ゆうだい	雄大
ゆうと	結音
ゆうと	結友
ゆうと	佑和
ゆうと	優
ゆうと	優灯
ゆうと	優燈
ゆうと	優飛
ゆうと	優友
ゆうと	優利
ゆうと	優和
ゆうと	勇
ゆうと	勇利
ゆうと	宥利
ゆうと	悠叶
ゆうと	悠灯
ゆうと	悠利
ゆうと	有利
ゆうと	有翔
ゆうと	由絃
ゆうと	祐利
ゆうと	祐和
ゆうと	裕利
ゆうと	雄飛
ゆうと	侑燈
ゆうと	侑利
ゆうと	侑和
ゆうま	友優
ゆうま	有真
ゆうや	結陽
ゆうや	佑
ゆうや	優安
ゆうや	優陽
ゆうや	勇陽
ゆうや	友優
ゆうや	友陽
ゆうや	悠耶
ゆうや	悠陽
ゆうや	由陽
ゆうや	夕陽
ゆきお	志央
ゆきお	侑生
ゆきかず	侑和
ゆきなり	倖生
ゆきなり	幸慈
ゆきなり	侑生
ゆきのぶ	志信
ゆきはる	詩温
ゆきはる	千榛
ゆきはる	千陽
ゆきひさ	維央
ゆきひろ	千弘
ゆきひろ	千紘
ゆきひろ	千博
ゆきまさ	千聖
ゆきや	千弥
ゆきや	透
ゆきやす	幸穏
ゆずる	弓弦
ゆずる	弦
ゆずる	恒
ゆずる	穣
ゆずる	譲
ゆずる	禅
ゆたか	温
ゆたか	寛
ゆたか	浩
ゆたか	最
ゆたか	穣
ゆたか	泰
ゆたか	大
ゆたか	富
ゆたか	豊
ゆたか	稔
ゆたか	優
ゆたか	優理
ゆたか	優良
ゆたか	勇貴
ゆたか	悠
ゆたか	悠右
ゆたか	悠宇
ゆたか	悠生
ゆたか	悠陽
ゆたか	柚貴
ゆたか	由理
ゆたか	祐
ゆたか	裕
ゆたか	雄飛
ゆたか	洋
ゆたか	隆
ゆめき	夢希
ようき	陽希
ようこう	陽光
ようせい	陽世
ようせい	陽成
ようせい	陽晴
ようせい	陽生
ようせい	瑶生
ようた	桜詩
ようと	遥翔
ようと	陽翔
ようや	陽也
よしうみ	美海
よしお	愛生
よしお	美央
よしかず	愛和
よしかず	佳寿
よしかず	喜和
よしかず	仁和
よしかず	令和
よしき	愛希
よしき	愛稀
よしき	愛紀
よしき	愛輝
よしき	愛樹
よしき	愛生
よしき	愛絆
よしき	伊玖
よしき	栄輝
よしき	佳紀
よしき	貴己
よしき	圭希
よしき	恵喜
よしき	恵輝
よしき	慶樹
よしき	幸希
よしき	慈貴
よしき	寿希
よしき	純希
よしき	仁葵
よしき	仁希
よしき	仁稀
よしき	睦紀
よしき	理生
よしき	和生
よしちか	仁愛
よしてる	譲輝
よしと	愛斗
よしと	愛翔
よしと	佳采
よしと	佳寿
よしと	慶音
よしと	慶斗
よしと	慶都
よしと	慧斗
よしと	桂都
よしと	理仁
よしと	和采
よしとも	雄大
よしのぶ	愛喜
よしのり	佳紀
よしのり	美則
よしのり	美徳
よしのり	和紀
よしはる	快晴
よしはる	慶春
よしはる	仁悠
よしはる	由陽
よしひさ	愛久
よしひさ	佳寿
よしひろ	愛大
よしひろ	理央
よしまさ	由優
よしや	令和
よしゆき	誉礼
よりと	和杜
らいあ	來空
らいが	愛翔
らいが	雷華
らいと	輝
らいと	月
らいと	光
らいと	星
らいと	来翔
らいや	来弥
らく	楽
らく	樂
らんま	藍真
りいち	吏都
りいち	李都
りいち	俐都
りおう	利旺
りおう	吏央
りおう	吏桜
りおう	李旺
りおう	李凰
りおう	梨央
りおう	理央
りおう	理王
りおう	理桜
りおう	理生
りおう	璃央
りおう	璃旺
りおう	璃桜
りおう	琳王
りおう	麗央
りおう	俐央
りおう	凛旺
りおう	凛王
りおう	凛桜
りおう	莉央
りおう	莉桜
りおう	莉大
りおと	利音
りおと	吏音
りおと	李音
りおと	梨音
りおと	理音
りおと	璃乙
りおと	璃音
りおと	里音
りおと	涼音
りおと	俐音
りおと	凛音
りおと	莉音
りおと	凜音
りき	利生
りき	理生
りき	璃生
りき	陸希
りき	俐生
りき	莉生
りく	希望
りく	碧空
りく	歩斗
りく	歩来
りく	睦
りく	陸
りく	琉空
りく	涼
りく	六
りく	颯
りくお	睦生
りくお	陸央
りくき	陸希
りせい	利生
りせい	理生
りせい	莉生
りた	理大
りた	莉大
りつき	梨月
りつき	凛月
りつき	莉月
りつと	律都
りひと	梨仁
りひと	理仁
りひと	莉仁
りひと	莉都
りゅう	立
りゅう	流
りゅう	琉
りゅう	琉羽
りゅう	琉生
りゅう	留
りゅう	隆
りゅう	龍
りゅう	瑠
りゅう	瑠生
りゅう	颯
りゅうあ	琉亜
りゅうあ	琉愛
りゅうあ	琉雅
りゅうあ	琉空
りゅうあ	隆愛
りゅうあ	瑠亜
りゅうあ	瑠空
りゅうい	流衣
りゅうい	琉以
りゅうい	琉維
りゅうい	琉生
りゅうい	琉唯
りゅうが	琉雅
りゅうが	琉海
りゅうが	琉翔
りゅうが	瑠夏
りゅうき	流生
りゅうき	琉葵
りゅうき	琉生
りゅうく	琉空
りゅうしょう	琉翔
りゅうしょう	瑠翔
りゅうせい	流生
りゅうせい	琉生
りゅうせい	留生
りゅうせい	瑠生
りゅうぞう	琉翔
りゅうと	琉音
りゅうと	琉叶
りゅうと	琉翔
りゅうと	瑠翔
りゅうひ	瑠一
りゅうま	琉雅
りょうき	綾希
りょうせい	怜生
りょうせい	玲生
りょうと	涼音
りょうと	遼飛
りょうと	澪音
りょうま	稜稀
りょうや	諒陽
りょお	凌央
りょく	緑
りんせい	凛生
りんせい	凛青
りんと	綾音
りんと	梨音
りんと	梨仁
りんと	梨斗
りんと	梨都
りんと	梨翔
りんと	琳音
りんと	凛音
りんと	凛采
りんと	凛兎
りんと	凛都
りんと	莉翔
りんと	凜音
るいき	琉生
るいと	琉愛
るいと	琉翔
るいと	瑠
るいと	瑠愛
るうく	瑠空
るお	琉音
るおん	琉音
るおん	瑠恩
るき	流生
るき	琉葵
るき	琉生
るき	瑠生
るきあ	流愛
るきあ	琉愛
るきあ	瑠空
れいき	玲希
れいき	玲貴
れいき	玲樹
れいと	澪音
れいと	澪都
れいや	莉陽
れお	獅
れお	伶生
れお	嶺緒
れお	怜生
れお	玲生
れお	零
れお	麗愛
れお	麗央
れお	麗生
れお	蓮音
れお	澪音
れおと	蓮音
れおと	澪音
れおん	雨音
れおん	獅音
れおん	蓮音
れおん	澪音
れおん	莉央
れき	玲紀
れのん	蓮音
れんき	怜生
れんせい	怜生
れんと	琉翔
れんと	蓮音
ろい	路易
ろう	稜
ろう	朗
わく	湧
わこう	和幸
わたる	径
わたる	恒
わたる	航
わたる	済
わたる	渉
わたる	渡
わたる	弥
わたる	和
わたる	亘
